{
"parent": "item/handheld_rod",
"textures": {
    "layer0": "item/fishing_rod"
},


"overrides":
[
{"predicate": {"cast": 1},"model": "item/fishing_rod_cast"},

{"predicate": {"custom_model_data":50001},"model": "item/toolskins/atlantis/fishing_rod/fishing_rod"},
{"predicate": {"custom_model_data":50001,"cast": 1},"model": "item/toolskins/atlantis/fishing_rod/fishing_rod_cast"},

{"predicate": {"custom_model_data":50002},"model": "item/toolskins/celestial/fishing_rod/fishing_rod"},
{"predicate": {"custom_model_data":50002,"cast": 1},"model": "item/toolskins/celestial/fishing_rod/fishing_rod_cast"},

{"predicate": {"custom_model_data":50003},"model": "item/toolskins/crimson/fishing_rod/fishing_rod"},
{"predicate": {"custom_model_data":50003,"cast": 1},"model": "item/toolskins/crimson/fishing_rod/fishing_rod_cast"},

{"predicate": {"custom_model_data":50004},"model": "item/toolskins/devil/fishing_rod/fishing_rod"},
{"predicate": {"custom_model_data":50004,"cast": 1},"model": "item/toolskins/devil/fishing_rod/fishing_rod_cast"},

{"predicate": {"custom_model_data":50005},"model": "item/toolskins/emerald/fishing_rod/fishing_rod"},
{"predicate": {"custom_model_data":50005,"cast": 1},"model": "item/toolskins/emerald/fishing_rod/fishing_rod_cast"},

{"predicate": {"custom_model_data":50006},"model": "item/toolskins/halloween/fishing_rod/fishing_rod"},
{"predicate": {"custom_model_data":50006,"cast": 1},"model": "item/toolskins/halloween/fishing_rod/fishing_rod_cast"},

{"predicate": {"custom_model_data":50007},"model": "item/toolskins/heaven/fishing_rod/fishing_rod"},
{"predicate": {"custom_model_data":50007,"cast": 1},"model": "item/toolskins/heaven/fishing_rod/fishing_rod_cast"},

{"predicate": {"custom_model_data":50008},"model": "item/toolskins/monster/fishing_rod/fishing_rod"},
{"predicate": {"custom_model_data":50008,"cast": 1},"model": "item/toolskins/monster/fishing_rod/fishing_rod_cast"},

{"predicate": {"custom_model_data":50009},"model": "item/toolskins/moon/fishing_rod/fishing_rod"},
{"predicate": {"custom_model_data":50009,"cast": 1},"model": "item/toolskins/moon/fishing_rod/fishing_rod_cast"},

{"predicate": {"custom_model_data":50010},"model": "item/toolskins/mud/fishing_rod/fishing_rod"},
{"predicate": {"custom_model_data":50010,"cast": 1},"model": "item/toolskins/mud/fishing_rod/fishing_rod_cast"},

{"predicate": {"custom_model_data":50011},"model": "item/toolskins/nether/fishing_rod/fishing_rod"},
{"predicate": {"custom_model_data":50011,"cast": 1},"model": "item/toolskins/nether/fishing_rod/fishing_rod_cast"},

{"predicate": {"custom_model_data":50012},"model": "item/toolskins/panther/fishing_rod/fishing_rod"},
{"predicate": {"custom_model_data":50012,"cast": 1},"model": "item/toolskins/panther/fishing_rod/fishing_rod_cast"},

{"predicate": {"custom_model_data":50013},"model": "item/toolskins/pegasus/fishing_rod/fishing_rod"},
{"predicate": {"custom_model_data":50013,"cast": 1},"model": "item/toolskins/pegasus/fishing_rod/fishing_rod_cast"},

{"predicate": {"custom_model_data":50014},"model": "item/toolskins/radiant/fishing_rod/fishing_rod"},
{"predicate": {"custom_model_data":50014,"cast": 1},"model": "item/toolskins/radiant/fishing_rod/fishing_rod_cast"},

{"predicate": {"custom_model_data":50015},"model": "item/toolskins/thunder/fishing_rod/fishing_rod"},
{"predicate": {"custom_model_data":50015,"cast": 1},"model": "item/toolskins/thunder/fishing_rod/fishing_rod_cast"},

{"predicate": {"custom_model_data":50016},"model": "item/toolskins/twilight/fishing_rod/fishing_rod"},
{"predicate": {"custom_model_data":50016,"cast": 1},"model": "item/toolskins/twilight/fishing_rod/fishing_rod_cast"},

{"predicate": {"custom_model_data":50017},"model": "item/toolskins/warrior/fishing_rod/fishing_rod"},
{"predicate": {"custom_model_data":50017,"cast": 1},"model": "item/toolskins/warrior/fishing_rod/fishing_rod_cast"},

{"predicate": {"custom_model_data":50018},"model": "item/pilgrimset/fishing_rod"},
{"predicate": {"custom_model_data":50018,"cast": 1},"model": "item/pilgrimset/fishing_rod_cast"},

{"predicate": {"custom_model_data":50019},"model": "item/merrychristmas2024set/fishing_rod"},
{"predicate": {"custom_model_data":50019,"cast": 1},"model": "item/merrychristmas2024set/fishing_rod_cast"}



]
}