{
    "parent":"item/handheld",
    "textures":{
        "layer0":"item/netherite_sword"
    },
    "overrides":[
        { "predicate": { "custom_model_data": 50001}, "model": "item/toolskins/atlantis/sword"},
        { "predicate": { "custom_model_data": 50002}, "model": "item/toolskins/celestial/sword"},
        { "predicate": { "custom_model_data": 50003}, "model": "item/toolskins/crimson/sword"},
        { "predicate": { "custom_model_data": 50004}, "model": "item/toolskins/devil/sword"},
        { "predicate": { "custom_model_data": 50005}, "model": "item/toolskins/emerald/sword"},
        { "predicate": { "custom_model_data": 50006}, "model": "item/toolskins/halloween/sword"},
        { "predicate": { "custom_model_data": 50007}, "model": "item/toolskins/heaven/sword"},
        { "predicate": { "custom_model_data": 50008}, "model": "item/toolskins/monster/sword"},
        { "predicate": { "custom_model_data": 50009}, "model": "item/toolskins/moon/sword"},
        { "predicate": { "custom_model_data": 50010}, "model": "item/toolskins/mud/sword"},
        { "predicate": { "custom_model_data": 50011}, "model": "item/toolskins/nether/sword"},
        { "predicate": { "custom_model_data": 50012}, "model": "item/toolskins/panther/sword"},
        { "predicate": { "custom_model_data": 50013}, "model": "item/toolskins/pegasus/sword"},
        { "predicate": { "custom_model_data": 50014}, "model": "item/toolskins/radiant/sword"},
        { "predicate": { "custom_model_data": 50015}, "model": "item/toolskins/thunder/sword"},
        { "predicate": { "custom_model_data": 50016}, "model": "item/toolskins/twilight/sword"},
        { "predicate": { "custom_model_data": 50017}, "model": "item/toolskins/warrior/sword"},
        { "predicate": { "custom_model_data": 50018}, "model": "item/rgbset/sword"},
        { "predicate": { "custom_model_data": 50019}, "model": "item/pilgrimset/pitchfork"},
        { "predicate": { "custom_model_data": 50020}, "model": "item/pilgrimset/staff"},
        { "predicate": { "custom_model_data": 50021}, "model": "item/pilgrimset/sword"},
        { "predicate": { "custom_model_data": 50022}, "model": "item/merrychristmas2024set/greatsword"},
        { "predicate": { "custom_model_data": 50023}, "model": "item/merrychristmas2024set/hammer"},
        { "predicate": { "custom_model_data": 50024}, "model": "item/merrychristmas2024set/scythe"},
        { "predicate": { "custom_model_data": 50025}, "model": "item/merrychristmas2024set/spear"},
        { "predicate": { "custom_model_data": 50026}, "model": "item/merrychristmas2024set/staff"},
        { "predicate": { "custom_model_data": 50027}, "model": "item/merrychristmas2024set/sword"},
        { "predicate": { "custom_model_data": 50028}, "model": "item/merrychristmas2024set/trident"}
    ]
}