{
    "parent":"item/handheld",
    "textures":{
        "layer0":"item/netherite_shovel"
    },
    "overrides":[
        { "predicate": { "custom_model_data": 50001}, "model": "item/toolskins/atlantis/shovel"},
        { "predicate": { "custom_model_data": 50002}, "model": "item/toolskins/celestial/shovel"},
        { "predicate": { "custom_model_data": 50003}, "model": "item/toolskins/crimson/shovel"},
        { "predicate": { "custom_model_data": 50004}, "model": "item/toolskins/devil/shovel"},
        { "predicate": { "custom_model_data": 50005}, "model": "item/toolskins/emerald/shovel"},
        { "predicate": { "custom_model_data": 50006}, "model": "item/toolskins/halloween/shovel"},
        { "predicate": { "custom_model_data": 50007}, "model": "item/toolskins/heaven/shovel"},
        { "predicate": { "custom_model_data": 50008}, "model": "item/toolskins/monster/shovel"},
        { "predicate": { "custom_model_data": 50009}, "model": "item/toolskins/moon/shovel"},
        { "predicate": { "custom_model_data": 50010}, "model": "item/toolskins/mud/shovel"},
        { "predicate": { "custom_model_data": 50011}, "model": "item/toolskins/nether/shovel"},
        { "predicate": { "custom_model_data": 50012}, "model": "item/toolskins/panther/shovel"},
        { "predicate": { "custom_model_data": 50013}, "model": "item/toolskins/pegasus/shovel"},
        { "predicate": { "custom_model_data": 50014}, "model": "item/toolskins/radiant/shovel"},
        { "predicate": { "custom_model_data": 50015}, "model": "item/toolskins/thunder/shovel"},
        { "predicate": { "custom_model_data": 50016}, "model": "item/toolskins/twilight/shovel"},
        { "predicate": { "custom_model_data": 50017}, "model": "item/toolskins/warrior/shovel"},
        { "predicate": { "custom_model_data": 50018}, "model": "item/rgbset/shovel"}
    ]
}