{
    "parent":"item/handheld",
    "textures":{
        "layer0":"item/netherite_pickaxe"
    },
    "overrides":[
        { "predicate": { "custom_model_data": 50001}, "model": "item/toolskins/atlantis/pickaxe"},
        { "predicate": { "custom_model_data": 50002}, "model": "item/toolskins/celestial/pickaxe"},
        { "predicate": { "custom_model_data": 50003}, "model": "item/toolskins/crimson/pickaxe"},
        { "predicate": { "custom_model_data": 50004}, "model": "item/toolskins/devil/pickaxe"},
        { "predicate": { "custom_model_data": 50005}, "model": "item/toolskins/emerald/pickaxe"},
        { "predicate": { "custom_model_data": 50006}, "model": "item/toolskins/halloween/pickaxe"},
        { "predicate": { "custom_model_data": 50007}, "model": "item/toolskins/heaven/pickaxe"},
        { "predicate": { "custom_model_data": 50008}, "model": "item/toolskins/monster/pickaxe"},
        { "predicate": { "custom_model_data": 50009}, "model": "item/toolskins/moon/pickaxe"},
        { "predicate": { "custom_model_data": 50010}, "model": "item/toolskins/mud/pickaxe"},
        { "predicate": { "custom_model_data": 50011}, "model": "item/toolskins/nether/pickaxe"},
        { "predicate": { "custom_model_data": 50012}, "model": "item/toolskins/panther/pickaxe"},
        { "predicate": { "custom_model_data": 50013}, "model": "item/toolskins/pegasus/pickaxe"},
        { "predicate": { "custom_model_data": 50014}, "model": "item/toolskins/radiant/pickaxe"},
        { "predicate": { "custom_model_data": 50015}, "model": "item/toolskins/thunder/pickaxe"},
        { "predicate": { "custom_model_data": 50016}, "model": "item/toolskins/twilight/pickaxe"},
        { "predicate": { "custom_model_data": 50017}, "model": "item/toolskins/warrior/pickaxe"},
        { "predicate": { "custom_model_data": 50018}, "model": "item/rgbset/pickaxe"}
    ]
}