{
	"credit": "Made by PolygonMC",
	"texture_size": [24, 24],
	"textures": {
		"2": "item/rgbset/axe",
		"particle": "item/rgbset/axe"
	},
	"elements": [
		{
			"from": [7.5, 0, 7.5],
			"to": [8.5, 1, 8.5],
			"rotation": {"angle": 0, "axis": "y", "origin": [7.5, 0, 7.5]},
			"faces": {
				"north": {"uv": [8, 5.33333, 8.66667, 6], "texture": "#2"},
				"east": {"uv": [6, 8, 6.66667, 8.66667], "texture": "#2"},
				"south": {"uv": [8, 6, 8.66667, 6.66667], "texture": "#2"},
				"west": {"uv": [6.66667, 8, 7.33333, 8.66667], "texture": "#2"},
				"up": {"uv": [8.66667, 7.33333, 8, 6.66667], "texture": "#2"}
			}
		},
		{
			"from": [7.6, 1, 7.6],
			"to": [8.4, 3, 8.4],
			"rotation": {"angle": 0, "axis": "y", "origin": [7.5, 0, 7.5]},
			"faces": {
				"north": {"uv": [2, 4, 2.66667, 5.33333], "texture": "#2"},
				"east": {"uv": [0, 6.66667, 0.66667, 8], "texture": "#2"},
				"south": {"uv": [6.66667, 2.66667, 7.33333, 4], "texture": "#2"},
				"west": {"uv": [3.33333, 6.66667, 4, 8], "texture": "#2"}
			}
		},
		{
			"from": [7.6, 9, 7.6],
			"to": [8.4, 10, 8.4],
			"rotation": {"angle": 0, "axis": "y", "origin": [7.5, 8, 7.5]},
			"faces": {
				"north": {"uv": [6, 9.33333, 6.66667, 10], "texture": "#2"},
				"east": {"uv": [9.33333, 6, 10, 6.66667], "texture": "#2"},
				"south": {"uv": [6.66667, 9.33333, 7.33333, 10], "texture": "#2"},
				"west": {"uv": [9.33333, 6.66667, 10, 7.33333], "texture": "#2"}
			}
		},
		{
			"from": [7.4, -0.5, 7.4],
			"to": [8.6, 0, 8.6],
			"rotation": {"angle": 0, "axis": "y", "origin": [7.5, 0, 7.5]},
			"faces": {
				"north": {"uv": [9.33333, 7.33333, 10, 7.66667], "texture": "#2"},
				"east": {"uv": [8, 9.33333, 8.66667, 9.66667], "texture": "#2"},
				"south": {"uv": [9.33333, 8, 10, 8.33333], "texture": "#2"},
				"west": {"uv": [8.66667, 9.33333, 9.33333, 9.66667], "texture": "#2"},
				"up": {"uv": [8, 8.66667, 7.33333, 8], "texture": "#2"},
				"down": {"uv": [8.66667, 7.33333, 8, 8], "texture": "#2"}
			}
		},
		{
			"from": [7.5, 3, 7.5],
			"to": [8.5, 4, 8.5],
			"rotation": {"angle": 0, "axis": "y", "origin": [7.5, 16, 7.5]},
			"faces": {
				"north": {"uv": [8.66667, 0.66667, 9.33333, 1.33333], "texture": "#2"},
				"east": {"uv": [8.66667, 1.33333, 9.33333, 2], "texture": "#2"},
				"south": {"uv": [8.66667, 2, 9.33333, 2.66667], "texture": "#2"},
				"west": {"uv": [8.66667, 2.66667, 9.33333, 3.33333], "texture": "#2"},
				"down": {"uv": [9.33333, 3.33333, 8.66667, 4], "texture": "#2"}
			}
		},
		{
			"from": [7.4, 4, 7.4],
			"to": [8.6, 4.5, 8.6],
			"rotation": {"angle": 0, "axis": "y", "origin": [7.5, 16, 7.5]},
			"faces": {
				"north": {"uv": [9.33333, 8.66667, 10, 9], "texture": "#2"},
				"east": {"uv": [9.33333, 9.33333, 10, 9.66667], "texture": "#2"},
				"south": {"uv": [10, 0, 10.66667, 0.33333], "texture": "#2"},
				"west": {"uv": [0.66667, 10, 1.33333, 10.33333], "texture": "#2"},
				"up": {"uv": [8.66667, 8.66667, 8, 8], "texture": "#2"},
				"down": {"uv": [9.33333, 0, 8.66667, 0.66667], "texture": "#2"}
			}
		},
		{
			"from": [7.4, 8.5, 7.4],
			"to": [8.6, 9, 8.6],
			"rotation": {"angle": 0, "axis": "y", "origin": [8.5, 20.5, 7.5]},
			"faces": {
				"north": {"uv": [6.66667, 10, 7.33333, 10.33333], "texture": "#2"},
				"east": {"uv": [10, 6.66667, 10.66667, 7], "texture": "#2"},
				"south": {"uv": [7.33333, 10, 8, 10.33333], "texture": "#2"},
				"west": {"uv": [10, 7.33333, 10.66667, 7.66667], "texture": "#2"},
				"up": {"uv": [10, 5.33333, 9.33333, 4.66667], "texture": "#2"},
				"down": {"uv": [10, 5.33333, 9.33333, 6], "texture": "#2"}
			}
		},
		{
			"from": [7.5, -1.25, 7.5],
			"to": [8.5, -0.25, 8.5],
			"rotation": {"angle": -45, "axis": "x", "origin": [8, -0.75, 8]},
			"faces": {
				"north": {"uv": [8.66667, 4, 9.33333, 4.66667], "texture": "#2"},
				"east": {"uv": [8.66667, 4.66667, 9.33333, 5.33333], "texture": "#2"},
				"south": {"uv": [8.66667, 5.33333, 9.33333, 6], "texture": "#2"},
				"west": {"uv": [6, 8.66667, 6.66667, 9.33333], "texture": "#2"},
				"up": {"uv": [9.33333, 6.66667, 8.66667, 6], "texture": "#2"},
				"down": {"uv": [7.33333, 8.66667, 6.66667, 9.33333], "texture": "#2"}
			}
		},
		{
			"from": [7.5, 9.25, 7.5],
			"to": [8.5, 11.25, 9.5],
			"rotation": {"angle": -45, "axis": "x", "origin": [8, 9.75, 8]},
			"faces": {
				"north": {"uv": [4, 6.66667, 4.66667, 8], "texture": "#2"},
				"east": {"uv": [0, 2.66667, 1.33333, 4], "texture": "#2"},
				"south": {"uv": [6.66667, 4, 7.33333, 5.33333], "texture": "#2"},
				"west": {"uv": [1.33333, 2.66667, 2.66667, 4], "texture": "#2"},
				"up": {"uv": [5.33333, 8, 4.66667, 6.66667], "texture": "#2"},
				"down": {"uv": [6, 6.66667, 5.33333, 8], "texture": "#2"}
			}
		},
		{
			"from": [7.25, 9.5, 7.75],
			"to": [8.75, 11, 9.25],
			"rotation": {"angle": -45, "axis": "x", "origin": [8, 9.75, 8]},
			"faces": {
				"north": {"uv": [2, 5.33333, 3, 6.33333], "texture": "#2"},
				"east": {"uv": [3.33333, 5.33333, 4.33333, 6.33333], "texture": "#2"},
				"south": {"uv": [4.66667, 5.33333, 5.66667, 6.33333], "texture": "#2"},
				"west": {"uv": [0.66667, 6, 1.66667, 7], "texture": "#2"},
				"up": {"uv": [7, 6.33333, 6, 5.33333], "texture": "#2"},
				"down": {"uv": [3, 6.66667, 2, 7.66667], "texture": "#2"}
			}
		},
		{
			"from": [7.75, 9.25, 6],
			"to": [8.25, 11.25, 7],
			"rotation": {"angle": 0, "axis": "y", "origin": [7.5, 9.25, 5]},
			"faces": {
				"north": {"uv": [8.66667, 6.66667, 9, 8], "texture": "#2"},
				"east": {"uv": [6, 6.66667, 6.66667, 8], "texture": "#2"},
				"south": {"uv": [7.33333, 8.66667, 7.66667, 10], "texture": "#2"},
				"west": {"uv": [6.66667, 6.66667, 7.33333, 8], "texture": "#2"}
			}
		},
		{
			"from": [7.7485, 10.60355, 6.56066],
			"to": [8.2515, 11.60355, 7.56066],
			"rotation": {"angle": 45, "axis": "x", "origin": [7.9985, 11.60355, 7.06066]},
			"faces": {
				"north": {"uv": [10, 0.66667, 10.33333, 1.33333], "texture": "#2"},
				"east": {"uv": [8, 8.66667, 8.66667, 9.33333], "texture": "#2"},
				"west": {"uv": [8.66667, 8, 9.33333, 8.66667], "texture": "#2"},
				"up": {"uv": [1.66667, 10.66667, 1.33333, 10], "texture": "#2"},
				"down": {"uv": [10.33333, 1.33333, 10, 2], "texture": "#2"}
			}
		},
		{
			"from": [7.7485, 8.60355, 6.56066],
			"to": [8.2515, 9.35355, 7.56066],
			"rotation": {"angle": 45, "axis": "x", "origin": [7.9985, 9.60355, 7.06066]},
			"faces": {
				"north": {"uv": [10, 2, 10.33333, 2.66667], "texture": "#2"},
				"east": {"uv": [8.66667, 8.66667, 9.33333, 9.33333], "texture": "#2"},
				"south": {"uv": [10, 2.66667, 10.33333, 3.33333], "texture": "#2"},
				"west": {"uv": [9.33333, 0, 10, 0.66667], "texture": "#2"},
				"up": {"uv": [3.66667, 10.66667, 3.33333, 10], "texture": "#2"},
				"down": {"uv": [10.33333, 3.33333, 10, 4], "texture": "#2"}
			}
		},
		{
			"from": [7.68814, 11.69901, 4.70963],
			"to": [8.31186, 12.93901, 5.69963],
			"rotation": {"angle": -45, "axis": "x", "origin": [7.99814, 12.93901, 5.07963]},
			"faces": {
				"north": {"uv": [5.33333, 10, 5.66667, 10.66667], "texture": "#2"},
				"east": {"uv": [9.33333, 2, 10, 2.66667], "texture": "#2"},
				"south": {"uv": [10, 5.33333, 10.33333, 6], "texture": "#2"},
				"west": {"uv": [9.33333, 2.66667, 10, 3.33333], "texture": "#2"},
				"up": {"uv": [6.33333, 10.66667, 6, 10], "texture": "#2"},
				"down": {"uv": [10.33333, 6, 10, 6.66667], "texture": "#2"}
			}
		},
		{
			"from": [7.69, 10.02061, 5.15485],
			"to": [8.31, 12.50061, 6.39485],
			"rotation": {"angle": 0, "axis": "y", "origin": [7.38, 10.02061, 7.63485]},
			"faces": {
				"north": {"uv": [4.66667, 8, 5, 9.66667], "texture": "#2"},
				"east": {"uv": [0.66667, 4, 1.33333, 5.66667], "texture": "#2"},
				"south": {"uv": [5.33333, 8, 5.66667, 9.66667], "texture": "#2"},
				"west": {"uv": [1.33333, 4, 2, 5.66667], "texture": "#2"}
			}
		},
		{
			"from": [7.68814, 9.21901, 4.45963],
			"to": [8.31186, 10.14901, 5.69963],
			"rotation": {"angle": -45, "axis": "x", "origin": [7.99814, 10.45901, 5.07963]},
			"faces": {
				"north": {"uv": [4, 10, 4.33333, 10.66667], "texture": "#2"},
				"east": {"uv": [9.33333, 0.66667, 10, 1.33333], "texture": "#2"},
				"south": {"uv": [10, 4, 10.33333, 4.66667], "texture": "#2"},
				"west": {"uv": [9.33333, 1.33333, 10, 2], "texture": "#2"},
				"up": {"uv": [5, 10.66667, 4.66667, 10], "texture": "#2"},
				"down": {"uv": [10.33333, 4.66667, 10, 5.33333], "texture": "#2"}
			}
		},
		{
			"from": [7.5, 4.5, 7.5],
			"to": [8.5, 8.5, 8.5],
			"rotation": {"angle": 0, "axis": "y", "origin": [7.5, 4.5, 7.5]},
			"faces": {
				"north": {"uv": [4.66667, 0, 4, 2.66667], "texture": "#2"},
				"east": {"uv": [4, 0, 4.66667, 2.66667], "texture": "#2"},
				"south": {"uv": [4.66667, 0, 4, 2.66667], "texture": "#2"},
				"west": {"uv": [4, 0, 4.66667, 2.66667], "texture": "#2"},
				"up": {"uv": [10, 4, 9.33333, 3.33333], "texture": "#2"},
				"down": {"uv": [10, 4, 9.33333, 4.66667], "texture": "#2"}
			}
		},
		{
			"from": [7.65, 14.15, 1.95],
			"to": [8.35, 15.15, 5.95],
			"rotation": {"angle": 22.5, "axis": "x", "origin": [7.25, 14.15, 1.95]},
			"faces": {
				"north": {"uv": [8, 10, 8.33333, 10.66667], "texture": "#2"},
				"east": {"uv": [4, 2.66667, 6.66667, 3.33333], "texture": "#2"},
				"south": {"uv": [10, 8, 10.33333, 8.66667], "texture": "#2"},
				"west": {"uv": [4, 3.33333, 6.66667, 4], "texture": "#2"},
				"up": {"uv": [7.66667, 2.66667, 7.33333, 0], "texture": "#2"},
				"down": {"uv": [1, 7.33333, 0.66667, 10], "texture": "#2"}
			}
		},
		{
			"from": [7.7535, 13.22612, 1.81732],
			"to": [8.2465, 14.22612, 5.56732],
			"rotation": {"angle": 22.5, "axis": "x", "origin": [7.2535, 13.22612, 1.56732]},
			"faces": {
				"north": {"uv": [8.66667, 10, 9, 10.66667], "texture": "#2"},
				"east": {"uv": [4.66667, 0.66667, 7, 1.33333], "texture": "#2"},
				"south": {"uv": [10, 8.66667, 10.33333, 9.33333], "texture": "#2"},
				"west": {"uv": [4.66667, 1.33333, 7, 2], "texture": "#2"},
				"up": {"uv": [8.33333, 2.33333, 8, 0], "texture": "#2"},
				"down": {"uv": [2.33333, 8, 2, 10.33333], "texture": "#2"}
			}
		},
		{
			"from": [7.65, 7.3609, 1.95],
			"to": [8.35, 8.3609, 5.95],
			"rotation": {"angle": -22.5, "axis": "x", "origin": [7.25, 8.3609, 1.95]},
			"faces": {
				"north": {"uv": [10, 10, 10.33333, 10.66667], "texture": "#2"},
				"east": {"uv": [4, 4, 6.66667, 4.66667], "texture": "#2"},
				"south": {"uv": [0, 10.66667, 0.33333, 11.33333], "texture": "#2"},
				"west": {"uv": [4.66667, 0, 7.33333, 0.66667], "texture": "#2"},
				"up": {"uv": [1.66667, 10, 1.33333, 7.33333], "texture": "#2"},
				"down": {"uv": [7.66667, 2.66667, 7.33333, 5.33333], "texture": "#2"}
			}
		},
		{
			"from": [7.7535, 8.28478, 1.81732],
			"to": [8.2465, 9.28478, 5.56732],
			"rotation": {"angle": -22.5, "axis": "x", "origin": [7.2535, 9.28478, 1.56732]},
			"faces": {
				"north": {"uv": [9.33333, 10, 9.66667, 10.66667], "texture": "#2"},
				"east": {"uv": [4.66667, 2, 7, 2.66667], "texture": "#2"},
				"south": {"uv": [10, 9.33333, 10.33333, 10], "texture": "#2"},
				"west": {"uv": [4, 4.66667, 6.33333, 5.33333], "texture": "#2"},
				"up": {"uv": [3, 10.33333, 2.66667, 8], "texture": "#2"},
				"down": {"uv": [8.33333, 2.66667, 8, 5], "texture": "#2"}
			}
		},
		{
			"from": [7.757, 9.38045, 1.79829],
			"to": [8.243, 13.13045, 4.77329],
			"rotation": {"angle": 0, "axis": "x", "origin": [8.0035, 13.63045, 3.92329]},
			"faces": {
				"north": {"uv": [7.33333, 5.33333, 7.66667, 8], "texture": "#2"},
				"east": {"uv": [0, 0, 2, 2.66667], "texture": "#2"},
				"south": {"uv": [0, 8, 0.33333, 10.66667], "texture": "#2"},
				"west": {"uv": [2, 0, 4, 2.66667], "texture": "#2"},
				"up": {"uv": [3.66667, 10, 3.33333, 8], "texture": "#2"},
				"down": {"uv": [4.33333, 8, 4, 10], "texture": "#2"}
			}
		},
		{
			"from": [7.75, 9.25, 9],
			"to": [8.25, 11.25, 10],
			"rotation": {"angle": 0, "axis": "y", "origin": [7.5, 9.25, 11]},
			"faces": {
				"north": {"uv": [7.66667, 8.66667, 7.33333, 10], "texture": "#2"},
				"east": {"uv": [6.66667, 6.66667, 6, 8], "texture": "#2"},
				"south": {"uv": [9, 6.66667, 8.66667, 8], "texture": "#2"},
				"west": {"uv": [7.33333, 6.66667, 6.66667, 8], "texture": "#2"}
			}
		},
		{
			"from": [7.7485, 10.60355, 8.43934],
			"to": [8.2515, 11.60355, 9.43934],
			"rotation": {"angle": -45, "axis": "x", "origin": [7.9985, 11.60355, 8.93934]},
			"faces": {
				"east": {"uv": [8.66667, 8.66667, 8, 9.33333], "texture": "#2"},
				"south": {"uv": [10.33333, 0.66667, 10, 1.33333], "texture": "#2"},
				"west": {"uv": [9.33333, 8, 8.66667, 8.66667], "texture": "#2"},
				"up": {"uv": [1.66667, 10, 1.33333, 10.66667], "texture": "#2"},
				"down": {"uv": [10.33333, 2, 10, 1.33333], "texture": "#2"}
			}
		},
		{
			"from": [7.7485, 8.60355, 8.43934],
			"to": [8.2515, 9.35355, 9.43934],
			"rotation": {"angle": -45, "axis": "x", "origin": [7.9985, 9.60355, 8.93934]},
			"faces": {
				"north": {"uv": [10.33333, 2.66667, 10, 3.33333], "texture": "#2"},
				"east": {"uv": [9.33333, 8.66667, 8.66667, 9.33333], "texture": "#2"},
				"south": {"uv": [10.33333, 2, 10, 2.66667], "texture": "#2"},
				"west": {"uv": [10, 0, 9.33333, 0.66667], "texture": "#2"},
				"up": {"uv": [3.66667, 10, 3.33333, 10.66667], "texture": "#2"},
				"down": {"uv": [10.33333, 4, 10, 3.33333], "texture": "#2"}
			}
		},
		{
			"from": [7.68814, 9.21901, 10.30037],
			"to": [8.31186, 10.14901, 11.54037],
			"rotation": {"angle": 45, "axis": "x", "origin": [7.99814, 10.45901, 10.92037]},
			"faces": {
				"north": {"uv": [10.33333, 4, 10, 4.66667], "texture": "#2"},
				"east": {"uv": [10, 0.66667, 9.33333, 1.33333], "texture": "#2"},
				"south": {"uv": [4.33333, 10, 4, 10.66667], "texture": "#2"},
				"west": {"uv": [10, 1.33333, 9.33333, 2], "texture": "#2"},
				"up": {"uv": [5, 10, 4.66667, 10.66667], "texture": "#2"},
				"down": {"uv": [10.33333, 5.33333, 10, 4.66667], "texture": "#2"}
			}
		},
		{
			"from": [7.69, 10.02061, 9.60515],
			"to": [8.31, 12.50061, 10.84515],
			"rotation": {"angle": 0, "axis": "y", "origin": [7.38, 10.02061, 8.36515]},
			"faces": {
				"north": {"uv": [5.66667, 8, 5.33333, 9.66667], "texture": "#2"},
				"east": {"uv": [1.33333, 4, 0.66667, 5.66667], "texture": "#2"},
				"south": {"uv": [5, 8, 4.66667, 9.66667], "texture": "#2"},
				"west": {"uv": [2, 4, 1.33333, 5.66667], "texture": "#2"}
			}
		},
		{
			"from": [7.68814, 11.69901, 10.30037],
			"to": [8.31186, 12.93901, 11.29037],
			"rotation": {"angle": 45, "axis": "x", "origin": [7.99814, 12.93901, 10.92037]},
			"faces": {
				"north": {"uv": [10.33333, 5.33333, 10, 6], "texture": "#2"},
				"east": {"uv": [10, 2, 9.33333, 2.66667], "texture": "#2"},
				"south": {"uv": [5.66667, 10, 5.33333, 10.66667], "texture": "#2"},
				"west": {"uv": [10, 2.66667, 9.33333, 3.33333], "texture": "#2"},
				"up": {"uv": [6.33333, 10, 6, 10.66667], "texture": "#2"},
				"down": {"uv": [10.33333, 6.66667, 10, 6], "texture": "#2"}
			}
		},
		{
			"from": [7.65, 14.15, 10.05],
			"to": [8.35, 15.15, 14.05],
			"rotation": {"angle": -22.5, "axis": "x", "origin": [7.25, 14.15, 14.05]},
			"faces": {
				"north": {"uv": [10.33333, 8, 10, 8.66667], "texture": "#2"},
				"east": {"uv": [6.66667, 2.66667, 4, 3.33333], "texture": "#2"},
				"south": {"uv": [8.33333, 10, 8, 10.66667], "texture": "#2"},
				"west": {"uv": [6.66667, 3.33333, 4, 4], "texture": "#2"},
				"up": {"uv": [7.66667, 0, 7.33333, 2.66667], "texture": "#2"},
				"down": {"uv": [1, 10, 0.66667, 7.33333], "texture": "#2"}
			}
		},
		{
			"from": [7.7535, 13.22612, 10.43268],
			"to": [8.2465, 14.22612, 14.18268],
			"rotation": {"angle": -22.5, "axis": "x", "origin": [7.2535, 13.22612, 14.43268]},
			"faces": {
				"north": {"uv": [10.33333, 8.66667, 10, 9.33333], "texture": "#2"},
				"east": {"uv": [7, 0.66667, 4.66667, 1.33333], "texture": "#2"},
				"south": {"uv": [9, 10, 8.66667, 10.66667], "texture": "#2"},
				"west": {"uv": [7, 1.33333, 4.66667, 2], "texture": "#2"},
				"up": {"uv": [8.33333, 0, 8, 2.33333], "texture": "#2"},
				"down": {"uv": [2.33333, 10.33333, 2, 8], "texture": "#2"}
			}
		},
		{
			"from": [7.7535, 8.28478, 10.43268],
			"to": [8.2465, 9.28478, 14.18268],
			"rotation": {"angle": 22.5, "axis": "x", "origin": [7.2535, 9.28478, 14.43268]},
			"faces": {
				"north": {"uv": [10.33333, 9.33333, 10, 10], "texture": "#2"},
				"east": {"uv": [7, 2, 4.66667, 2.66667], "texture": "#2"},
				"south": {"uv": [9.66667, 10, 9.33333, 10.66667], "texture": "#2"},
				"west": {"uv": [6.33333, 4.66667, 4, 5.33333], "texture": "#2"},
				"up": {"uv": [3, 8, 2.66667, 10.33333], "texture": "#2"},
				"down": {"uv": [8.33333, 5, 8, 2.66667], "texture": "#2"}
			}
		},
		{
			"from": [7.65, 7.3609, 10.05],
			"to": [8.35, 8.3609, 14.05],
			"rotation": {"angle": 22.5, "axis": "x", "origin": [7.25, 8.3609, 14.05]},
			"faces": {
				"north": {"uv": [0.33333, 10.66667, 0, 11.33333], "texture": "#2"},
				"east": {"uv": [6.66667, 4, 4, 4.66667], "texture": "#2"},
				"south": {"uv": [10.33333, 10, 10, 10.66667], "texture": "#2"},
				"west": {"uv": [7.33333, 0, 4.66667, 0.66667], "texture": "#2"},
				"up": {"uv": [1.66667, 7.33333, 1.33333, 10], "texture": "#2"},
				"down": {"uv": [7.66667, 5.33333, 7.33333, 2.66667], "texture": "#2"}
			}
		},
		{
			"from": [7.757, 9.38045, 11.22671],
			"to": [8.243, 13.13045, 14.20171],
			"rotation": {"angle": 0, "axis": "x", "origin": [8.0035, 13.63045, 12.07671]},
			"faces": {
				"north": {"uv": [0.33333, 8, 0, 10.66667], "texture": "#2"},
				"east": {"uv": [2, 0, 0, 2.66667], "texture": "#2"},
				"south": {"uv": [7.66667, 5.33333, 7.33333, 8], "texture": "#2"},
				"west": {"uv": [4, 0, 2, 2.66667], "texture": "#2"},
				"up": {"uv": [3.66667, 8, 3.33333, 10], "texture": "#2"},
				"down": {"uv": [4.33333, 10, 4, 8], "texture": "#2"}
			}
		}
	],
	"gui_light": "front",
	"display": {
		"thirdperson_righthand": {
			"translation": [0, 4, 1]
		},
		"thirdperson_lefthand": {
			"translation": [0, 4, 1]
		},
		"firstperson_righthand": {
			"rotation": [-10, 0, 0],
			"translation": [0, 4.25, 0]
		},
		"firstperson_lefthand": {
			"rotation": [-10, 0, 0],
			"translation": [0, 4.25, 0]
		},
		"ground": {
			"rotation": [-45, 0, 0],
			"translation": [0, 6, 0]
		},
		"gui": {
			"rotation": [90, -45, 90],
			"translation": [0.75, -0.75, 0]
		},
		"head": {
			"rotation": [0, 90, 0]
		},
		"fixed": {
			"rotation": [0, 90, 0],
			"translation": [0, 5.25, -1.25],
			"scale": [2.5, 2.5, 2.5]
		}
	}
}