{
	"credit": "Made by PolygonMC",
	"textures": {
		"3": "item/rgbset/hoe"
	},
	"elements": [
		{
			"from": [7.5, 0, 7.5],
			"to": [8.5, 1, 8.5],
			"rotation": {"angle": 0, "axis": "y", "origin": [7.5, 0, 7.5]},
			"faces": {
				"north": {"uv": [7, 5, 8, 6], "texture": "#3"},
				"east": {"uv": [8, 7, 9, 8], "texture": "#3"},
				"south": {"uv": [9, 4, 10, 5], "texture": "#3"},
				"west": {"uv": [11, 7, 12, 8], "texture": "#3"},
				"up": {"uv": [10, 12, 9, 11], "texture": "#3"}
			}
		},
		{
			"from": [7.6, 1, 7.6],
			"to": [8.4, 3, 8.4],
			"rotation": {"angle": 0, "axis": "y", "origin": [7.5, 0, 7.5]},
			"faces": {
				"north": {"uv": [3, 7, 4, 9], "texture": "#3"},
				"east": {"uv": [0, 8, 1, 10], "texture": "#3"},
				"south": {"uv": [9, 0, 10, 2], "texture": "#3"},
				"west": {"uv": [1, 9, 2, 11], "texture": "#3"}
			}
		},
		{
			"from": [7.6, 9, 7.6],
			"to": [8.4, 10, 8.4],
			"rotation": {"angle": 0, "axis": "y", "origin": [7.5, 8, 7.5]},
			"faces": {
				"north": {"uv": [10, 11, 11, 12], "texture": "#3"},
				"east": {"uv": [11, 11, 12, 12], "texture": "#3"},
				"south": {"uv": [12, 1, 13, 2], "texture": "#3"},
				"west": {"uv": [2, 12, 3, 13], "texture": "#3"}
			}
		},
		{
			"from": [7.4, -0.5, 7.4],
			"to": [8.6, 0, 8.6],
			"rotation": {"angle": 0, "axis": "y", "origin": [7.5, 0, 7.5]},
			"faces": {
				"north": {"uv": [13, 11, 14, 11.5], "texture": "#3"},
				"east": {"uv": [12, 13, 13, 13.5], "texture": "#3"},
				"south": {"uv": [13, 12, 14, 12.5], "texture": "#3"},
				"west": {"uv": [13, 13, 14, 13.5], "texture": "#3"},
				"up": {"uv": [13, 3, 12, 2], "texture": "#3"},
				"down": {"uv": [4, 12, 3, 13], "texture": "#3"}
			}
		},
		{
			"from": [7.5, 3, 7.5],
			"to": [8.5, 4, 8.5],
			"rotation": {"angle": 0, "axis": "y", "origin": [7.5, 16, 7.5]},
			"faces": {
				"north": {"uv": [12, 3, 13, 4], "texture": "#3"},
				"east": {"uv": [4, 12, 5, 13], "texture": "#3"},
				"south": {"uv": [12, 4, 13, 5], "texture": "#3"},
				"west": {"uv": [5, 12, 6, 13], "texture": "#3"},
				"down": {"uv": [13, 5, 12, 6], "texture": "#3"}
			}
		},
		{
			"from": [7.4, 4, 7.4],
			"to": [8.6, 4.5, 8.6],
			"rotation": {"angle": 0, "axis": "y", "origin": [7.5, 16, 7.5]},
			"faces": {
				"north": {"uv": [0, 14, 1, 14.5], "texture": "#3"},
				"east": {"uv": [14, 0, 15, 0.5], "texture": "#3"},
				"south": {"uv": [1, 14, 2, 14.5], "texture": "#3"},
				"west": {"uv": [14, 1, 15, 1.5], "texture": "#3"},
				"up": {"uv": [13, 7, 12, 6], "texture": "#3"},
				"down": {"uv": [13, 7, 12, 8], "texture": "#3"}
			}
		},
		{
			"from": [7.4, 8.5, 7.4],
			"to": [8.6, 9, 8.6],
			"rotation": {"angle": 0, "axis": "y", "origin": [8.5, 20.5, 7.5]},
			"faces": {
				"north": {"uv": [14, 2, 15, 2.5], "texture": "#3"},
				"east": {"uv": [3, 14, 4, 14.5], "texture": "#3"},
				"south": {"uv": [14, 3, 15, 3.5], "texture": "#3"},
				"west": {"uv": [4, 14, 5, 14.5], "texture": "#3"},
				"up": {"uv": [13, 9, 12, 8], "texture": "#3"},
				"down": {"uv": [10, 12, 9, 13], "texture": "#3"}
			}
		},
		{
			"from": [7.5, -1.25, 7.5],
			"to": [8.5, -0.25, 8.5],
			"rotation": {"angle": -45, "axis": "x", "origin": [8, -0.75, 8]},
			"faces": {
				"north": {"uv": [12, 9, 13, 10], "texture": "#3"},
				"east": {"uv": [10, 12, 11, 13], "texture": "#3"},
				"south": {"uv": [12, 10, 13, 11], "texture": "#3"},
				"west": {"uv": [11, 12, 12, 13], "texture": "#3"},
				"up": {"uv": [13, 12, 12, 11], "texture": "#3"},
				"down": {"uv": [13, 12, 12, 13], "texture": "#3"}
			}
		},
		{
			"from": [7.5, 9.25, 7.5],
			"to": [8.5, 11.25, 9.5],
			"rotation": {"angle": -45, "axis": "x", "origin": [8, 9.75, 8]},
			"faces": {
				"north": {"uv": [2, 9, 3, 11], "texture": "#3"},
				"east": {"uv": [0, 0, 2, 2], "texture": "#3"},
				"south": {"uv": [9, 2, 10, 4], "texture": "#3"},
				"west": {"uv": [0, 2, 2, 4], "texture": "#3"},
				"up": {"uv": [4, 11, 3, 9], "texture": "#3"},
				"down": {"uv": [5, 9, 4, 11], "texture": "#3"}
			}
		},
		{
			"from": [7.25, 9.5, 7.75],
			"to": [8.75, 11, 9.25],
			"rotation": {"angle": -45, "axis": "x", "origin": [8, 9.75, 8]},
			"faces": {
				"north": {"uv": [6, 6, 7.5, 7.5], "texture": "#3"},
				"east": {"uv": [1, 7, 2.5, 8.5], "texture": "#3"},
				"south": {"uv": [7, 3, 8.5, 4.5], "texture": "#3"},
				"west": {"uv": [5, 8, 6.5, 9.5], "texture": "#3"},
				"up": {"uv": [9.5, 6.5, 8, 5], "texture": "#3"},
				"down": {"uv": [8.5, 8, 7, 9.5], "texture": "#3"}
			}
		},
		{
			"from": [7.75, 9.25, 6],
			"to": [8.25, 11.25, 7],
			"rotation": {"angle": 0, "axis": "y", "origin": [7.5, 9.25, 5]},
			"faces": {
				"north": {"uv": [13, 0, 13.5, 2], "texture": "#3"},
				"east": {"uv": [9, 7, 10, 9], "texture": "#3"},
				"south": {"uv": [2, 13, 2.5, 15], "texture": "#3"},
				"west": {"uv": [9, 9, 10, 11], "texture": "#3"}
			}
		},
		{
			"from": [7.7485, 10.60355, 6.56066],
			"to": [8.2515, 11.60355, 7.56066],
			"rotation": {"angle": 45, "axis": "x", "origin": [7.9985, 11.60355, 7.06066]},
			"faces": {
				"north": {"uv": [14, 4, 14.5, 5], "texture": "#3"},
				"east": {"uv": [13, 2, 14, 3], "texture": "#3"},
				"west": {"uv": [3, 13, 4, 14], "texture": "#3"},
				"up": {"uv": [5.5, 15, 5, 14], "texture": "#3"},
				"down": {"uv": [14.5, 5, 14, 6], "texture": "#3"}
			}
		},
		{
			"from": [7.7485, 8.60355, 6.56066],
			"to": [8.2515, 9.35355, 7.56066],
			"rotation": {"angle": 45, "axis": "x", "origin": [7.9985, 9.60355, 7.06066]},
			"faces": {
				"north": {"uv": [6, 14, 6.5, 15], "texture": "#3"},
				"east": {"uv": [13, 3, 14, 4], "texture": "#3"},
				"south": {"uv": [14, 6, 14.5, 7], "texture": "#3"},
				"west": {"uv": [4, 13, 5, 14], "texture": "#3"},
				"up": {"uv": [7.5, 15, 7, 14], "texture": "#3"},
				"down": {"uv": [14.5, 7, 14, 8], "texture": "#3"}
			}
		},
		{
			"from": [7.7485, 10.60355, 8.43934],
			"to": [8.2515, 11.60355, 9.43934],
			"rotation": {"angle": -45, "axis": "x", "origin": [7.9985, 11.60355, 8.93934]},
			"faces": {
				"east": {"uv": [14, 2, 13, 3], "texture": "#3"},
				"south": {"uv": [14.5, 4, 14, 5], "texture": "#3"},
				"west": {"uv": [4, 13, 3, 14], "texture": "#3"},
				"up": {"uv": [5.5, 14, 5, 15], "texture": "#3"},
				"down": {"uv": [14.5, 6, 14, 5], "texture": "#3"}
			}
		},
		{
			"from": [7.75, 9.25, 9],
			"to": [8.25, 11.25, 10],
			"rotation": {"angle": 0, "axis": "y", "origin": [7.5, 9.25, 11]},
			"faces": {
				"north": {"uv": [2.5, 13, 2, 15], "texture": "#3"},
				"east": {"uv": [10, 7, 9, 9], "texture": "#3"},
				"south": {"uv": [13.5, 0, 13, 2], "texture": "#3"},
				"west": {"uv": [10, 9, 9, 11], "texture": "#3"}
			}
		},
		{
			"from": [7.7485, 8.60355, 8.43934],
			"to": [8.2515, 9.35355, 9.43934],
			"rotation": {"angle": -45, "axis": "x", "origin": [7.9985, 9.60355, 8.93934]},
			"faces": {
				"north": {"uv": [14.5, 6, 14, 7], "texture": "#3"},
				"east": {"uv": [14, 3, 13, 4], "texture": "#3"},
				"south": {"uv": [6.5, 14, 6, 15], "texture": "#3"},
				"west": {"uv": [5, 13, 4, 14], "texture": "#3"},
				"up": {"uv": [7.5, 14, 7, 15], "texture": "#3"},
				"down": {"uv": [14.5, 8, 14, 7], "texture": "#3"}
			}
		},
		{
			"from": [7.68814, 11.69901, 4.70963],
			"to": [8.31186, 12.93901, 5.69963],
			"rotation": {"angle": -45, "axis": "x", "origin": [7.99814, 12.93901, 5.07963]},
			"faces": {
				"north": {"uv": [8, 14, 8.5, 15], "texture": "#3"},
				"east": {"uv": [13, 4, 14, 5], "texture": "#3"},
				"south": {"uv": [14, 8, 14.5, 9], "texture": "#3"},
				"west": {"uv": [5, 13, 6, 14], "texture": "#3"},
				"up": {"uv": [14.5, 10, 14, 9], "texture": "#3"},
				"down": {"uv": [14.5, 10, 14, 11], "texture": "#3"}
			}
		},
		{
			"from": [7.69, 10.02061, 5.15485],
			"to": [8.31, 12.50061, 6.39485],
			"rotation": {"angle": 0, "axis": "y", "origin": [7.38, 10.02061, 7.63485]},
			"faces": {
				"north": {"uv": [7, 11, 7.5, 13.5], "texture": "#3"},
				"east": {"uv": [6, 3, 7, 5.5], "texture": "#3"},
				"south": {"uv": [8, 11, 8.5, 13.5], "texture": "#3"},
				"west": {"uv": [4, 6, 5, 8.5], "texture": "#3"}
			}
		},
		{
			"from": [7.68814, 9.21901, 4.45963],
			"to": [8.31186, 10.14901, 5.69963],
			"rotation": {"angle": -45, "axis": "x", "origin": [7.99814, 10.45901, 5.07963]},
			"faces": {
				"north": {"uv": [14, 11, 14.5, 12], "texture": "#3"},
				"east": {"uv": [13, 5, 14, 6], "texture": "#3"},
				"south": {"uv": [12, 14, 12.5, 15], "texture": "#3"},
				"west": {"uv": [13, 6, 14, 7], "texture": "#3"},
				"up": {"uv": [14.5, 13, 14, 12], "texture": "#3"},
				"down": {"uv": [13.5, 14, 13, 15], "texture": "#3"}
			}
		},
		{
			"from": [7.68814, 11.69901, 10.30037],
			"to": [8.31186, 12.93901, 11.29037],
			"rotation": {"angle": 45, "axis": "x", "origin": [7.99814, 12.93901, 10.92037]},
			"faces": {
				"north": {"uv": [14.5, 8, 14, 9], "texture": "#3"},
				"east": {"uv": [14, 4, 13, 5], "texture": "#3"},
				"south": {"uv": [8.5, 14, 8, 15], "texture": "#3"},
				"west": {"uv": [6, 13, 5, 14], "texture": "#3"},
				"up": {"uv": [14.5, 9, 14, 10], "texture": "#3"},
				"down": {"uv": [14.5, 11, 14, 10], "texture": "#3"}
			}
		},
		{
			"from": [7.69, 10.02061, 9.60515],
			"to": [8.31, 12.50061, 10.84515],
			"rotation": {"angle": 0, "axis": "y", "origin": [7.38, 10.02061, 8.36515]},
			"faces": {
				"north": {"uv": [8.5, 11, 8, 13.5], "texture": "#3"},
				"east": {"uv": [7, 3, 6, 5.5], "texture": "#3"},
				"south": {"uv": [7.5, 11, 7, 13.5], "texture": "#3"},
				"west": {"uv": [5, 6, 4, 8.5], "texture": "#3"}
			}
		},
		{
			"from": [7.68814, 9.21901, 10.30037],
			"to": [8.31186, 10.14901, 11.54037],
			"rotation": {"angle": 45, "axis": "x", "origin": [7.99814, 10.45901, 10.92037]},
			"faces": {
				"north": {"uv": [12.5, 14, 12, 15], "texture": "#3"},
				"east": {"uv": [14, 5, 13, 6], "texture": "#3"},
				"south": {"uv": [14.5, 11, 14, 12], "texture": "#3"},
				"west": {"uv": [14, 6, 13, 7], "texture": "#3"},
				"up": {"uv": [14.5, 12, 14, 13], "texture": "#3"},
				"down": {"uv": [13.5, 15, 13, 14], "texture": "#3"}
			}
		},
		{
			"from": [7.5, 4.5, 7.5],
			"to": [8.5, 8.5, 8.5],
			"rotation": {"angle": 0, "axis": "y", "origin": [7.5, 4.5, 7.5]},
			"faces": {
				"north": {"uv": [2, 0, 3, 4], "texture": "#3"},
				"east": {"uv": [3, 0, 4, 4], "texture": "#3"},
				"south": {"uv": [0, 4, 1, 8], "texture": "#3"},
				"west": {"uv": [4, 0, 5, 4], "texture": "#3"}
			}
		},
		{
			"from": [7.65, 10.61071, 1.793],
			"to": [8.35, 11.61071, 5.793],
			"rotation": {"angle": -22.5, "axis": "x", "origin": [8, 10.61072, 3.8555]},
			"faces": {
				"north": {"uv": [14, 13, 14.5, 14], "texture": "#3"},
				"east": {"uv": [1, 4, 5, 5], "texture": "#3"},
				"south": {"uv": [14, 14, 14.5, 15], "texture": "#3"},
				"west": {"uv": [5, 0, 9, 1], "texture": "#3"},
				"up": {"uv": [0.5, 14, 0, 10], "texture": "#3"},
				"down": {"uv": [10.5, 0, 10, 4], "texture": "#3"}
			}
		},
		{
			"from": [7.662, 7.70621, 0.76389],
			"to": [8.338, 10.70621, 1.76389],
			"rotation": {"angle": 22.5, "axis": "x", "origin": [8.012, 8.70621, 1.26389]},
			"faces": {
				"north": {"uv": [1, 11, 1.5, 14], "texture": "#3"},
				"east": {"uv": [5, 2, 6, 5], "texture": "#3"},
				"south": {"uv": [11, 1, 11.5, 4], "texture": "#3"},
				"west": {"uv": [5, 5, 6, 8], "texture": "#3"},
				"down": {"uv": [15.5, 0, 15, 1], "texture": "#3"}
			}
		},
		{
			"from": [7.7535, 9.61072, 1.793],
			"to": [8.2465, 10.61072, 5.793],
			"rotation": {"angle": -22.5, "axis": "x", "origin": [8, 10.61072, 3.8555]},
			"faces": {
				"north": {"uv": [0, 15, 0.5, 16], "texture": "#3"},
				"east": {"uv": [1, 5, 5, 6], "texture": "#3"},
				"west": {"uv": [5, 1, 9, 2], "texture": "#3"},
				"down": {"uv": [10.5, 4, 10, 8], "texture": "#3"}
			}
		},
		{
			"from": [7.757, 9.04288, 0.80356],
			"to": [8.243, 9.96788, 2.30356],
			"rotation": {"angle": -45, "axis": "x", "origin": [8.0035, 9.46788, 2.30356]},
			"faces": {
				"east": {"uv": [2, 11, 3.5, 12], "texture": "#3"},
				"west": {"uv": [4, 11, 5.5, 12], "texture": "#3"},
				"down": {"uv": [11.5, 13, 11, 14.5], "texture": "#3"}
			}
		},
		{
			"from": [7.65, 11.47663, 10.29002],
			"to": [8.35, 12.47663, 12.29002],
			"rotation": {"angle": -22.5, "axis": "x", "origin": [8, 11.29895, 11.52783]},
			"faces": {
				"north": {"uv": [2, 15, 2.5, 16], "texture": "#3"},
				"east": {"uv": [10, 10, 12, 11], "texture": "#3"},
				"south": {"uv": [15, 2, 15.5, 3], "texture": "#3"},
				"west": {"uv": [11, 0, 13, 1], "texture": "#3"},
				"up": {"uv": [13.5, 11, 13, 9], "texture": "#3"},
				"down": {"uv": [10.5, 13, 10, 15], "texture": "#3"}
			}
		},
		{
			"from": [7.7535, 10.47663, 10.29002],
			"to": [8.2465, 11.47663, 12.29002],
			"rotation": {"angle": -22.5, "axis": "x", "origin": [8, 11.29895, 11.52783]},
			"faces": {
				"east": {"uv": [10, 8, 12, 9], "texture": "#3"},
				"south": {"uv": [15, 1, 15.5, 2], "texture": "#3"},
				"west": {"uv": [10, 9, 12, 10], "texture": "#3"},
				"down": {"uv": [9.5, 13, 9, 15], "texture": "#3"}
			}
		},
		{
			"from": [7.662, 11.67065, 11.23403],
			"to": [8.338, 12.67065, 14.23403],
			"rotation": {"angle": 22.5, "axis": "x", "origin": [8, 11.29895, 11.52783]},
			"faces": {
				"east": {"uv": [1, 6, 4, 7], "texture": "#3"},
				"south": {"uv": [1, 15, 1.5, 16], "texture": "#3"},
				"west": {"uv": [6, 2, 9, 3], "texture": "#3"},
				"up": {"uv": [11.5, 7, 11, 4], "texture": "#3"},
				"down": {"uv": [6.5, 11, 6, 14], "texture": "#3"}
			}
		},
		{
			"from": [7.757, 10.82978, 12.164],
			"to": [8.243, 11.75478, 13.664],
			"rotation": {"angle": 0, "axis": "x", "origin": [8, 11.29895, 11.52783]},
			"faces": {
				"east": {"uv": [5, 10, 7, 11], "texture": "#3"},
				"west": {"uv": [7, 10, 9, 11], "texture": "#3"},
				"down": {"uv": [13.5, 7, 13, 9], "texture": "#3"}
			}
		}
	],
	"gui_light": "front",
	"display": {
		"thirdperson_righthand": {
			"translation": [0, 4, 1]
		},
		"thirdperson_lefthand": {
			"translation": [0, 4, 1]
		},
		"firstperson_righthand": {
			"rotation": [-10, 0, 0],
			"translation": [0, 4.25, 0]
		},
		"firstperson_lefthand": {
			"rotation": [-10, 0, 0],
			"translation": [0, 4.25, 0]
		},
		"ground": {
			"rotation": [-45, 0, 0],
			"translation": [0, 6, 0]
		},
		"gui": {
			"rotation": [-90, 45, 90],
			"translation": [-0.5, 0.25, 0]
		},
		"head": {
			"rotation": [0, 90, 0]
		},
		"fixed": {
			"rotation": [0, -90, 0],
			"translation": [0, 5.25, -1.25],
			"scale": [2.5, 2.5, 2.5]
		}
	}
}