{
	"credit": "Made by PolygonMC",
	"textures": {
		"1": "item/rgbset/pickaxe"
	},
	"elements": [
		{
			"from": [7.5, 0, 7.5],
			"to": [8.5, 1, 8.5],
			"rotation": {"angle": 0, "axis": "y", "origin": [7.5, 0, 7.5]},
			"faces": {
				"north": {"uv": [9, 2, 10, 3], "texture": "#1"},
				"east": {"uv": [9, 3, 10, 4], "texture": "#1"},
				"south": {"uv": [4, 9, 5, 10], "texture": "#1"},
				"west": {"uv": [5, 9, 6, 10], "texture": "#1"},
				"up": {"uv": [7, 10, 6, 9], "texture": "#1"}
			}
		},
		{
			"from": [7.6, 1, 7.6],
			"to": [8.4, 3, 8.4],
			"rotation": {"angle": 0, "axis": "y", "origin": [7.5, 0, 7.5]},
			"faces": {
				"north": {"uv": [7, 0, 8, 2], "texture": "#1"},
				"east": {"uv": [1, 7, 2, 9], "texture": "#1"},
				"south": {"uv": [2, 7, 3, 9], "texture": "#1"},
				"west": {"uv": [7, 2, 8, 4], "texture": "#1"}
			}
		},
		{
			"from": [7.6, 9, 7.6],
			"to": [8.4, 10, 8.4],
			"rotation": {"angle": 0, "axis": "y", "origin": [7.5, 8, 7.5]},
			"faces": {
				"north": {"uv": [7, 9, 8, 10], "texture": "#1"},
				"east": {"uv": [9, 8, 10, 9], "texture": "#1"},
				"south": {"uv": [9, 9, 10, 10], "texture": "#1"},
				"west": {"uv": [0, 10, 1, 11], "texture": "#1"}
			}
		},
		{
			"from": [7.4, -0.5, 7.4],
			"to": [8.6, 0, 8.6],
			"rotation": {"angle": 0, "axis": "y", "origin": [7.5, 0, 7.5]},
			"faces": {
				"north": {"uv": [11, 12, 12, 12.5], "texture": "#1"},
				"east": {"uv": [12, 11, 13, 11.5], "texture": "#1"},
				"south": {"uv": [12, 12, 13, 12.5], "texture": "#1"},
				"west": {"uv": [0, 13, 1, 13.5], "texture": "#1"},
				"up": {"uv": [11, 1, 10, 0], "texture": "#1"},
				"down": {"uv": [11, 1, 10, 2], "texture": "#1"}
			}
		},
		{
			"from": [7.5, 3, 7.5],
			"to": [8.5, 4, 8.5],
			"rotation": {"angle": 0, "axis": "y", "origin": [7.5, 16, 7.5]},
			"faces": {
				"north": {"uv": [10, 2, 11, 3], "texture": "#1"},
				"east": {"uv": [3, 10, 4, 11], "texture": "#1"},
				"south": {"uv": [10, 3, 11, 4], "texture": "#1"},
				"west": {"uv": [4, 10, 5, 11], "texture": "#1"},
				"down": {"uv": [11, 4, 10, 5], "texture": "#1"}
			}
		},
		{
			"from": [7.4, 4, 7.4],
			"to": [8.6, 4.5, 8.6],
			"rotation": {"angle": 0, "axis": "y", "origin": [7.5, 16, 7.5]},
			"faces": {
				"north": {"uv": [13, 0, 14, 0.5], "texture": "#1"},
				"east": {"uv": [13, 1, 14, 1.5], "texture": "#1"},
				"south": {"uv": [13, 2, 14, 2.5], "texture": "#1"},
				"west": {"uv": [3, 13, 4, 13.5], "texture": "#1"},
				"up": {"uv": [6, 11, 5, 10], "texture": "#1"},
				"down": {"uv": [11, 5, 10, 6], "texture": "#1"}
			}
		},
		{
			"from": [7.4, 8.5, 7.4],
			"to": [8.6, 9, 8.6],
			"rotation": {"angle": 0, "axis": "y", "origin": [8.5, 20.5, 7.5]},
			"faces": {
				"north": {"uv": [4, 13, 5, 13.5], "texture": "#1"},
				"east": {"uv": [13, 4, 14, 4.5], "texture": "#1"},
				"south": {"uv": [5, 13, 6, 13.5], "texture": "#1"},
				"west": {"uv": [13, 5, 14, 5.5], "texture": "#1"},
				"up": {"uv": [7, 11, 6, 10], "texture": "#1"},
				"down": {"uv": [11, 6, 10, 7], "texture": "#1"}
			}
		},
		{
			"from": [7.5, -1.25, 7.5],
			"to": [8.5, -0.25, 8.5],
			"rotation": {"angle": -45, "axis": "x", "origin": [8, -0.75, 8]},
			"faces": {
				"north": {"uv": [7, 10, 8, 11], "texture": "#1"},
				"east": {"uv": [10, 7, 11, 8], "texture": "#1"},
				"south": {"uv": [8, 10, 9, 11], "texture": "#1"},
				"west": {"uv": [10, 8, 11, 9], "texture": "#1"},
				"up": {"uv": [10, 11, 9, 10], "texture": "#1"},
				"down": {"uv": [11, 9, 10, 10], "texture": "#1"}
			}
		},
		{
			"from": [7.5, 9.25, 7.5],
			"to": [8.5, 11.25, 9.5],
			"rotation": {"angle": -45, "axis": "x", "origin": [8, 9.75, 8]},
			"faces": {
				"north": {"uv": [7, 4, 8, 6], "texture": "#1"},
				"east": {"uv": [0, 0, 2, 2], "texture": "#1"},
				"south": {"uv": [7, 6, 8, 8], "texture": "#1"},
				"west": {"uv": [0, 2, 2, 4], "texture": "#1"},
				"up": {"uv": [1, 10, 0, 8], "texture": "#1"},
				"down": {"uv": [9, 0, 8, 2], "texture": "#1"}
			}
		},
		{
			"from": [7.25, 9.5, 7.75],
			"to": [8.75, 11, 9.25],
			"rotation": {"angle": -45, "axis": "x", "origin": [8, 9.75, 8]},
			"faces": {
				"north": {"uv": [3, 4, 4.5, 5.5], "texture": "#1"},
				"east": {"uv": [5, 0, 6.5, 1.5], "texture": "#1"},
				"south": {"uv": [5, 2, 6.5, 3.5], "texture": "#1"},
				"west": {"uv": [5, 4, 6.5, 5.5], "texture": "#1"},
				"up": {"uv": [4.5, 7.5, 3, 6], "texture": "#1"},
				"down": {"uv": [6.5, 6, 5, 7.5], "texture": "#1"}
			}
		},
		{
			"from": [7.75, 9.25, 6],
			"to": [8.25, 11.25, 7],
			"rotation": {"angle": 0, "axis": "y", "origin": [7.5, 9.25, 5]},
			"faces": {
				"north": {"uv": [10, 10, 10.5, 12], "texture": "#1"},
				"east": {"uv": [8, 2, 9, 4], "texture": "#1"},
				"south": {"uv": [0, 11, 0.5, 13], "texture": "#1"},
				"west": {"uv": [3, 8, 4, 10], "texture": "#1"}
			}
		},
		{
			"from": [7.7485, 10.60355, 6.56066],
			"to": [8.2515, 11.60355, 7.56066],
			"rotation": {"angle": 45, "axis": "x", "origin": [7.9985, 11.60355, 7.06066]},
			"faces": {
				"north": {"uv": [6, 13, 6.5, 14], "texture": "#1"},
				"east": {"uv": [11, 0, 12, 1], "texture": "#1"},
				"west": {"uv": [11, 1, 12, 2], "texture": "#1"},
				"up": {"uv": [13.5, 8, 13, 7], "texture": "#1"},
				"down": {"uv": [9.5, 13, 9, 14], "texture": "#1"}
			}
		},
		{
			"from": [7.7485, 8.60355, 6.56066],
			"to": [8.2515, 9.35355, 7.56066],
			"rotation": {"angle": 45, "axis": "x", "origin": [7.9985, 9.60355, 7.06066]},
			"faces": {
				"north": {"uv": [13, 9, 13.5, 10], "texture": "#1"},
				"east": {"uv": [11, 2, 12, 3], "texture": "#1"},
				"south": {"uv": [13, 10, 13.5, 11], "texture": "#1"},
				"west": {"uv": [3, 11, 4, 12], "texture": "#1"},
				"up": {"uv": [11.5, 14, 11, 13], "texture": "#1"},
				"down": {"uv": [13.5, 11, 13, 12], "texture": "#1"}
			}
		},
		{
			"from": [7.68814, 11.69901, 4.70963],
			"to": [8.31186, 12.93901, 5.69963],
			"rotation": {"angle": -45, "axis": "x", "origin": [7.99814, 12.93901, 5.07963]},
			"faces": {
				"north": {"uv": [12, 13, 12.5, 14], "texture": "#1"},
				"east": {"uv": [11, 3, 12, 4], "texture": "#1"},
				"south": {"uv": [13, 12, 13.5, 13], "texture": "#1"},
				"west": {"uv": [4, 11, 5, 12], "texture": "#1"},
				"up": {"uv": [13.5, 14, 13, 13], "texture": "#1"},
				"down": {"uv": [0.5, 14, 0, 15], "texture": "#1"}
			}
		},
		{
			"from": [7.69, 10.02061, 5.15485],
			"to": [8.31, 12.50061, 6.39485],
			"rotation": {"angle": 0, "axis": "y", "origin": [7.38, 10.02061, 7.63485]},
			"faces": {
				"north": {"uv": [1, 9, 1.5, 11.5], "texture": "#1"},
				"east": {"uv": [1, 4, 2, 6.5], "texture": "#1"},
				"south": {"uv": [2, 9, 2.5, 11.5], "texture": "#1"},
				"west": {"uv": [2, 4, 3, 6.5], "texture": "#1"}
			}
		},
		{
			"from": [7.68814, 9.21901, 4.45963],
			"to": [8.31186, 10.14901, 5.69963],
			"rotation": {"angle": -45, "axis": "x", "origin": [7.99814, 10.45901, 5.07963]},
			"faces": {
				"north": {"uv": [14, 0, 14.5, 1], "texture": "#1"},
				"east": {"uv": [11, 4, 12, 5], "texture": "#1"},
				"south": {"uv": [1, 14, 1.5, 15], "texture": "#1"},
				"west": {"uv": [5, 11, 6, 12], "texture": "#1"},
				"up": {"uv": [14.5, 2, 14, 1], "texture": "#1"},
				"down": {"uv": [2.5, 14, 2, 15], "texture": "#1"}
			}
		},
		{
			"from": [7.5, 4.5, 7.5],
			"to": [8.5, 8.5, 8.5],
			"rotation": {"angle": 0, "axis": "y", "origin": [7.5, 4.5, 7.5]},
			"faces": {
				"north": {"uv": [2, 0, 3, 4], "texture": "#1"},
				"east": {"uv": [3, 0, 4, 4], "texture": "#1"},
				"south": {"uv": [0, 4, 1, 8], "texture": "#1"},
				"west": {"uv": [4, 0, 5, 4], "texture": "#1"}
			}
		},
		{
			"from": [7.65, 9.86071, 3.793],
			"to": [8.35, 10.86071, 5.793],
			"rotation": {"angle": -22.5, "axis": "x", "origin": [8, 9.84483, 2.60142]},
			"faces": {
				"north": {"uv": [14, 2, 14.5, 3], "texture": "#1"},
				"east": {"uv": [4, 8, 6, 9], "texture": "#1"},
				"south": {"uv": [3, 14, 3.5, 15], "texture": "#1"},
				"west": {"uv": [8, 4, 10, 5], "texture": "#1"},
				"up": {"uv": [11.5, 7, 11, 5], "texture": "#1"},
				"down": {"uv": [6.5, 11, 6, 13], "texture": "#1"}
			}
		},
		{
			"from": [7.652, 10.3155, 1.69622],
			"to": [8.348, 11.3155, 3.69622],
			"rotation": {"angle": 0, "axis": "x", "origin": [8, 9.84483, 2.60142]},
			"faces": {
				"north": {"uv": [14, 3, 14.5, 4], "texture": "#1"},
				"east": {"uv": [8, 5, 10, 6], "texture": "#1"},
				"west": {"uv": [6, 8, 8, 9], "texture": "#1"},
				"up": {"uv": [11.5, 12, 11, 10], "texture": "#1"},
				"down": {"uv": [12.5, 0, 12, 2], "texture": "#1"}
			}
		},
		{
			"from": [7.6535, 10.52483, 1.00127],
			"to": [8.3465, 11.52483, 3.00127],
			"rotation": {"angle": -45, "axis": "x", "origin": [8, 9.84483, 2.60142]},
			"faces": {
				"north": {"uv": [4, 14, 4.5, 15], "texture": "#1"},
				"east": {"uv": [8, 6, 10, 7], "texture": "#1"},
				"west": {"uv": [8, 7, 10, 8], "texture": "#1"},
				"up": {"uv": [1.5, 14, 1, 12], "texture": "#1"},
				"down": {"uv": [2.5, 12, 2, 14], "texture": "#1"}
			}
		},
		{
			"from": [7.7535, 9.36072, 3.693],
			"to": [8.2465, 9.86072, 5.793],
			"rotation": {"angle": -22.5, "axis": "x", "origin": [8, 9.84483, 2.60142]},
			"faces": {
				"north": {"uv": [14, 6, 14.5, 6.5], "texture": "#1"},
				"east": {"uv": [7, 11, 9, 11.5], "texture": "#1"},
				"west": {"uv": [11, 7, 13, 7.5], "texture": "#1"},
				"up": {"uv": [11.5, 10, 11, 8], "texture": "#1"},
				"down": {"uv": [9.5, 11, 9, 13], "texture": "#1"}
			}
		},
		{
			"from": [7.757, 9.8153, 2.09517],
			"to": [8.243, 10.3153, 3.79517],
			"rotation": {"angle": 0, "axis": "x", "origin": [8, 9.84483, 2.60142]},
			"faces": {
				"north": {"uv": [7, 14, 7.5, 14.5], "texture": "#1"},
				"east": {"uv": [12, 3, 13.5, 3.5], "texture": "#1"},
				"west": {"uv": [4, 12, 5.5, 12.5], "texture": "#1"},
				"up": {"uv": [12.5, 5.5, 12, 4], "texture": "#1"},
				"down": {"uv": [7.5, 12, 7, 13.5], "texture": "#1"}
			}
		},
		{
			"from": [7.7585, 10.03547, 0.92612],
			"to": [8.2415, 10.53547, 2.57612],
			"rotation": {"angle": -45, "axis": "x", "origin": [8, 9.84483, 2.60142]},
			"faces": {
				"east": {"uv": [12, 6, 13.5, 6.5], "texture": "#1"},
				"west": {"uv": [12, 8, 13.5, 8.5], "texture": "#1"},
				"down": {"uv": [8.5, 12, 8, 13.5], "texture": "#1"}
			}
		},
		{
			"from": [7.7535, 8.26417, 0.3226],
			"to": [8.2465, 9.91417, 1.3226],
			"rotation": {"angle": 0, "axis": "x", "origin": [8, 9.84483, 2.60142]},
			"faces": {
				"north": {"uv": [12, 9, 12.5, 10.5], "texture": "#1"},
				"east": {"uv": [8, 8, 9, 9.5], "texture": "#1"},
				"south": {"uv": [10, 12, 10.5, 13.5], "texture": "#1"},
				"west": {"uv": [9, 0, 10, 1.5], "texture": "#1"},
				"down": {"uv": [14.5, 4, 14, 5], "texture": "#1"}
			}
		},
		{
			"from": [7.7585, 9.4385, -0.12765],
			"to": [8.2415, 10.3385, 0.62235],
			"rotation": {"angle": -45, "axis": "x", "origin": [8, 9.84483, 2.60142]},
			"faces": {
				"north": {"uv": [5, 14, 5.5, 15], "texture": "#1"},
				"east": {"uv": [12, 2, 13, 3], "texture": "#1"},
				"south": {"uv": [14, 5, 14.5, 6], "texture": "#1"},
				"west": {"uv": [3, 12, 4, 13], "texture": "#1"},
				"down": {"uv": [6.5, 14, 6, 15], "texture": "#1"}
			}
		},
		{
			"from": [7.75, 9.25, 9],
			"to": [8.25, 11.25, 10],
			"rotation": {"angle": 0, "axis": "y", "origin": [7.5, 9.25, 11]},
			"faces": {
				"north": {"uv": [0.5, 11, 0, 13], "texture": "#1"},
				"east": {"uv": [9, 2, 8, 4], "texture": "#1"},
				"south": {"uv": [10.5, 10, 10, 12], "texture": "#1"},
				"west": {"uv": [4, 8, 3, 10], "texture": "#1"}
			}
		},
		{
			"from": [7.7485, 10.60355, 8.43934],
			"to": [8.2515, 11.60355, 9.43934],
			"rotation": {"angle": -45, "axis": "x", "origin": [7.9985, 11.60355, 8.93934]},
			"faces": {
				"east": {"uv": [12, 0, 11, 1], "texture": "#1"},
				"south": {"uv": [6.5, 13, 6, 14], "texture": "#1"},
				"west": {"uv": [12, 1, 11, 2], "texture": "#1"},
				"up": {"uv": [13.5, 7, 13, 8], "texture": "#1"},
				"down": {"uv": [9.5, 14, 9, 13], "texture": "#1"}
			}
		},
		{
			"from": [7.7485, 8.60355, 8.43934],
			"to": [8.2515, 9.35355, 9.43934],
			"rotation": {"angle": -45, "axis": "x", "origin": [7.9985, 9.60355, 8.93934]},
			"faces": {
				"north": {"uv": [13.5, 10, 13, 11], "texture": "#1"},
				"east": {"uv": [12, 2, 11, 3], "texture": "#1"},
				"south": {"uv": [13.5, 9, 13, 10], "texture": "#1"},
				"west": {"uv": [4, 11, 3, 12], "texture": "#1"},
				"up": {"uv": [11.5, 13, 11, 14], "texture": "#1"},
				"down": {"uv": [13.5, 12, 13, 11], "texture": "#1"}
			}
		},
		{
			"from": [7.68814, 11.69901, 10.30037],
			"to": [8.31186, 12.93901, 11.29037],
			"rotation": {"angle": 45, "axis": "x", "origin": [7.99814, 12.93901, 10.92037]},
			"faces": {
				"north": {"uv": [13.5, 12, 13, 13], "texture": "#1"},
				"east": {"uv": [12, 3, 11, 4], "texture": "#1"},
				"south": {"uv": [12.5, 13, 12, 14], "texture": "#1"},
				"west": {"uv": [5, 11, 4, 12], "texture": "#1"},
				"up": {"uv": [13.5, 13, 13, 14], "texture": "#1"},
				"down": {"uv": [0.5, 15, 0, 14], "texture": "#1"}
			}
		},
		{
			"from": [7.69, 10.02061, 9.60515],
			"to": [8.31, 12.50061, 10.84515],
			"rotation": {"angle": 0, "axis": "y", "origin": [7.38, 10.02061, 8.36515]},
			"faces": {
				"north": {"uv": [2.5, 9, 2, 11.5], "texture": "#1"},
				"east": {"uv": [2, 4, 1, 6.5], "texture": "#1"},
				"south": {"uv": [1.5, 9, 1, 11.5], "texture": "#1"},
				"west": {"uv": [3, 4, 2, 6.5], "texture": "#1"}
			}
		},
		{
			"from": [7.68814, 9.21901, 10.30037],
			"to": [8.31186, 10.14901, 11.54037],
			"rotation": {"angle": 45, "axis": "x", "origin": [7.99814, 10.45901, 10.92037]},
			"faces": {
				"north": {"uv": [1.5, 14, 1, 15], "texture": "#1"},
				"east": {"uv": [12, 4, 11, 5], "texture": "#1"},
				"south": {"uv": [14.5, 0, 14, 1], "texture": "#1"},
				"west": {"uv": [6, 11, 5, 12], "texture": "#1"},
				"up": {"uv": [14.5, 1, 14, 2], "texture": "#1"},
				"down": {"uv": [2.5, 15, 2, 14], "texture": "#1"}
			}
		},
		{
			"from": [7.65, 9.86071, 10.207],
			"to": [8.35, 10.86071, 12.207],
			"rotation": {"angle": 22.5, "axis": "x", "origin": [8, 9.84483, 13.39858]},
			"faces": {
				"north": {"uv": [3.5, 14, 3, 15], "texture": "#1"},
				"east": {"uv": [6, 8, 4, 9], "texture": "#1"},
				"south": {"uv": [14.5, 2, 14, 3], "texture": "#1"},
				"west": {"uv": [10, 4, 8, 5], "texture": "#1"},
				"up": {"uv": [11.5, 5, 11, 7], "texture": "#1"},
				"down": {"uv": [6.5, 13, 6, 11], "texture": "#1"}
			}
		},
		{
			"from": [7.7535, 9.36072, 10.207],
			"to": [8.2465, 9.86072, 12.307],
			"rotation": {"angle": 22.5, "axis": "x", "origin": [8, 9.84483, 13.39858]},
			"faces": {
				"east": {"uv": [9, 11, 7, 11.5], "texture": "#1"},
				"south": {"uv": [14.5, 6, 14, 6.5], "texture": "#1"},
				"west": {"uv": [13, 7, 11, 7.5], "texture": "#1"},
				"up": {"uv": [11.5, 8, 11, 10], "texture": "#1"},
				"down": {"uv": [9.5, 13, 9, 11], "texture": "#1"}
			}
		},
		{
			"from": [7.652, 10.3155, 12.30378],
			"to": [8.348, 11.3155, 14.30378],
			"rotation": {"angle": 0, "axis": "x", "origin": [8, 9.84483, 13.39858]},
			"faces": {
				"east": {"uv": [10, 5, 8, 6], "texture": "#1"},
				"south": {"uv": [14.5, 3, 14, 4], "texture": "#1"},
				"west": {"uv": [8, 8, 6, 9], "texture": "#1"},
				"up": {"uv": [11.5, 10, 11, 12], "texture": "#1"},
				"down": {"uv": [12.5, 2, 12, 0], "texture": "#1"}
			}
		},
		{
			"from": [7.757, 9.8153, 12.20483],
			"to": [8.243, 10.3153, 13.90483],
			"rotation": {"angle": 0, "axis": "x", "origin": [8, 9.84483, 13.39858]},
			"faces": {
				"east": {"uv": [13.5, 3, 12, 3.5], "texture": "#1"},
				"south": {"uv": [7.5, 14, 7, 14.5], "texture": "#1"},
				"west": {"uv": [5.5, 12, 4, 12.5], "texture": "#1"},
				"up": {"uv": [12.5, 4, 12, 5.5], "texture": "#1"},
				"down": {"uv": [7.5, 13.5, 7, 12], "texture": "#1"}
			}
		},
		{
			"from": [7.6535, 10.52483, 12.99873],
			"to": [8.3465, 11.52483, 14.99873],
			"rotation": {"angle": 45, "axis": "x", "origin": [8, 9.84483, 13.39858]},
			"faces": {
				"east": {"uv": [10, 6, 8, 7], "texture": "#1"},
				"south": {"uv": [4.5, 14, 4, 15], "texture": "#1"},
				"west": {"uv": [10, 7, 8, 8], "texture": "#1"},
				"up": {"uv": [1.5, 12, 1, 14], "texture": "#1"},
				"down": {"uv": [2.5, 14, 2, 12], "texture": "#1"}
			}
		},
		{
			"from": [7.7585, 10.03547, 13.42388],
			"to": [8.2415, 10.53547, 15.07388],
			"rotation": {"angle": 45, "axis": "x", "origin": [8, 9.84483, 13.39858]},
			"faces": {
				"east": {"uv": [13.5, 6, 12, 6.5], "texture": "#1"},
				"west": {"uv": [13.5, 8, 12, 8.5], "texture": "#1"},
				"down": {"uv": [8.5, 13.5, 8, 12], "texture": "#1"}
			}
		},
		{
			"from": [7.7535, 8.26417, 14.6774],
			"to": [8.2465, 9.91417, 15.6774],
			"rotation": {"angle": 0, "axis": "x", "origin": [8, 9.84483, 13.39858]},
			"faces": {
				"north": {"uv": [10.5, 12, 10, 13.5], "texture": "#1"},
				"east": {"uv": [9, 8, 8, 9.5], "texture": "#1"},
				"south": {"uv": [12.5, 9, 12, 10.5], "texture": "#1"},
				"west": {"uv": [10, 0, 9, 1.5], "texture": "#1"},
				"down": {"uv": [14.5, 5, 14, 4], "texture": "#1"}
			}
		},
		{
			"from": [7.7585, 9.4385, 15.37765],
			"to": [8.2415, 10.3385, 16.12765],
			"rotation": {"angle": 45, "axis": "x", "origin": [8, 9.84483, 13.39858]},
			"faces": {
				"north": {"uv": [14.5, 5, 14, 6], "texture": "#1"},
				"east": {"uv": [13, 2, 12, 3], "texture": "#1"},
				"south": {"uv": [5.5, 14, 5, 15], "texture": "#1"},
				"west": {"uv": [4, 12, 3, 13], "texture": "#1"},
				"down": {"uv": [6.5, 15, 6, 14], "texture": "#1"}
			}
		}
	],
	"gui_light": "front",
	"display": {
		"thirdperson_righthand": {
			"translation": [0, 4, 1]
		},
		"thirdperson_lefthand": {
			"translation": [0, 4, 1]
		},
		"firstperson_righthand": {
			"rotation": [-10, 0, 0],
			"translation": [0, 4.25, 0]
		},
		"firstperson_lefthand": {
			"rotation": [-10, 0, 0],
			"translation": [0, 4.25, 0]
		},
		"ground": {
			"rotation": [-45, 0, 0],
			"translation": [0, 6, 0]
		},
		"gui": {
			"rotation": [90, -45, 90],
			"translation": [0, -0.25, 0]
		},
		"head": {
			"rotation": [0, 90, 0]
		},
		"fixed": {
			"rotation": [0, 90, 0],
			"translation": [0, 5.25, -1.25],
			"scale": [2.5, 2.5, 2.5]
		}
	}
}