{
	"credit": "Made by PolygonMC",
	"textures": {
		"3": "item/rgbset/shovel"
	},
	"elements": [
		{
			"from": [7.5, 0, 7.5],
			"to": [8.5, 1, 8.5],
			"rotation": {"angle": 0, "axis": "y", "origin": [7.5, 0, 7.5]},
			"faces": {
				"north": {"uv": [9, 2, 10, 3], "texture": "#3"},
				"east": {"uv": [12, 0, 13, 1], "texture": "#3"},
				"south": {"uv": [1, 12, 2, 13], "texture": "#3"},
				"west": {"uv": [12, 1, 13, 2], "texture": "#3"},
				"up": {"uv": [3, 13, 2, 12], "texture": "#3"}
			}
		},
		{
			"from": [7.6, 1, 7.6],
			"to": [8.4, 3, 8.4],
			"rotation": {"angle": 0, "axis": "y", "origin": [7.5, 0, 7.5]},
			"faces": {
				"north": {"uv": [5, 8, 6, 10], "texture": "#3"},
				"east": {"uv": [6, 9, 7, 11], "texture": "#3"},
				"south": {"uv": [7, 9, 8, 11], "texture": "#3"},
				"west": {"uv": [8, 9, 9, 11], "texture": "#3"}
			}
		},
		{
			"from": [7.6, 7, 7.6],
			"to": [8.4, 8, 8.4],
			"rotation": {"angle": 0, "axis": "y", "origin": [7.5, 6, 7.5]},
			"faces": {
				"north": {"uv": [12, 2, 13, 3], "texture": "#3"},
				"east": {"uv": [3, 12, 4, 13], "texture": "#3"},
				"south": {"uv": [12, 3, 13, 4], "texture": "#3"},
				"west": {"uv": [4, 12, 5, 13], "texture": "#3"}
			}
		},
		{
			"from": [7.4, -0.5, 7.4],
			"to": [8.6, 0, 8.6],
			"rotation": {"angle": 0, "axis": "y", "origin": [7.5, 0, 7.5]},
			"faces": {
				"north": {"uv": [14, 1, 15, 1.5], "texture": "#3"},
				"east": {"uv": [2, 14, 3, 14.5], "texture": "#3"},
				"south": {"uv": [14, 2, 15, 2.5], "texture": "#3"},
				"west": {"uv": [14, 3, 15, 3.5], "texture": "#3"},
				"up": {"uv": [13, 5, 12, 4], "texture": "#3"},
				"down": {"uv": [6, 12, 5, 13], "texture": "#3"}
			}
		},
		{
			"from": [7.5, 3, 7.5],
			"to": [8.5, 4, 8.5],
			"rotation": {"angle": 0, "axis": "y", "origin": [7.5, 16, 7.5]},
			"faces": {
				"north": {"uv": [12, 5, 13, 6], "texture": "#3"},
				"east": {"uv": [12, 6, 13, 7], "texture": "#3"},
				"south": {"uv": [12, 7, 13, 8], "texture": "#3"},
				"west": {"uv": [12, 8, 13, 9], "texture": "#3"},
				"down": {"uv": [13, 9, 12, 10], "texture": "#3"}
			}
		},
		{
			"from": [7.4, 4, 7.4],
			"to": [8.6, 4.5, 8.6],
			"rotation": {"angle": 0, "axis": "y", "origin": [7.5, 16, 7.5]},
			"faces": {
				"north": {"uv": [4, 14, 5, 14.5], "texture": "#3"},
				"east": {"uv": [14, 4, 15, 4.5], "texture": "#3"},
				"south": {"uv": [5, 14, 6, 14.5], "texture": "#3"},
				"west": {"uv": [14, 5, 15, 5.5], "texture": "#3"},
				"up": {"uv": [11, 13, 10, 12], "texture": "#3"},
				"down": {"uv": [13, 10, 12, 11], "texture": "#3"}
			}
		},
		{
			"from": [7.4, 6.5, 7.4],
			"to": [8.6, 7, 8.6],
			"rotation": {"angle": 0, "axis": "y", "origin": [8.5, 18.5, 7.5]},
			"faces": {
				"north": {"uv": [6, 14, 7, 14.5], "texture": "#3"},
				"east": {"uv": [14, 6, 15, 6.5], "texture": "#3"},
				"south": {"uv": [7, 14, 8, 14.5], "texture": "#3"},
				"west": {"uv": [14, 7, 15, 7.5], "texture": "#3"},
				"up": {"uv": [13, 12, 12, 11], "texture": "#3"},
				"down": {"uv": [13, 12, 12, 13], "texture": "#3"}
			}
		},
		{
			"from": [7.5, -1.25, 7.5],
			"to": [8.5, -0.25, 8.5],
			"rotation": {"angle": -45, "axis": "x", "origin": [8, -0.75, 8]},
			"faces": {
				"north": {"uv": [0, 13, 1, 14], "texture": "#3"},
				"east": {"uv": [13, 0, 14, 1], "texture": "#3"},
				"south": {"uv": [1, 13, 2, 14], "texture": "#3"},
				"west": {"uv": [13, 1, 14, 2], "texture": "#3"},
				"up": {"uv": [3, 14, 2, 13], "texture": "#3"},
				"down": {"uv": [14, 2, 13, 3], "texture": "#3"}
			}
		},
		{
			"from": [7.5, 7.25, 7.5],
			"to": [8.5, 9.25, 9.5],
			"rotation": {"angle": -45, "axis": "x", "origin": [8, 7.75, 8]},
			"faces": {
				"north": {"uv": [9, 9, 10, 11], "texture": "#3"},
				"east": {"uv": [6, 5, 8, 7], "texture": "#3"},
				"south": {"uv": [1, 10, 2, 12], "texture": "#3"},
				"west": {"uv": [6, 7, 8, 9], "texture": "#3"},
				"up": {"uv": [3, 12, 2, 10], "texture": "#3"},
				"down": {"uv": [11, 2, 10, 4], "texture": "#3"}
			}
		},
		{
			"from": [7.25, 7.5, 7.75],
			"to": [8.75, 9, 9.25],
			"rotation": {"angle": -45, "axis": "x", "origin": [8, 7.75, 8]},
			"faces": {
				"north": {"uv": [1, 8, 2.5, 9.5], "texture": "#3"},
				"east": {"uv": [3, 8, 4.5, 9.5], "texture": "#3"},
				"south": {"uv": [8, 3, 9.5, 4.5], "texture": "#3"},
				"west": {"uv": [8, 5, 9.5, 6.5], "texture": "#3"},
				"up": {"uv": [9.5, 8.5, 8, 7], "texture": "#3"},
				"down": {"uv": [10.5, 0, 9, 1.5], "texture": "#3"}
			}
		},
		{
			"from": [7.75, 7.25, 6],
			"to": [8.25, 9.25, 7],
			"rotation": {"angle": 0, "axis": "y", "origin": [7.5, 7.25, 5]},
			"faces": {
				"north": {"uv": [3, 13, 3.5, 15], "texture": "#3"},
				"east": {"uv": [3, 10, 4, 12], "texture": "#3"},
				"south": {"uv": [13, 3, 13.5, 5], "texture": "#3"},
				"west": {"uv": [4, 10, 5, 12], "texture": "#3"}
			}
		},
		{
			"from": [7.7485, 8.60355, 6.56066],
			"to": [8.2515, 9.60355, 7.56066],
			"rotation": {"angle": 45, "axis": "x", "origin": [7.9985, 9.60355, 7.06066]},
			"faces": {
				"east": {"uv": [4, 13, 5, 14], "texture": "#3"},
				"west": {"uv": [5, 13, 6, 14], "texture": "#3"},
				"up": {"uv": [8.5, 15, 8, 14], "texture": "#3"},
				"down": {"uv": [14.5, 8, 14, 9], "texture": "#3"}
			}
		},
		{
			"from": [7.7485, 6.60355, 6.56066],
			"to": [8.2515, 7.35355, 7.56066],
			"rotation": {"angle": 45, "axis": "x", "origin": [7.9985, 7.60355, 7.06066]},
			"faces": {
				"north": {"uv": [9, 14, 9.5, 15], "texture": "#3"},
				"east": {"uv": [13, 5, 14, 6], "texture": "#3"},
				"south": {"uv": [14, 9, 14.5, 10], "texture": "#3"},
				"west": {"uv": [13, 6, 14, 7], "texture": "#3"},
				"up": {"uv": [10.5, 15, 10, 14], "texture": "#3"},
				"down": {"uv": [14.5, 10, 14, 11], "texture": "#3"}
			}
		},
		{
			"from": [7.75, 7.25, 9],
			"to": [8.25, 9.25, 10],
			"rotation": {"angle": 0, "axis": "y", "origin": [7.5, 7.25, 11]},
			"faces": {
				"north": {"uv": [13.5, 3, 13, 5], "texture": "#3"},
				"east": {"uv": [4, 10, 3, 12], "texture": "#3"},
				"south": {"uv": [3.5, 13, 3, 15], "texture": "#3"},
				"west": {"uv": [5, 10, 4, 12], "texture": "#3"}
			}
		},
		{
			"from": [7.7485, 6.60355, 8.43934],
			"to": [8.2515, 7.35355, 9.43934],
			"rotation": {"angle": -45, "axis": "x", "origin": [7.9985, 7.60355, 8.93934]},
			"faces": {
				"north": {"uv": [14.5, 9, 14, 10], "texture": "#3"},
				"east": {"uv": [14, 5, 13, 6], "texture": "#3"},
				"south": {"uv": [9.5, 14, 9, 15], "texture": "#3"},
				"west": {"uv": [14, 6, 13, 7], "texture": "#3"},
				"up": {"uv": [10.5, 14, 10, 15], "texture": "#3"},
				"down": {"uv": [14.5, 11, 14, 10], "texture": "#3"}
			}
		},
		{
			"from": [7.7485, 8.60355, 8.43934],
			"to": [8.2515, 9.60355, 9.43934],
			"rotation": {"angle": -45, "axis": "x", "origin": [7.9985, 9.60355, 8.93934]},
			"faces": {
				"east": {"uv": [5, 13, 4, 14], "texture": "#3"},
				"west": {"uv": [6, 13, 5, 14], "texture": "#3"},
				"up": {"uv": [8.5, 14, 8, 15], "texture": "#3"},
				"down": {"uv": [14.5, 9, 14, 8], "texture": "#3"}
			}
		},
		{
			"from": [7.68814, 9.69901, 4.70963],
			"to": [8.31186, 10.93901, 5.69963],
			"rotation": {"angle": -45, "axis": "x", "origin": [7.99814, 10.93901, 5.07963]},
			"faces": {
				"north": {"uv": [11, 14, 11.5, 15], "texture": "#3"},
				"east": {"uv": [13, 7, 14, 8], "texture": "#3"},
				"south": {"uv": [14, 11, 14.5, 12], "texture": "#3"},
				"west": {"uv": [13, 8, 14, 9], "texture": "#3"},
				"up": {"uv": [14.5, 13, 14, 12], "texture": "#3"},
				"down": {"uv": [13.5, 14, 13, 15], "texture": "#3"}
			}
		},
		{
			"from": [7.69, 8.02061, 5.15485],
			"to": [8.31, 10.50061, 6.39485],
			"rotation": {"angle": 0, "axis": "y", "origin": [7.38, 8.02061, 7.63485]},
			"faces": {
				"north": {"uv": [9, 11, 9.5, 13.5], "texture": "#3"},
				"east": {"uv": [0, 8, 1, 10.5], "texture": "#3"},
				"south": {"uv": [11, 11, 11.5, 13.5], "texture": "#3"},
				"west": {"uv": [8, 0, 9, 2.5], "texture": "#3"}
			}
		},
		{
			"from": [7.68814, 7.21901, 4.45963],
			"to": [8.31186, 8.14901, 5.69963],
			"rotation": {"angle": -45, "axis": "x", "origin": [7.99814, 8.45901, 5.07963]},
			"faces": {
				"north": {"uv": [14, 13, 14.5, 14], "texture": "#3"},
				"east": {"uv": [13, 9, 14, 10], "texture": "#3"},
				"south": {"uv": [14, 14, 14.5, 15], "texture": "#3"},
				"west": {"uv": [10, 13, 11, 14], "texture": "#3"},
				"up": {"uv": [15.5, 1, 15, 0], "texture": "#3"},
				"down": {"uv": [1.5, 15, 1, 16], "texture": "#3"}
			}
		},
		{
			"from": [7.5, 4.5, 7.5],
			"to": [8.5, 6.5, 8.5],
			"rotation": {"angle": 0, "axis": "y", "origin": [7.5, 4.5, 7.5]},
			"faces": {
				"north": {"uv": [10, 4, 11, 6], "texture": "#3"},
				"east": {"uv": [5, 10, 6, 12], "texture": "#3"},
				"south": {"uv": [10, 6, 11, 8], "texture": "#3"},
				"west": {"uv": [10, 8, 11, 10], "texture": "#3"}
			}
		},
		{
			"from": [7.65, 9.5006, 5.89485],
			"to": [8.35, 10.5006, 6.89485],
			"rotation": {"angle": 0, "axis": "x", "origin": [8, 11.61945, 7.11318]},
			"faces": {
				"north": {"uv": [15, 2, 15.5, 3], "texture": "#3"},
				"east": {"uv": [14, 0, 15, 1], "texture": "#3"},
				"south": {"uv": [3, 15, 3.5, 16], "texture": "#3"},
				"west": {"uv": [1, 14, 2, 15], "texture": "#3"},
				"up": {"uv": [15.5, 4, 15, 3], "texture": "#3"},
				"down": {"uv": [4.5, 15, 4, 16], "texture": "#3"}
			}
		},
		{
			"from": [7.652, 10.66932, 5.4833],
			"to": [8.348, 12.66932, 6.4833],
			"rotation": {"angle": -22.5, "axis": "x", "origin": [8, 11.61945, 7.11318]},
			"faces": {
				"north": {"uv": [13, 12, 13.5, 14], "texture": "#3"},
				"east": {"uv": [11, 0, 12, 2], "texture": "#3"},
				"south": {"uv": [0, 14, 0.5, 16], "texture": "#3"},
				"west": {"uv": [11, 2, 12, 4], "texture": "#3"},
				"up": {"uv": [2.5, 16, 2, 15], "texture": "#3"}
			}
		},
		{
			"from": [7.6535, 11.20933, 5.21831],
			"to": [8.3465, 13.20933, 6.21831],
			"rotation": {"angle": 22.5, "axis": "x", "origin": [8, 11.61945, 7.11318]},
			"faces": {
				"north": {"uv": [13, 10, 13.5, 12], "texture": "#3"},
				"east": {"uv": [10, 10, 11, 12], "texture": "#3"},
				"south": {"uv": [12, 13, 12.5, 15], "texture": "#3"},
				"west": {"uv": [0, 11, 1, 13], "texture": "#3"},
				"up": {"uv": [15.5, 2, 15, 1], "texture": "#3"}
			}
		},
		{
			"from": [7.6535, 11.20933, 9.78169],
			"to": [8.3465, 13.20933, 10.78169],
			"rotation": {"angle": -22.5, "axis": "x", "origin": [8, 11.61945, 8.88682]},
			"faces": {
				"north": {"uv": [12.5, 13, 12, 15], "texture": "#3"},
				"east": {"uv": [11, 10, 10, 12], "texture": "#3"},
				"south": {"uv": [13.5, 10, 13, 12], "texture": "#3"},
				"west": {"uv": [1, 11, 0, 13], "texture": "#3"},
				"up": {"uv": [15.5, 1, 15, 2], "texture": "#3"}
			}
		},
		{
			"from": [7.652, 10.66932, 9.5167],
			"to": [8.348, 12.66932, 10.5167],
			"rotation": {"angle": 22.5, "axis": "x", "origin": [8, 11.61945, 8.88682]},
			"faces": {
				"north": {"uv": [0.5, 14, 0, 16], "texture": "#3"},
				"east": {"uv": [12, 0, 11, 2], "texture": "#3"},
				"south": {"uv": [13.5, 12, 13, 14], "texture": "#3"},
				"west": {"uv": [12, 2, 11, 4], "texture": "#3"},
				"up": {"uv": [2.5, 15, 2, 16], "texture": "#3"}
			}
		},
		{
			"from": [7.68814, 9.69901, 10.30037],
			"to": [8.31186, 10.93901, 11.29037],
			"rotation": {"angle": 45, "axis": "x", "origin": [7.99814, 10.93901, 10.92037]},
			"faces": {
				"north": {"uv": [14.5, 11, 14, 12], "texture": "#3"},
				"east": {"uv": [14, 7, 13, 8], "texture": "#3"},
				"south": {"uv": [11.5, 14, 11, 15], "texture": "#3"},
				"west": {"uv": [14, 8, 13, 9], "texture": "#3"},
				"up": {"uv": [14.5, 12, 14, 13], "texture": "#3"},
				"down": {"uv": [13.5, 15, 13, 14], "texture": "#3"}
			}
		},
		{
			"from": [7.69, 8.02061, 9.60515],
			"to": [8.31, 10.50061, 10.84515],
			"rotation": {"angle": 0, "axis": "y", "origin": [7.38, 8.02061, 8.36515]},
			"faces": {
				"north": {"uv": [11.5, 11, 11, 13.5], "texture": "#3"},
				"east": {"uv": [1, 8, 0, 10.5], "texture": "#3"},
				"south": {"uv": [9.5, 11, 9, 13.5], "texture": "#3"},
				"west": {"uv": [9, 0, 8, 2.5], "texture": "#3"}
			}
		},
		{
			"from": [7.68814, 7.21901, 10.30037],
			"to": [8.31186, 8.14901, 11.54037],
			"rotation": {"angle": 45, "axis": "x", "origin": [7.99814, 8.45901, 10.92037]},
			"faces": {
				"north": {"uv": [14.5, 14, 14, 15], "texture": "#3"},
				"east": {"uv": [14, 9, 13, 10], "texture": "#3"},
				"south": {"uv": [14.5, 13, 14, 14], "texture": "#3"},
				"west": {"uv": [11, 13, 10, 14], "texture": "#3"},
				"up": {"uv": [15.5, 0, 15, 1], "texture": "#3"},
				"down": {"uv": [1.5, 16, 1, 15], "texture": "#3"}
			}
		},
		{
			"from": [7.65, 9.5006, 9.10515],
			"to": [8.35, 10.5006, 10.10515],
			"rotation": {"angle": 0, "axis": "x", "origin": [8, 11.61945, 8.88682]},
			"faces": {
				"north": {"uv": [3.5, 15, 3, 16], "texture": "#3"},
				"east": {"uv": [15, 0, 14, 1], "texture": "#3"},
				"south": {"uv": [15.5, 2, 15, 3], "texture": "#3"},
				"west": {"uv": [2, 14, 1, 15], "texture": "#3"},
				"up": {"uv": [15.5, 3, 15, 4], "texture": "#3"},
				"down": {"uv": [4.5, 16, 4, 15], "texture": "#3"}
			}
		},
		{
			"from": [7.75, 9.25, 6],
			"to": [8.25, 13.75, 10],
			"rotation": {"angle": 0, "axis": "y", "origin": [0.75, 0, 7]},
			"faces": {
				"east": {"uv": [0, 0, 4, 4.5], "texture": "#3"},
				"west": {"uv": [4, 0, 8, 4.5], "texture": "#3"},
				"up": {"uv": [11.5, 8, 11, 4], "texture": "#3"}
			}
		},
		{
			"from": [7.7485, 11.75, 8],
			"to": [8.2515, 14.5, 10.75],
			"rotation": {"angle": -45, "axis": "x", "origin": [7.7485, 11.75, 8]},
			"faces": {
				"north": {"uv": [6, 11, 6.5, 14], "texture": "#3"},
				"east": {"uv": [0, 5, 3, 8], "texture": "#3"},
				"south": {"uv": [7, 11, 7.5, 14], "texture": "#3"},
				"west": {"uv": [3, 5, 6, 8], "texture": "#3"},
				"up": {"uv": [8.5, 14, 8, 11], "texture": "#3"},
				"down": {"uv": [11.5, 8, 11, 11], "texture": "#3"}
			}
		}
	],
	"gui_light": "front",
	"display": {
		"thirdperson_righthand": {
			"translation": [0, 4, 1]
		},
		"thirdperson_lefthand": {
			"translation": [0, 4, 1]
		},
		"firstperson_righthand": {
			"rotation": [-10, 0, 0],
			"translation": [0, 4.25, 0]
		},
		"firstperson_lefthand": {
			"rotation": [-10, 0, 0],
			"translation": [0, 4.25, 0]
		},
		"ground": {
			"rotation": [-45, 0, 0],
			"translation": [0, 6, 0]
		},
		"gui": {
			"rotation": [90, -45, 90],
			"translation": [-0.75, 0.5, 0]
		},
		"head": {
			"rotation": [0, 90, 0]
		},
		"fixed": {
			"rotation": [0, 90, 0],
			"translation": [0, 5.25, -1.25],
			"scale": [2.5, 2.5, 2.5]
		}
	}
}