{
	"credit": "Made by PolygonMC",
	"textures": {
		"1": "item/rgbset/sword"
	},
	"elements": [
		{
			"from": [7.5, 0, 7.5],
			"to": [8.5, 1, 8.5],
			"rotation": {"angle": 0, "axis": "y", "origin": [7.5, 0, 7.5]},
			"faces": {
				"north": {"uv": [8, 7, 9, 8], "texture": "#1"},
				"east": {"uv": [5, 12, 6, 13], "texture": "#1"},
				"south": {"uv": [6, 12, 7, 13], "texture": "#1"},
				"west": {"uv": [12, 6, 13, 7], "texture": "#1"},
				"up": {"uv": [8, 13, 7, 12], "texture": "#1"}
			}
		},
		{
			"from": [7.6, 1, 7.6],
			"to": [8.4, 3, 8.4],
			"rotation": {"angle": 0, "axis": "y", "origin": [7.5, 0, 7.5]},
			"faces": {
				"north": {"uv": [10, 2, 11, 4], "texture": "#1"},
				"east": {"uv": [5, 10, 6, 12], "texture": "#1"},
				"south": {"uv": [6, 10, 7, 12], "texture": "#1"},
				"west": {"uv": [7, 10, 8, 12], "texture": "#1"}
			}
		},
		{
			"from": [7.4, -0.5, 7.4],
			"to": [8.6, 0, 8.6],
			"rotation": {"angle": 0, "axis": "y", "origin": [7.5, 0, 7.5]},
			"faces": {
				"north": {"uv": [14, 6, 15, 6.5], "texture": "#1"},
				"east": {"uv": [7, 14, 8, 14.5], "texture": "#1"},
				"south": {"uv": [14, 7, 15, 7.5], "texture": "#1"},
				"west": {"uv": [8, 14, 9, 14.5], "texture": "#1"},
				"up": {"uv": [13, 8, 12, 7], "texture": "#1"},
				"down": {"uv": [9, 12, 8, 13], "texture": "#1"}
			}
		},
		{
			"from": [7.5, 3, 7.5],
			"to": [8.5, 4, 8.5],
			"rotation": {"angle": 0, "axis": "y", "origin": [7.5, 16, 7.5]},
			"faces": {
				"north": {"uv": [12, 9, 13, 10], "texture": "#1"},
				"east": {"uv": [10, 12, 11, 13], "texture": "#1"},
				"south": {"uv": [12, 10, 13, 11], "texture": "#1"},
				"west": {"uv": [12, 11, 13, 12], "texture": "#1"},
				"down": {"uv": [13, 12, 12, 13], "texture": "#1"}
			}
		},
		{
			"from": [7.4, 4, 7.4],
			"to": [8.6, 4.5, 8.6],
			"rotation": {"angle": 0, "axis": "y", "origin": [7.5, 16, 7.5]},
			"faces": {
				"north": {"uv": [14, 8, 15, 8.5], "texture": "#1"},
				"east": {"uv": [9, 14, 10, 14.5], "texture": "#1"},
				"south": {"uv": [14, 9, 15, 9.5], "texture": "#1"},
				"west": {"uv": [10, 14, 11, 14.5], "texture": "#1"},
				"up": {"uv": [13, 9, 12, 8], "texture": "#1"},
				"down": {"uv": [10, 12, 9, 13], "texture": "#1"}
			}
		},
		{
			"from": [7.5, -1.25, 7.5],
			"to": [8.5, -0.25, 8.5],
			"rotation": {"angle": -45, "axis": "x", "origin": [8, -0.75, 8]},
			"faces": {
				"north": {"uv": [13, 0, 14, 1], "texture": "#1"},
				"east": {"uv": [13, 1, 14, 2], "texture": "#1"},
				"south": {"uv": [13, 2, 14, 3], "texture": "#1"},
				"west": {"uv": [13, 3, 14, 4], "texture": "#1"},
				"up": {"uv": [5, 14, 4, 13], "texture": "#1"},
				"down": {"uv": [14, 4, 13, 5], "texture": "#1"}
			}
		},
		{
			"from": [7.5, 4.25, 7.5],
			"to": [8.5, 6.25, 9.5],
			"rotation": {"angle": -45, "axis": "x", "origin": [8, 4.75, 8]},
			"faces": {
				"north": {"uv": [8, 10, 9, 12], "texture": "#1"},
				"east": {"uv": [4, 4, 6, 6], "texture": "#1"},
				"south": {"uv": [9, 10, 10, 12], "texture": "#1"},
				"west": {"uv": [6, 0, 8, 2], "texture": "#1"},
				"up": {"uv": [11, 12, 10, 10], "texture": "#1"},
				"down": {"uv": [12, 2, 11, 4], "texture": "#1"}
			}
		},
		{
			"from": [7.25, 4.5, 7.75],
			"to": [8.75, 6, 9.25],
			"rotation": {"angle": -45, "axis": "x", "origin": [8, 4.75, 8]},
			"faces": {
				"north": {"uv": [5, 8, 6.5, 9.5], "texture": "#1"},
				"east": {"uv": [7, 8, 8.5, 9.5], "texture": "#1"},
				"south": {"uv": [9, 4, 10.5, 5.5], "texture": "#1"},
				"west": {"uv": [9, 6, 10.5, 7.5], "texture": "#1"},
				"up": {"uv": [10.5, 9.5, 9, 8], "texture": "#1"},
				"down": {"uv": [11.5, 0, 10, 1.5], "texture": "#1"}
			}
		},
		{
			"from": [7.75, 4.25, 6],
			"to": [8.25, 6.25, 7],
			"rotation": {"angle": 0, "axis": "y", "origin": [7.5, 4.25, 5]},
			"faces": {
				"north": {"uv": [5, 13, 5.5, 15], "texture": "#1"},
				"east": {"uv": [4, 11, 5, 13], "texture": "#1"},
				"south": {"uv": [13, 5, 13.5, 7], "texture": "#1"},
				"west": {"uv": [11, 4, 12, 6], "texture": "#1"}
			}
		},
		{
			"from": [7.7485, 5.60355, 6.56066],
			"to": [8.2515, 6.60355, 7.56066],
			"rotation": {"angle": 45, "axis": "x", "origin": [7.9985, 6.60355, 7.06066]},
			"faces": {
				"north": {"uv": [14, 10, 14.5, 11], "texture": "#1"},
				"east": {"uv": [6, 13, 7, 14], "texture": "#1"},
				"west": {"uv": [7, 13, 8, 14], "texture": "#1"},
				"up": {"uv": [11.5, 15, 11, 14], "texture": "#1"},
				"down": {"uv": [14.5, 11, 14, 12], "texture": "#1"}
			}
		},
		{
			"from": [7.7485, 3.60355, 6.56066],
			"to": [8.2515, 4.35355, 7.56066],
			"rotation": {"angle": 45, "axis": "x", "origin": [7.9985, 4.60355, 7.06066]},
			"faces": {
				"north": {"uv": [14, 12, 14.5, 13], "texture": "#1"},
				"east": {"uv": [13, 7, 14, 8], "texture": "#1"},
				"south": {"uv": [13, 14, 13.5, 15], "texture": "#1"},
				"west": {"uv": [8, 13, 9, 14], "texture": "#1"},
				"up": {"uv": [14.5, 14, 14, 13], "texture": "#1"},
				"down": {"uv": [14.5, 14, 14, 15], "texture": "#1"}
			}
		},
		{
			"from": [7.7485, 5.60355, 8.43934],
			"to": [8.2515, 6.60355, 9.43934],
			"rotation": {"angle": -45, "axis": "x", "origin": [7.9985, 6.60355, 8.93934]},
			"faces": {
				"east": {"uv": [7, 13, 6, 14], "texture": "#1"},
				"south": {"uv": [14.5, 10, 14, 11], "texture": "#1"},
				"west": {"uv": [8, 13, 7, 14], "texture": "#1"},
				"up": {"uv": [11.5, 14, 11, 15], "texture": "#1"},
				"down": {"uv": [14.5, 12, 14, 11], "texture": "#1"}
			}
		},
		{
			"from": [7.75, 4.25, 9],
			"to": [8.25, 6.25, 10],
			"rotation": {"angle": 0, "axis": "y", "origin": [7.5, 4.25, 11]},
			"faces": {
				"north": {"uv": [13.5, 5, 13, 7], "texture": "#1"},
				"east": {"uv": [5, 11, 4, 13], "texture": "#1"},
				"south": {"uv": [5.5, 13, 5, 15], "texture": "#1"},
				"west": {"uv": [12, 4, 11, 6], "texture": "#1"}
			}
		},
		{
			"from": [7.7485, 3.60355, 8.43934],
			"to": [8.2515, 4.35355, 9.43934],
			"rotation": {"angle": -45, "axis": "x", "origin": [7.9985, 4.60355, 8.93934]},
			"faces": {
				"north": {"uv": [13.5, 14, 13, 15], "texture": "#1"},
				"east": {"uv": [14, 7, 13, 8], "texture": "#1"},
				"south": {"uv": [14.5, 12, 14, 13], "texture": "#1"},
				"west": {"uv": [9, 13, 8, 14], "texture": "#1"},
				"up": {"uv": [14.5, 13, 14, 14], "texture": "#1"},
				"down": {"uv": [14.5, 15, 14, 14], "texture": "#1"}
			}
		},
		{
			"from": [7.68814, 6.69901, 4.70963],
			"to": [8.31186, 7.93901, 5.69963],
			"rotation": {"angle": -45, "axis": "x", "origin": [7.99814, 7.93901, 5.07963]},
			"faces": {
				"north": {"uv": [15, 4, 15.5, 5], "texture": "#1"},
				"east": {"uv": [13, 9, 14, 10], "texture": "#1"},
				"south": {"uv": [5, 15, 5.5, 16], "texture": "#1"},
				"west": {"uv": [10, 13, 11, 14], "texture": "#1"},
				"up": {"uv": [15.5, 6, 15, 5], "texture": "#1"},
				"down": {"uv": [15.5, 6, 15, 7], "texture": "#1"}
			}
		},
		{
			"from": [7.69, 5.02061, 5.15485],
			"to": [8.31, 7.50061, 6.39485],
			"rotation": {"angle": 0, "axis": "y", "origin": [7.38, 5.02061, 7.63485]},
			"faces": {
				"north": {"uv": [12, 0, 12.5, 2.5], "texture": "#1"},
				"east": {"uv": [4, 8, 5, 10.5], "texture": "#1"},
				"south": {"uv": [12, 3, 12.5, 5.5], "texture": "#1"},
				"west": {"uv": [8, 4, 9, 6.5], "texture": "#1"}
			}
		},
		{
			"from": [7.68814, 4.21901, 4.45963],
			"to": [8.31186, 5.14901, 5.69963],
			"rotation": {"angle": -45, "axis": "x", "origin": [7.99814, 5.45901, 5.07963]},
			"faces": {
				"north": {"uv": [15, 0, 15.5, 1], "texture": "#1"},
				"east": {"uv": [13, 8, 14, 9], "texture": "#1"},
				"south": {"uv": [15, 1, 15.5, 2], "texture": "#1"},
				"west": {"uv": [9, 13, 10, 14], "texture": "#1"},
				"up": {"uv": [15.5, 3, 15, 2], "texture": "#1"},
				"down": {"uv": [15.5, 3, 15, 4], "texture": "#1"}
			}
		},
		{
			"from": [7.68814, 4.21901, 10.30037],
			"to": [8.31186, 5.14901, 11.54037],
			"rotation": {"angle": 45, "axis": "x", "origin": [7.99814, 5.45901, 10.92037]},
			"faces": {
				"north": {"uv": [15.5, 1, 15, 2], "texture": "#1"},
				"east": {"uv": [14, 8, 13, 9], "texture": "#1"},
				"south": {"uv": [15.5, 0, 15, 1], "texture": "#1"},
				"west": {"uv": [10, 13, 9, 14], "texture": "#1"},
				"up": {"uv": [15.5, 2, 15, 3], "texture": "#1"},
				"down": {"uv": [15.5, 4, 15, 3], "texture": "#1"}
			}
		},
		{
			"from": [7.69, 5.02061, 9.60515],
			"to": [8.31, 7.50061, 10.84515],
			"rotation": {"angle": 0, "axis": "y", "origin": [7.38, 5.02061, 8.36515]},
			"faces": {
				"north": {"uv": [12.5, 3, 12, 5.5], "texture": "#1"},
				"east": {"uv": [5, 8, 4, 10.5], "texture": "#1"},
				"south": {"uv": [12.5, 0, 12, 2.5], "texture": "#1"},
				"west": {"uv": [9, 4, 8, 6.5], "texture": "#1"}
			}
		},
		{
			"from": [7.68814, 6.69901, 10.30037],
			"to": [8.31186, 7.93901, 11.29037],
			"rotation": {"angle": 45, "axis": "x", "origin": [7.99814, 7.93901, 10.92037]},
			"faces": {
				"north": {"uv": [5.5, 15, 5, 16], "texture": "#1"},
				"east": {"uv": [14, 9, 13, 10], "texture": "#1"},
				"south": {"uv": [15.5, 4, 15, 5], "texture": "#1"},
				"west": {"uv": [11, 13, 10, 14], "texture": "#1"},
				"up": {"uv": [15.5, 5, 15, 6], "texture": "#1"},
				"down": {"uv": [15.5, 7, 15, 6], "texture": "#1"}
			}
		},
		{
			"from": [7.7485, 6.5, 7],
			"to": [8.2515, 8.5, 9],
			"rotation": {"angle": -45, "axis": "x", "origin": [7.9985, 7.5, 8]},
			"faces": {
				"north": {"uv": [13, 10, 13.5, 12], "texture": "#1"},
				"east": {"uv": [6, 2, 8, 4], "texture": "#1"},
				"south": {"uv": [12, 13, 12.5, 15], "texture": "#1"},
				"west": {"uv": [4, 6, 6, 8], "texture": "#1"},
				"up": {"uv": [13.5, 14, 13, 12], "texture": "#1"},
				"down": {"uv": [0.5, 14, 0, 16], "texture": "#1"}
			}
		},
		{
			"from": [7.75, 7.5, 6.5875],
			"to": [8.25, 11.5, 9.4125],
			"rotation": {"angle": 0, "axis": "x", "origin": [8, 9.5, 8.0125]},
			"faces": {
				"north": {"uv": [11, 6, 11.5, 10], "texture": "#1"},
				"east": {"uv": [0, 0, 3, 4], "texture": "#1"},
				"south": {"uv": [11, 10, 11.5, 14], "texture": "#1"},
				"west": {"uv": [3, 0, 6, 4], "texture": "#1"}
			}
		},
		{
			"from": [7.75, 11.5, 6.58579],
			"to": [8.25, 21.5, 7.53579],
			"rotation": {"angle": 0, "axis": "x", "origin": [8, 13.5, 7.51079]},
			"faces": {
				"north": {"uv": [2, 4, 2.5, 14], "texture": "#1"},
				"east": {"uv": [0, 4, 1, 14], "texture": "#1"},
				"south": {"uv": [3, 4, 3.5, 14], "texture": "#1"},
				"west": {"uv": [1, 4, 2, 14], "texture": "#1"}
			}
		},
		{
			"from": [7.75, 11.5, 8.46421],
			"to": [8.25, 21.5, 9.41421],
			"rotation": {"angle": 0, "axis": "x", "origin": [8, 13.5, 8.48921]},
			"faces": {
				"north": {"uv": [3.5, 4, 3, 14], "texture": "#1"},
				"east": {"uv": [1, 4, 0, 14], "texture": "#1"},
				"south": {"uv": [2.5, 4, 2, 14], "texture": "#1"},
				"west": {"uv": [2, 4, 1, 14], "texture": "#1"}
			}
		},
		{
			"from": [7.7485, 10.5, 7],
			"to": [8.2515, 12.5, 9],
			"rotation": {"angle": -45, "axis": "x", "origin": [7.9985, 11.5, 8]},
			"faces": {
				"north": {"uv": [14, 0, 14.5, 2], "texture": "#1"},
				"east": {"uv": [6, 4, 8, 6], "texture": "#1"},
				"south": {"uv": [1, 14, 1.5, 16], "texture": "#1"},
				"west": {"uv": [6, 6, 8, 8], "texture": "#1"},
				"up": {"uv": [2.5, 16, 2, 14], "texture": "#1"},
				"down": {"uv": [14.5, 2, 14, 4], "texture": "#1"}
			}
		},
		{
			"from": [7.7485, 20.5, 7],
			"to": [8.2515, 22.5, 9],
			"rotation": {"angle": -45, "axis": "x", "origin": [7.9985, 21.5, 8]},
			"faces": {
				"north": {"uv": [3, 14, 3.5, 16], "texture": "#1"},
				"east": {"uv": [8, 0, 10, 2], "texture": "#1"},
				"south": {"uv": [4, 14, 4.5, 16], "texture": "#1"},
				"west": {"uv": [8, 2, 10, 4], "texture": "#1"},
				"up": {"uv": [14.5, 6, 14, 4], "texture": "#1"},
				"down": {"uv": [6.5, 14, 6, 16], "texture": "#1"}
			}
		}
	],
	"gui_light": "front",
	"display": {
		"thirdperson_righthand": {
			"translation": [0, 4, 1]
		},
		"thirdperson_lefthand": {
			"translation": [0, 4, 1]
		},
		"firstperson_righthand": {
			"rotation": [-10, 0, 0],
			"translation": [0, 4.25, 0]
		},
		"firstperson_lefthand": {
			"rotation": [-10, 0, 0],
			"translation": [0, 4.25, 0]
		},
		"ground": {
			"rotation": [-45, 0, 0],
			"translation": [0, 6, 0]
		},
		"gui": {
			"rotation": [90, -45, 90],
			"translation": [2, -2, 0]
		},
		"head": {
			"rotation": [0, 90, 0]
		},
		"fixed": {
			"rotation": [0, 90, 0],
			"translation": [0, -8, -1.25],
			"scale": [2.5, 2.5, 2.5]
		}
	}
}