{
	"credit": "Made with Blockbench",
	"texture_size": [64, 64],
	"textures": {
		"0": "item/pilgrimset/pilgrim_hat",
		"particle": "item/pilgrimset/pilgrim_hat"
	},
	"elements": [
		{
			"from": [-2, 0, 1],
			"to": [18, 0.05, 15],
			"faces": {
				"up": {"uv": [5, 3.5, 0, 0], "texture": "#0"},
				"down": {"uv": [5, 3.5, 0, 0], "texture": "#0"}
			}
		},
		{
			"from": [-2, 0, 15],
			"to": [18, 0.05, 18],
			"rotation": {"angle": -22.5, "axis": "x", "origin": [0, 0, 15]},
			"faces": {
				"north": {"uv": [0, 0, 5, 0], "texture": "#0"},
				"up": {"uv": [10, 0.75, 5, 0], "texture": "#0"},
				"down": {"uv": [10, 0, 5, 0.75], "texture": "#0"}
			}
		},
		{
			"from": [-2, 0, -2],
			"to": [18, 0.05, 1],
			"rotation": {"angle": -22.5, "axis": "x", "origin": [0, 0, 1]},
			"faces": {
				"south": {"uv": [0, 0, 5, 0], "texture": "#0"},
				"up": {"uv": [10, 1.5, 5, 0.75], "texture": "#0"},
				"down": {"uv": [10, 0.75, 5, 1.5], "texture": "#0"}
			}
		},
		{
			"from": [3, 0, 3],
			"to": [13, 12, 13],
			"rotation": {"angle": -45, "axis": "y", "origin": [8, 6, 8]},
			"faces": {
				"north": {"uv": [0, 3.5, 2.5, 6.5], "texture": "#0"},
				"east": {"uv": [0, 6.5, 2.5, 9.5], "texture": "#0"},
				"south": {"uv": [0, 6.5, 2.5, 9.5], "texture": "#0"},
				"west": {"uv": [0, 6.5, 2.5, 9.5], "texture": "#0"},
				"up": {"uv": [5, 6, 2.5, 3.5], "texture": "#0"}
			}
		},
		{
			"from": [6, 0, 2],
			"to": [10, 6, 3],
			"rotation": {"angle": -45, "axis": "y", "origin": [8, 6, 8]},
			"faces": {
				"north": {"uv": [5, 2.25, 6, 3.75], "texture": "#0"},
				"east": {"uv": [5, 2.25, 5.25, 3.75], "texture": "#0"},
				"west": {"uv": [5.75, 2.25, 6, 3.75], "texture": "#0"},
				"up": {"uv": [5, 2.25, 6, 2.5], "texture": "#0"}
			}
		},
		{
			"from": [2.5, 0.5, 2.5],
			"to": [13.5, 4.5, 13.5],
			"rotation": {"angle": -45, "axis": "y", "origin": [8, 6, 8]},
			"faces": {
				"north": {"uv": [5, 1.5, 7.5, 2.25], "texture": "#0"},
				"east": {"uv": [7.5, 1.5, 10, 2.25], "texture": "#0"},
				"south": {"uv": [7.5, 1.5, 10, 2.25], "texture": "#0"},
				"west": {"uv": [7.5, 1.5, 10, 2.25], "texture": "#0"}
			}
		},
		{
			"from": [-3.3, 6.3, 1],
			"to": [2.7, 9.3, 1.05],
			"rotation": {"angle": -45, "axis": "z", "origin": [0, 0, 0]},
			"faces": {
				"north": {"uv": [5, 3.75, 6.5, 4.5], "texture": "#0"},
				"south": {"uv": [6.5, 3.75, 5, 4.5], "texture": "#0"}
			}
		},
		{
			"from": [1.2, 1, -2],
			"to": [7.2, 4, -1.95],
			"rotation": {"angle": -22.5, "axis": "y", "origin": [0, 0, 0]},
			"faces": {
				"north": {"uv": [5, 4.5, 6.5, 5.25], "texture": "#0"},
				"south": {"uv": [6.5, 4.5, 5, 5.25], "texture": "#0"}
			}
		}
	],
	"gui_light": "front",
	"display": {
		"thirdperson_righthand": {
			"rotation": [58.76, 3.25, 7.85],
			"translation": [0, 4.25, 0],
			"scale": [0.47578, 0.47578, 0.47578]
		},
		"thirdperson_lefthand": {
			"rotation": [58.76, 3.25, 7.85],
			"translation": [0, 4.25, 0],
			"scale": [0.47578, 0.47578, 0.47578]
		},
		"firstperson_righthand": {
			"rotation": [-180, 28, -180],
			"translation": [2.75, 6.5, -3.75],
			"scale": [0.67383, 0.67383, 0.67383]
		},
		"firstperson_lefthand": {
			"rotation": [-180, 28, -180],
			"translation": [2.75, 6.5, -3.75],
			"scale": [0.67383, 0.67383, 0.67383]
		},
		"ground": {
			"rotation": [54, 49, -19],
			"translation": [0, 3.25, 0],
			"scale": [0.5, 0.5, 0.5]
		},
		"gui": {
			"rotation": [16, -154, 0],
			"translation": [0, 1.75, -2],
			"scale": [0.64922, 0.64922, 0.64922]
		},
		"head": {
			"rotation": [0, 45, 0],
			"translation": [0, 11.75, 0],
			"scale": [1.32578, 1.32578, 1.32578]
		},
		"fixed": {
			"translation": [0, 4.75, -7.25],
			"scale": [1.7482, 1.7482, 1.7482]
		}
	}
}