{
	"credit": "Made with Blockbench",
	"texture_size": [32, 32],
	"textures": {
		"0": "item/pilgrimset/pilgrim_axe",
		"particle": "item/pilgrimset/pilgrim_axe"
	},
	"elements": [
		{
			"from": [5.16282, 2, 9.31434],
			"to": [8.16282, 4, 12.31434],
			"rotation": {"angle": 0, "axis": "y", "origin": [8, 12.95, 8]},
			"faces": {
				"north": {"uv": [12, 6, 13.5, 7], "texture": "#0"},
				"east": {"uv": [12, 6, 13.5, 7], "texture": "#0"},
				"south": {"uv": [12, 6, 13.5, 7], "texture": "#0"},
				"west": {"uv": [12, 6, 13.5, 7], "texture": "#0"},
				"up": {"uv": [11.5, 11.5, 10, 10], "rotation": 270, "texture": "#0"}
			}
		},
		{
			"from": [5.14282, 5.27296, 16.65712],
			"to": [8.18282, 8.27296, 19.65712],
			"rotation": {"angle": 45, "axis": "x", "origin": [8, 12.95, 8]},
			"faces": {
				"north": {"uv": [10.5, 1.5, 12, 3], "texture": "#0"},
				"east": {"uv": [12, 0, 10.5, 1.5], "texture": "#0"},
				"south": {"uv": [10.5, 3, 12, 4.5], "texture": "#0"},
				"west": {"uv": [10.5, 0, 12, 1.5], "texture": "#0"},
				"up": {"uv": [12, 6, 10.5, 4.5], "rotation": 270, "texture": "#0"},
				"down": {"uv": [7, 11, 5.5, 12.5], "rotation": 90, "texture": "#0"}
			}
		},
		{
			"from": [5.66282, 4, 9.81434],
			"to": [7.66282, 9, 11.81434],
			"rotation": {"angle": 0, "axis": "y", "origin": [8, 12.95, 8]},
			"faces": {
				"north": {"uv": [1, 10, 2, 12.5], "texture": "#0"},
				"east": {"uv": [1, 10, 0, 12.5], "texture": "#0"},
				"south": {"uv": [10, 7.5, 11, 10], "texture": "#0"},
				"west": {"uv": [0, 10, 1, 12.5], "texture": "#0"}
			}
		},
		{
			"from": [5.64282, 7.84099, 8.01239],
			"to": [7.68282, 11.84099, 10.01239],
			"rotation": {"angle": -22.5, "axis": "x", "origin": [8, 12.95, 8]},
			"faces": {
				"north": {"uv": [7, 11, 8, 13], "texture": "#0"},
				"east": {"uv": [3, 5.5, 2, 7.5], "texture": "#0"},
				"south": {"uv": [11, 7.5, 12, 9.5], "texture": "#0"},
				"west": {"uv": [2, 5.5, 3, 7.5], "texture": "#0"}
			}
		},
		{
			"from": [5.66282, 11.5, 7.43585],
			"to": [7.66282, 17.5, 10.43585],
			"rotation": {"angle": 0, "axis": "y", "origin": [8, 12.95, 8]},
			"faces": {
				"north": {"uv": [8, 9.5, 9, 12.5], "texture": "#0"},
				"east": {"uv": [10.5, 0, 9, 3], "texture": "#0"},
				"south": {"uv": [9, 9.5, 10, 12.5], "texture": "#0"},
				"west": {"uv": [9, 0, 10.5, 3], "texture": "#0"},
				"down": {"uv": [13.5, 7, 12, 8], "rotation": 90, "texture": "#0"}
			}
		},
		{
			"from": [5.66282, 23.5, 7.43585],
			"to": [7.66282, 25.5, 10.43585],
			"rotation": {"angle": 0, "axis": "y", "origin": [8, 12.95, 8]},
			"faces": {
				"north": {"uv": [2.5, 12, 3.5, 13], "texture": "#0"},
				"east": {"uv": [13.5, 8, 12, 9], "texture": "#0"},
				"south": {"uv": [0, 12.5, 1, 13.5], "texture": "#0"},
				"west": {"uv": [12, 8, 13.5, 9], "texture": "#0"},
				"up": {"uv": [13.5, 12.5, 12, 11.5], "rotation": 270, "texture": "#0"}
			}
		},
		{
			"from": [5.16282, 17.5, 5.06434],
			"to": [8.16282, 23.5, 13.06434],
			"rotation": {"angle": 0, "axis": "y", "origin": [8, 12.95, 8]},
			"faces": {
				"north": {"uv": [2, 9, 3.5, 12], "texture": "#0"},
				"east": {"uv": [7, 0, 3, 3], "texture": "#0"},
				"south": {"uv": [9, 3, 10.5, 6], "texture": "#0"},
				"west": {"uv": [3, 0, 7, 3], "texture": "#0"},
				"up": {"uv": [6, 9, 2, 7.5], "rotation": 270, "texture": "#0"},
				"down": {"uv": [10, 8, 6, 9.5], "rotation": 90, "texture": "#0"}
			}
		},
		{
			"from": [4.64282, 13.03605, 13.09126],
			"to": [8.68282, 22.03605, 15.09126],
			"rotation": {"angle": -45, "axis": "x", "origin": [8, 12.95, 8]},
			"faces": {
				"north": {"uv": [3, 3, 5, 7.5], "texture": "#0"},
				"east": {"uv": [4.5, 9, 3.5, 13.5], "texture": "#0"},
				"south": {"uv": [5, 3, 7, 7.5], "texture": "#0"},
				"west": {"uv": [3.5, 9, 4.5, 13.5], "texture": "#0"},
				"up": {"uv": [12.5, 11.5, 11.5, 9.5], "rotation": 270, "texture": "#0"},
				"down": {"uv": [11, 11.5, 10, 13.5], "rotation": 90, "texture": "#0"}
			}
		},
		{
			"from": [4.66282, 14.54126, 2.41395],
			"to": [8.66282, 23.54126, 4.41395],
			"rotation": {"angle": 45, "axis": "x", "origin": [8, 12.95, 8]},
			"faces": {
				"north": {"uv": [0, 5.5, 2, 10], "texture": "#0"},
				"east": {"uv": [5.5, 9, 4.5, 13.5], "texture": "#0"},
				"south": {"uv": [7, 0, 9, 4.5], "texture": "#0"},
				"west": {"uv": [4.5, 9, 5.5, 13.5], "texture": "#0"},
				"up": {"uv": [12, 13.5, 11, 11.5], "rotation": 270, "texture": "#0"},
				"down": {"uv": [13, 0, 12, 2], "rotation": 90, "texture": "#0"}
			}
		},
		{
			"from": [6.16282, 17.5, 1.06434],
			"to": [7.16282, 23.5, 5.06434],
			"rotation": {"angle": 0, "axis": "y", "origin": [8, 12.95, 8]},
			"faces": {
				"north": {"uv": [7, 4.5, 7.5, 7.5], "texture": "#0"},
				"east": {"uv": [9, 4.5, 7, 7.5], "texture": "#0"},
				"west": {"uv": [7, 4.5, 9, 7.5], "texture": "#0"},
				"up": {"uv": [9, 4.5, 7, 5], "rotation": 270, "texture": "#0"},
				"down": {"uv": [9, 7, 7, 7.5], "rotation": 90, "texture": "#0"}
			}
		},
		{
			"from": [6.66282, 13.5, -0.93566],
			"to": [6.66282, 24.5, 5.06434],
			"rotation": {"angle": 0, "axis": "y", "origin": [8, 12.95, 8]},
			"faces": {
				"east": {"uv": [3, 0, 0, 5.5], "texture": "#0"},
				"west": {"uv": [0, 0, 3, 5.5], "texture": "#0"}
			}
		},
		{
			"from": [7.16282, 3.48491, 5.4292],
			"to": [7.21282, 6.48491, 11.4292],
			"rotation": {"angle": -45, "axis": "x", "origin": [8, 12.95, 8]},
			"faces": {
				"east": {"uv": [12, 6, 9, 7.5], "texture": "#0"},
				"west": {"uv": [9, 6, 12, 7.5], "texture": "#0"}
			}
		},
		{
			"from": [4.76088, 3, 10.10517],
			"to": [4.81088, 6, 16.10517],
			"rotation": {"angle": 45, "axis": "y", "origin": [8, 12.95, 8]},
			"faces": {
				"east": {"uv": [3, 13.5, 0, 15], "texture": "#0"},
				"west": {"uv": [0, 13.5, 3, 15], "texture": "#0"}
			}
		}
	],
	"gui_light": "front",
	"display": {
		"thirdperson_righthand": {
			"translation": [1, -1.5, 0],
			"scale": [0.75, 0.75, 0.75]
		},
		"thirdperson_lefthand": {
			"translation": [1, -1.5, 0],
			"scale": [0.75, 0.75, 0.75]
		},
		"firstperson_righthand": {
			"rotation": [0, 15, 0],
			"translation": [2, 0, -1.25],
			"scale": [0.54883, 0.54883, 0.54883]
		},
		"firstperson_lefthand": {
			"rotation": [0, 15, 0],
			"translation": [2, 0, -1.25],
			"scale": [0.54883, 0.54883, 0.54883]
		},
		"ground": {
			"rotation": [94, 85, 0],
			"translation": [0, 0, -3.5],
			"scale": [0.5, 0.5, 0.5]
		},
		"gui": {
			"rotation": [-90, 60, 90],
			"translation": [1.5, -2.75, 0],
			"scale": [0.515, 0.515, 0.515]
		},
		"head": {
			"rotation": [90, 180, 90],
			"translation": [-5, 12, 0.25],
			"scale": [0.7, 0.7, 0.7]
		},
		"fixed": {
			"rotation": [0, 90, 0],
			"translation": [0, -8, -2.25],
			"scale": [1.42109, 1.42109, 1.42109]
		}
	}
}