{
	"credit": "by w11shes",
	"texture_size": [64, 64],
	"textures": {
		"1": "item/pilgrimset/pilgrim_cloak"
	},
	"elements": [
		{
			"from": [-1.5, -1, 2],
			"to": [17.5, 18, 9],
			"rotation": {"angle": -22.5, "axis": "x", "origin": [8.5, 18, 2]},
			"faces": {
				"north": {"uv": [14.25, 2.25, 15.5, 4], "texture": "#1"},
				"east": {"uv": [1.75, 4.75, 0, 9.5], "texture": "#1"},
				"south": {"uv": [0, 0, 4.75, 4.75], "texture": "#1"},
				"west": {"uv": [0, 4.75, 1.75, 9.5], "texture": "#1"},
				"up": {"uv": [9.5, 1.75, 4.75, 0], "texture": "#1"},
				"down": {"uv": [14.25, 2.25, 15.5, 4], "texture": "#1"}
			}
		},
		{
			"from": [17.5, 20.89258, 23.54197],
			"to": [-1.5, 1.89258, 16.54197],
			"rotation": {"angle": -22.5, "axis": "x", "origin": [-11.5, -17.10742, 16.54197]},
			"faces": {
				"north": {"uv": [0, 4.75, 4.75, 0], "texture": "#1"},
				"east": {"uv": [0, 9.5, 1.75, 4.75], "texture": "#1"},
				"south": {"uv": [1.5, 11.25, 3, 12.5], "texture": "#1"},
				"west": {"uv": [1.75, 9.5, 0, 4.75], "texture": "#1"},
				"up": {"uv": [1.5, 11.25, 3, 12.5], "texture": "#1"},
				"down": {"uv": [4.75, 1.75, 9.5, 0], "texture": "#1"}
			}
		},
		{
			"from": [3, 14, 0],
			"to": [13, 18, 8],
			"rotation": {"angle": 0, "axis": "y", "origin": [8, -7, 4]},
			"faces": {
				"north": {"uv": [4.75, 3.75, 7.25, 4.75], "texture": "#1"},
				"east": {"uv": [6.25, 5.75, 4.25, 6.75], "texture": "#1"},
				"south": {"uv": [4.25, 4.75, 6.75, 5.75], "texture": "#1"},
				"west": {"uv": [4.25, 5.75, 6.25, 6.75], "texture": "#1"},
				"up": {"uv": [4.25, 6.75, 1.75, 4.75], "texture": "#1"},
				"down": {"uv": [7.25, 1.75, 4.75, 3.75], "texture": "#1"}
			}
		}
	],
	"gui_light": "front",
	"display": {
		"thirdperson_righthand": {
			"rotation": [55, 0, 0],
			"translation": [0, 2, 1.75],
			"scale": [0.4, 0.4, 0.4]
		},
		"thirdperson_lefthand": {
			"rotation": [77, 0, 0],
			"translation": [-5.5, -6.25, 2.25]
		},
		"firstperson_righthand": {
			"rotation": [0, 134, 0],
			"translation": [10, -4, -17.5]
		},
		"firstperson_lefthand": {
			"scale": [0, 0, 0]
		},
		"ground": {
			"rotation": [-2, 0, 0],
			"translation": [0, 0.5, -1.25],
			"scale": [0.6, 0.6, 0.6]
		},
		"gui": {
			"rotation": [0, 148, 0],
			"translation": [-0.25, -3, 0],
			"scale": [0.6, 0.6, 0.6]
		},
		"head": {
			"rotation": [6, 0, 0],
			"translation": [0, -23, 4.25],
			"scale": [1.6, 1.6, 1.6]
		},
		"fixed": {
			"translation": [0, -4.75, -9.75],
			"scale": [1.4, 1.4, 1.4]
		}
	}
}