{
	"credit": "Made with Blockbench",
	"texture_size": [32, 32],
	"textures": {
		"1": "item/pilgrimset/pilgrim_battle_axe"
	},
	"elements": [
		{
			"from": [5.96586, 2.5, 8.03414],
			"to": [8.96586, 4.5, 11.03414],
			"rotation": {"angle": 0, "axis": "y", "origin": [8.5, 14.7, 9.03414]},
			"faces": {
				"north": {"uv": [2, 6.5, 3.5, 7.5], "texture": "#1"},
				"east": {"uv": [2, 6.5, 3.5, 7.5], "texture": "#1"},
				"south": {"uv": [2, 6.5, 3.5, 7.5], "texture": "#1"},
				"west": {"uv": [2, 6.5, 3.5, 7.5], "texture": "#1"},
				"up": {"uv": [1.5, 12.5, 0, 11], "rotation": 270, "texture": "#1"}
			}
		},
		{
			"from": [5.94586, 3.79548, -1.16327],
			"to": [8.98586, 6.79548, 1.83673],
			"rotation": {"angle": -45, "axis": "x", "origin": [8.5, 14.7, 9.03414]},
			"faces": {
				"north": {"uv": [3, 12, 1.5, 13.5], "rotation": 270, "texture": "#1"},
				"east": {"uv": [13, 3, 11.5, 4.5], "rotation": 270, "texture": "#1"},
				"south": {"uv": [13, 12, 11.5, 10.5], "rotation": 270, "texture": "#1"},
				"west": {"uv": [11.5, 3, 13, 4.5], "rotation": 90, "texture": "#1"},
				"up": {"uv": [11.5, 4.5, 13, 6], "rotation": 180, "texture": "#1"},
				"down": {"uv": [11.5, 6, 13, 7.5], "texture": "#1"}
			}
		},
		{
			"from": [7.1223, 4.5, 9.11895],
			"to": [9.1223, 11.5, 11.11895],
			"rotation": {"angle": -45, "axis": "y", "origin": [8.5, 14.7, 9.03414]},
			"faces": {
				"north": {"uv": [10.5, 10.5, 11.5, 14], "texture": "#1"},
				"east": {"uv": [11.5, 10.5, 10.5, 14], "texture": "#1"},
				"south": {"uv": [10.5, 10.5, 11.5, 14], "texture": "#1"},
				"west": {"uv": [11.5, 10.5, 10.5, 14], "texture": "#1"}
			}
		},
		{
			"from": [5.96586, 11.5, 8.03414],
			"to": [8.96586, 20.5, 11.03414],
			"rotation": {"angle": 0, "axis": "y", "origin": [8.5, 14.7, 9.03414]},
			"faces": {
				"north": {"uv": [8, 0, 9.5, 4.5], "texture": "#1"},
				"east": {"uv": [8, 0, 9.5, 4.5], "texture": "#1"},
				"south": {"uv": [8, 0, 9.5, 4.5], "texture": "#1"},
				"west": {"uv": [8, 0, 9.5, 4.5], "texture": "#1"},
				"down": {"uv": [15, 0, 13.5, 1.5], "rotation": 90, "texture": "#1"}
			}
		},
		{
			"from": [6.46586, 26.5, 8.03414],
			"to": [8.46586, 28.5, 11.03414],
			"rotation": {"angle": 0, "axis": "y", "origin": [8.5, 14.7, 9.03414]},
			"faces": {
				"north": {"uv": [13, 3, 14, 4], "texture": "#1"},
				"east": {"uv": [14, 7.5, 12.5, 8.5], "texture": "#1"},
				"south": {"uv": [4, 10.5, 5, 11.5], "texture": "#1"},
				"west": {"uv": [12.5, 7.5, 14, 8.5], "texture": "#1"},
				"up": {"uv": [14, 13, 12.5, 12], "rotation": 270, "texture": "#1"}
			}
		},
		{
			"from": [5.96586, 20.5, 6.53414],
			"to": [8.96586, 26.5, 12.53414],
			"rotation": {"angle": 0, "axis": "y", "origin": [8.5, 14.7, 9.03414]},
			"faces": {
				"north": {"uv": [7.5, 9, 9, 12], "texture": "#1"},
				"east": {"uv": [6.5, 4.5, 3.5, 7.5], "texture": "#1"},
				"south": {"uv": [9, 9, 10.5, 12], "texture": "#1"},
				"west": {"uv": [3.5, 4.5, 6.5, 7.5], "texture": "#1"},
				"up": {"uv": [12.5, 1.5, 9.5, 0], "rotation": 270, "texture": "#1"},
				"down": {"uv": [12.5, 1.5, 9.5, 3], "rotation": 90, "texture": "#1"}
			}
		},
		{
			"from": [5.44586, 16.06899, 14.11024],
			"to": [9.48586, 25.06899, 16.11024],
			"rotation": {"angle": -45, "axis": "x", "origin": [8.5, 14.7, 9.03414]},
			"faces": {
				"north": {"uv": [6, 0, 8, 4.5], "texture": "#1"},
				"east": {"uv": [10.5, 3, 9.5, 7.5], "texture": "#1"},
				"south": {"uv": [0, 6.5, 2, 11], "texture": "#1"},
				"west": {"uv": [9.5, 3, 10.5, 7.5], "texture": "#1"},
				"up": {"uv": [10.5, 14, 9.5, 12], "rotation": 270, "texture": "#1"},
				"down": {"uv": [12.5, 12, 11.5, 14], "rotation": 90, "texture": "#1"}
			}
		},
		{
			"from": [5.46586, 16.77609, 2.16516],
			"to": [9.46586, 25.77609, 4.16516],
			"rotation": {"angle": 45, "axis": "x", "origin": [8.5, 14.7, 9.03414]},
			"faces": {
				"north": {"uv": [6.5, 4.5, 8.5, 9], "texture": "#1"},
				"east": {"uv": [11.5, 3, 10.5, 7.5], "texture": "#1"},
				"south": {"uv": [2, 7.5, 4, 12], "texture": "#1"},
				"west": {"uv": [10.5, 3, 11.5, 7.5], "texture": "#1"},
				"up": {"uv": [1, 14.5, 0, 12.5], "rotation": 270, "texture": "#1"},
				"down": {"uv": [13.5, 0, 12.5, 2], "rotation": 90, "texture": "#1"}
			}
		},
		{
			"from": [6.96586, 20.5, 2.53414],
			"to": [7.96586, 26.5, 6.53414],
			"rotation": {"angle": 0, "axis": "y", "origin": [8.5, 14.7, 9.03414]},
			"faces": {
				"north": {"uv": [4, 7.5, 4.5, 10.5], "texture": "#1"},
				"east": {"uv": [6.5, 7.5, 4, 10.5], "texture": "#1"},
				"west": {"uv": [4, 7.5, 6.5, 10.5], "texture": "#1"},
				"up": {"uv": [6.5, 7.5, 4, 8], "rotation": 270, "texture": "#1"},
				"down": {"uv": [6.5, 10, 4, 10.5], "rotation": 90, "texture": "#1"}
			}
		},
		{
			"from": [7.46586, 17.5, -0.46586],
			"to": [7.46586, 30.5, 6.53414],
			"rotation": {"angle": 0, "axis": "y", "origin": [8.5, 14.7, 9.03414]},
			"faces": {
				"east": {"uv": [3.5, 0, 0, 6.5], "texture": "#1"},
				"west": {"uv": [0, 0, 3.5, 6.5], "texture": "#1"}
			}
		},
		{
			"from": [7.46586, 17.5, 12.46586],
			"to": [7.46586, 30.5, 19.46586],
			"rotation": {"angle": 0, "axis": "y", "origin": [8.5, 14.7, 6.96586]},
			"faces": {
				"east": {"uv": [0, 0, 3.5, 6.5], "texture": "#1"},
				"west": {"uv": [3.5, 0, 0, 6.5], "texture": "#1"}
			}
		},
		{
			"from": [6.96586, 20.5, 12.46586],
			"to": [7.96586, 26.5, 16.46586],
			"rotation": {"angle": 0, "axis": "y", "origin": [8.5, 14.7, 6.96586]},
			"faces": {
				"east": {"uv": [4, 7.5, 6.5, 10.5], "texture": "#1"},
				"south": {"uv": [4.5, 7.5, 4, 10.5], "texture": "#1"},
				"west": {"uv": [6.5, 7.5, 4, 10.5], "texture": "#1"},
				"up": {"uv": [4, 7.5, 6.5, 8], "rotation": 270, "texture": "#1"},
				"down": {"uv": [4, 10, 6.5, 10.5], "rotation": 90, "texture": "#1"}
			}
		},
		{
			"from": [7.46586, 12.5, 9.53414],
			"to": [7.46586, 21.5, 14.53414],
			"rotation": {"angle": 45, "axis": "x", "origin": [7.46586, 17, 15.03414]},
			"faces": {
				"east": {"uv": [6, 4.5, 3.5, 0], "texture": "#1"},
				"west": {"uv": [3.5, 4.5, 6, 0], "texture": "#1"}
			}
		},
		{
			"from": [7.46586, 10.5, 3.46586],
			"to": [7.46586, 19.5, 8.46586],
			"rotation": {"angle": -45, "axis": "x", "origin": [7.46586, 17, 0.96586]},
			"faces": {
				"east": {"uv": [3.5, 4.5, 6, 0], "texture": "#1"},
				"west": {"uv": [6, 4.5, 3.5, 0], "texture": "#1"}
			}
		},
		{
			"from": [8.06586, 6.12685, 3.58231],
			"to": [8.11586, 9.12685, 9.58231],
			"rotation": {"angle": -45, "axis": "x", "origin": [8.5, 14.7, 9.03414]},
			"faces": {
				"east": {"uv": [12.5, 7.5, 9.5, 9], "texture": "#1"},
				"west": {"uv": [9.5, 7.5, 12.5, 9], "texture": "#1"}
			}
		},
		{
			"from": [6.60809, 3.6, 9.36355],
			"to": [6.65809, 6.6, 15.36355],
			"rotation": {"angle": 45, "axis": "y", "origin": [8.5, 14.7, 9.03414]},
			"faces": {
				"east": {"uv": [13.5, 9, 10.5, 10.5], "texture": "#1"},
				"west": {"uv": [10.5, 9, 13.5, 10.5], "texture": "#1"}
			}
		}
	],
	"gui_light": "front",
	"display": {
		"thirdperson_righthand": {
			"translation": [1, -4.25, 0],
			"scale": [0.75, 0.75, 0.75]
		},
		"thirdperson_lefthand": {
			"translation": [1, -4.25, 0],
			"scale": [0.75, 0.75, 0.75]
		},
		"firstperson_righthand": {
			"rotation": [0, 15, 0],
			"translation": [0.25, -1, -1.25],
			"scale": [0.54883, 0.54883, 0.54883]
		},
		"firstperson_lefthand": {
			"rotation": [0, 15, 0],
			"translation": [2, 0, -1.25],
			"scale": [0.54883, 0.54883, 0.54883]
		},
		"ground": {
			"rotation": [94, 85, 0],
			"translation": [0, 0, -3.5],
			"scale": [0.5, 0.5, 0.5]
		},
		"gui": {
			"rotation": [-90, 60, 90],
			"translation": [2.25, -4.25, 0],
			"scale": [0.515, 0.515, 0.515]
		},
		"head": {
			"rotation": [90, 180, 90],
			"translation": [-5, 12, 0.25],
			"scale": [0.7, 0.7, 0.7]
		},
		"fixed": {
			"rotation": [0, 90, 0],
			"translation": [-3, -9.5, -2.25],
			"scale": [1.42109, 1.42109, 1.42109]
		}
	}
}