{
	"credit": "Made with Blockbench",
	"texture_size": [32, 32],
	"textures": {
		"0": "item/pilgrimset/pilgrim_bow",
		"particle": "item/pilgrimset/pilgrim_bow"
	},
	"elements": [
		{
			"from": [8, 8, 16],
			"to": [8.05, 23, 17],
			"rotation": {"angle": -22.5, "axis": "x", "origin": [8, 8, 17]},
			"faces": {
				"east": {"uv": [0, 0, 0.5, 7.5], "texture": "#0"},
				"west": {"uv": [0, 0, 0.5, 7.5], "texture": "#0"}
			}
		},
		{
			"from": [8, -7, 16],
			"to": [8.05, 8, 17],
			"rotation": {"angle": 22.5, "axis": "x", "origin": [8, 8, 17]},
			"faces": {
				"east": {"uv": [0, 7, 0.5, 0], "texture": "#0"},
				"west": {"uv": [0, 7.5, 0.5, 0], "texture": "#0"}
			}
		},
		{
			"from": [7, 10.61732, 5.07612],
			"to": [9, 17.61732, 8.07612],
			"rotation": {"angle": -22.5, "axis": "x", "origin": [-0.02, 10.61732, 7.07612]},
			"faces": {
				"north": {"uv": [1.5, 4.5, 2.5, 8], "texture": "#0"},
				"east": {"uv": [0.5, 0, 2, 3.5], "texture": "#0"},
				"south": {"uv": [2.5, 4.5, 3.5, 8], "texture": "#0"},
				"west": {"uv": [2, 0, 0.5, 3.5], "texture": "#0"},
				"up": {"uv": [7, 8.5, 6, 7], "texture": "#0"}
			}
		},
		{
			"from": [6.98, 15.33672, 8.98954],
			"to": [9.02, 17.33672, 16.98954],
			"rotation": {"angle": -45, "axis": "x", "origin": [-0.02, 10.61732, 7.07612]},
			"faces": {
				"east": {"uv": [3.5, 3, 7.5, 4], "texture": "#0"},
				"west": {"uv": [7.5, 3, 3.5, 4], "texture": "#0"},
				"up": {"uv": [1.5, 7.5, 0.5, 3.5], "texture": "#0"},
				"down": {"uv": [4.5, 4, 3.5, 8], "texture": "#0"}
			}
		},
		{
			"from": [6.5, 18.64507, 7.02017],
			"to": [9.5, 20.64507, 10.02017],
			"rotation": {"angle": 22.5, "axis": "x", "origin": [-0.02, 16.75732, 15.88612]},
			"faces": {
				"north": {"uv": [7.5, 3, 9, 4], "texture": "#0"},
				"east": {"uv": [7.5, 3, 9, 4], "texture": "#0"},
				"south": {"uv": [7.5, 3, 9, 4], "texture": "#0"},
				"west": {"uv": [7.5, 3, 9, 4], "texture": "#0"},
				"down": {"uv": [6.5, 0, 5, 1.5], "texture": "#0"}
			}
		},
		{
			"from": [6.47, 23.64555, 12.35732],
			"to": [9.51, 26.64555, 15.35732],
			"rotation": {"angle": -22.5, "axis": "x", "origin": [-0.02, 16.75732, 15.88612]},
			"faces": {
				"north": {"uv": [6.5, 0, 8, 1.5], "texture": "#0"},
				"east": {"uv": [6.5, 1.5, 8, 3], "texture": "#0"},
				"south": {"uv": [6.5, 4, 8, 5.5], "texture": "#0"},
				"west": {"uv": [8, 1.5, 6.5, 3], "texture": "#0"},
				"up": {"uv": [8, 7, 6.5, 5.5], "texture": "#0"},
				"down": {"uv": [6, 7, 4.5, 8.5], "texture": "#0"}
			}
		},
		{
			"from": [9, 20.96965, 10.47103],
			"to": [9.05, 23.96965, 16.47103],
			"rotation": {"angle": 45, "axis": "x", "origin": [1, 22.3, 7.75]},
			"faces": {
				"east": {"uv": [2, 0, 5, 1.5], "texture": "#0"},
				"west": {"uv": [5, 0, 2, 1.5], "texture": "#0"}
			}
		},
		{
			"from": [2.75, 19.7194, 19.26342],
			"to": [2.8, 22.7194, 25.26342],
			"rotation": {"angle": 45, "axis": "y", "origin": [-5.35, -1.4, 7.1]},
			"faces": {
				"east": {"uv": [3.5, 1.5, 6.5, 3], "texture": "#0"},
				"west": {"uv": [6.5, 1.5, 3.5, 3], "texture": "#0"}
			}
		},
		{
			"from": [6.98, 5, 5],
			"to": [9.02, 11, 8],
			"faces": {
				"north": {"uv": [4.5, 4, 5.5, 7], "texture": "#0"},
				"east": {"uv": [2, 1.5, 3.5, 4.5], "texture": "#0"},
				"south": {"uv": [5.5, 4, 6.5, 7], "texture": "#0"},
				"west": {"uv": [3.5, 1.5, 2, 4.5], "texture": "#0"}
			}
		},
		{
			"from": [7, -1.61732, 5.07612],
			"to": [9, 5.38268, 8.07612],
			"rotation": {"angle": 22.5, "axis": "x", "origin": [-0.02, 5.38268, 7.07612]},
			"faces": {
				"north": {"uv": [4, 11.5, 5, 8], "texture": "#0"},
				"east": {"uv": [1.5, 11.5, 3, 8], "texture": "#0"},
				"south": {"uv": [3, 11.5, 4, 8], "texture": "#0"},
				"west": {"uv": [1.5, 11.5, 3, 8], "texture": "#0"},
				"down": {"uv": [7, 7, 6, 8.5], "texture": "#0"}
			}
		},
		{
			"from": [6.98, -1.33672, 8.98954],
			"to": [9.02, 0.66328, 16.98954],
			"rotation": {"angle": 45, "axis": "x", "origin": [-0.02, 5.38268, 7.07612]},
			"faces": {
				"east": {"uv": [3.5, 4, 7.5, 3], "texture": "#0"},
				"west": {"uv": [7.5, 4, 3.5, 3], "texture": "#0"},
				"up": {"uv": [4.5, 8, 3.5, 4], "texture": "#0"},
				"down": {"uv": [1.5, 3.5, 0.5, 7.5], "texture": "#0"}
			}
		},
		{
			"from": [6.5, -4.64507, 7.02017],
			"to": [9.5, -2.64507, 10.02017],
			"rotation": {"angle": -22.5, "axis": "x", "origin": [-0.02, -0.75732, 15.88612]},
			"faces": {
				"north": {"uv": [7.5, 4, 9, 3], "texture": "#0"},
				"east": {"uv": [7.5, 4, 9, 3], "texture": "#0"},
				"south": {"uv": [7.5, 4, 9, 3], "texture": "#0"},
				"west": {"uv": [7.5, 4, 9, 3], "texture": "#0"},
				"up": {"uv": [6.5, 1.5, 5, 0], "texture": "#0"}
			}
		},
		{
			"from": [6.47, -10.64555, 12.35732],
			"to": [9.51, -7.64555, 15.35732],
			"rotation": {"angle": 22.5, "axis": "x", "origin": [-0.02, -0.75732, 15.88612]},
			"faces": {
				"north": {"uv": [6.5, 1.5, 8, 0], "texture": "#0"},
				"east": {"uv": [6.5, 3, 8, 1.5], "texture": "#0"},
				"south": {"uv": [6.5, 5.5, 8, 4], "texture": "#0"},
				"west": {"uv": [8, 3, 6.5, 1.5], "texture": "#0"},
				"up": {"uv": [6, 8.5, 4.5, 7], "texture": "#0"},
				"down": {"uv": [8, 5.5, 6.5, 7], "texture": "#0"}
			}
		},
		{
			"from": [2.75, -6.7194, 19.26342],
			"to": [2.8, -3.7194, 25.26342],
			"rotation": {"angle": 45, "axis": "y", "origin": [-5.35, 17.4, 7.1]},
			"faces": {
				"east": {"uv": [3.5, 3, 6.5, 1.5], "texture": "#0"},
				"west": {"uv": [6.5, 3, 3.5, 1.5], "texture": "#0"}
			}
		},
		{
			"from": [9, -7.96965, 10.47103],
			"to": [9.05, -4.96965, 16.47103],
			"rotation": {"angle": -45, "axis": "x", "origin": [1, -6.3, 7.75]},
			"faces": {
				"east": {"uv": [2, 1.5, 5, 0], "texture": "#0"},
				"west": {"uv": [5, 1.5, 2, 0], "texture": "#0"}
			}
		},
		{
			"from": [6.5, 5.5, -3],
			"to": [6.55, 10.5, 17],
			"rotation": {"angle": 0, "axis": "y", "origin": [0, 0.5, 1]},
			"faces": {
				"east": {"uv": [5.5, 13.5, 15.5, 16], "texture": "#0"},
				"west": {"uv": [15.5, 13.5, 5.5, 16], "texture": "#0"}
			}
		},
		{
			"from": [4.025, 7.975, -3],
			"to": [9.025, 8.025, 17],
			"rotation": {"angle": 0, "axis": "y", "origin": [0, 0.5, 1]},
			"faces": {
				"up": {"uv": [5.5, 13.5, 15.5, 16], "rotation": 270, "texture": "#0"},
				"down": {"uv": [15.5, 13.5, 5.5, 16], "rotation": 270, "texture": "#0"}
			}
		},
		{
			"from": [6, 7.5, 0],
			"to": [7, 8.5, 16],
			"rotation": {"angle": 0, "axis": "y", "origin": [0, 0.5, 1]},
			"faces": {
				"north": {"uv": [13.5, 14.5, 14, 15], "texture": "#0"},
				"east": {"uv": [6, 14.5, 14, 15], "texture": "#0"},
				"south": {"uv": [6, 14.5, 6.5, 15], "texture": "#0"},
				"west": {"uv": [14, 14.5, 6, 15], "texture": "#0"},
				"up": {"uv": [14, 14.5, 6, 15], "rotation": 90, "texture": "#0"},
				"down": {"uv": [6, 14.5, 14, 15], "rotation": 90, "texture": "#0"}
			}
		}
	],
	"gui_light": "front",
	"display": {
		"thirdperson_righthand": {
			"translation": [-1.25, -1.5, 2.5],
			"scale": [0.75, 0.75, 0.75]
		},
		"thirdperson_lefthand": {
			"translation": [-1.25, -1.5, 2.5],
			"scale": [0.75, 0.75, 0.75]
		},
		"firstperson_righthand": {
			"rotation": [21, 38, 3],
			"translation": [1.5, 5, -3],
			"scale": [0.54883, 0.54883, 0.54883]
		},
		"firstperson_lefthand": {
			"rotation": [21, 38, 3],
			"translation": [1.5, 5, -3],
			"scale": [0.54883, 0.54883, 0.54883]
		},
		"ground": {
			"rotation": [94, 85, 0],
			"translation": [0, 0, 1.5],
			"scale": [0.5, 0.5, 0.5]
		},
		"gui": {
			"rotation": [-90, 135, 90],
			"translation": [-1, 1, 0],
			"scale": [0.515, 0.515, 0.515]
		},
		"head": {
			"rotation": [90, 180, 90],
			"translation": [-5, 12, 0.25],
			"scale": [0.7, 0.7, 0.7]
		},
		"fixed": {
			"rotation": [0, 90, 0],
			"translation": [0, -0.75, -2.25],
			"scale": [1.42109, 1.42109, 1.42109]
		}
	},
	"groups": [
		0,
		1,
		2,
		3,
		4,
		5,
		6,
		7,
		8,
		9,
		10,
		11,
		12,
		13,
		14,
		{
			"name": "arrow",
			"origin": [0, 0, 0],
			"color": 0,
			"boneType": "",
			"children": [15, 16, 17]
		}
	]
}