{
	"credit": "Made with Blockbench",
	"texture_size": [32, 32],
	"textures": {
		"0": "item/pilgrimset/pilgrim_bow",
		"particle": "item/pilgrimset/pilgrim_bow"
	},
	"elements": [
		{
			"from": [8, 8, 17],
			"to": [8.05, 20, 18],
			"rotation": {"angle": -22.5, "axis": "x", "origin": [8, 8, 18]},
			"faces": {
				"east": {"uv": [0, 0, 0.5, 6], "texture": "#0"},
				"west": {"uv": [0, 0, 0.5, 6], "texture": "#0"}
			}
		},
		{
			"from": [8, -4, 17],
			"to": [8.05, 8, 18],
			"rotation": {"angle": 22.5, "axis": "x", "origin": [8, 8, 18]},
			"faces": {
				"east": {"uv": [0, 6, 0.5, 0], "texture": "#0"},
				"west": {"uv": [0, 6, 0.5, 0], "texture": "#0"}
			}
		},
		{
			"from": [7, 11, 5],
			"to": [9, 18, 8],
			"rotation": {"angle": 0, "axis": "y", "origin": [9, 11, 8]},
			"faces": {
				"north": {"uv": [1.5, 4.5, 2.5, 8], "texture": "#0"},
				"east": {"uv": [0.5, 0, 2, 3.5], "texture": "#0"},
				"south": {"uv": [2.5, 4.5, 3.5, 8], "texture": "#0"},
				"west": {"uv": [2, 0, 0.5, 3.5], "texture": "#0"},
				"up": {"uv": [7, 8.5, 6, 7], "texture": "#0"}
			}
		},
		{
			"from": [6.98, 16.10208, 8.98954],
			"to": [9.02, 18.10208, 16.98954],
			"rotation": {"angle": -22.5, "axis": "x", "origin": [9, 11, 8]},
			"faces": {
				"east": {"uv": [3.5, 3, 7.5, 4], "texture": "#0"},
				"west": {"uv": [7.5, 3, 3.5, 4], "texture": "#0"},
				"up": {"uv": [1.5, 7.5, 0.5, 3.5], "texture": "#0"},
				"down": {"uv": [4.5, 4, 3.5, 8], "texture": "#0"}
			}
		},
		{
			"from": [6.5, 21.22471, 4.21664],
			"to": [9.5, 23.22471, 7.21664],
			"rotation": {"angle": 45, "axis": "x", "origin": [9, 11, 8]},
			"faces": {
				"north": {"uv": [7.5, 3, 9, 4], "texture": "#0"},
				"east": {"uv": [7.5, 3, 9, 4], "texture": "#0"},
				"south": {"uv": [7.5, 3, 9, 4], "texture": "#0"},
				"west": {"uv": [7.5, 3, 9, 4], "texture": "#0"},
				"down": {"uv": [6.5, 0, 5, 1.5], "texture": "#0"}
			}
		},
		{
			"from": [6.47, 20.18942, 13.96026],
			"to": [9.51, 23.18942, 16.96026],
			"rotation": {"angle": 0, "axis": "y", "origin": [9, 11, 8]},
			"faces": {
				"north": {"uv": [6.5, 0, 8, 1.5], "texture": "#0"},
				"east": {"uv": [6.5, 1.5, 8, 3], "texture": "#0"},
				"south": {"uv": [6.5, 4, 8, 5.5], "texture": "#0"},
				"west": {"uv": [8, 1.5, 6.5, 3], "texture": "#0"},
				"up": {"uv": [8, 7, 6.5, 5.5], "texture": "#0"},
				"down": {"uv": [6, 7, 4.5, 8.5], "texture": "#0"}
			}
		},
		{
			"from": [9, 19.46965, 13.97103],
			"to": [9.05, 22.46965, 19.97103],
			"rotation": {"angle": 45, "axis": "x", "origin": [1, 20.8, 11.25]},
			"faces": {
				"east": {"uv": [2, 0, 5, 1.5], "texture": "#0"},
				"west": {"uv": [5, 0, 2, 1.5], "texture": "#0"}
			}
		},
		{
			"from": [2.75, 18.2194, 22.76342],
			"to": [2.8, 21.2194, 28.76342],
			"rotation": {"angle": 45, "axis": "y", "origin": [-5.35, -2.9, 10.6]},
			"faces": {
				"east": {"uv": [3.5, 1.5, 6.5, 3], "texture": "#0"},
				"west": {"uv": [6.5, 1.5, 3.5, 3], "texture": "#0"}
			}
		},
		{
			"from": [6.98, 5, 5],
			"to": [9.02, 11, 8],
			"faces": {
				"north": {"uv": [4.5, 4, 5.5, 7], "texture": "#0"},
				"east": {"uv": [2, 1.5, 3.5, 4.5], "texture": "#0"},
				"south": {"uv": [5.5, 4, 6.5, 7], "texture": "#0"},
				"west": {"uv": [3.5, 1.5, 2, 4.5], "texture": "#0"}
			}
		},
		{
			"from": [7, -2, 5],
			"to": [9, 5, 8],
			"rotation": {"angle": 0, "axis": "y", "origin": [9.02, 5, 8]},
			"faces": {
				"north": {"uv": [4, 11.5, 5, 8], "texture": "#0"},
				"east": {"uv": [1.5, 11.5, 3, 8], "texture": "#0"},
				"south": {"uv": [3, 11.5, 4, 8], "texture": "#0"},
				"west": {"uv": [1.5, 11.5, 3, 8], "texture": "#0"},
				"down": {"uv": [7, 7, 6, 8.5], "texture": "#0"}
			}
		},
		{
			"from": [6.98, -2.10208, 8.98954],
			"to": [9.02, -0.10208, 16.98954],
			"rotation": {"angle": 22.5, "axis": "x", "origin": [9.02, 5, 8]},
			"faces": {
				"east": {"uv": [3.5, 4, 7.5, 3], "texture": "#0"},
				"west": {"uv": [7.5, 4, 3.5, 3], "texture": "#0"},
				"up": {"uv": [4.5, 8, 3.5, 4], "texture": "#0"},
				"down": {"uv": [1.5, 3.5, 0.5, 7.5], "texture": "#0"}
			}
		},
		{
			"from": [6.5, -7.22471, 4.21664],
			"to": [9.5, -5.22471, 7.21664],
			"rotation": {"angle": -45, "axis": "x", "origin": [9.02, 5, 8]},
			"faces": {
				"north": {"uv": [7.5, 4, 9, 3], "texture": "#0"},
				"east": {"uv": [7.5, 4, 9, 3], "texture": "#0"},
				"south": {"uv": [7.5, 4, 9, 3], "texture": "#0"},
				"west": {"uv": [7.5, 4, 9, 3], "texture": "#0"},
				"up": {"uv": [6.5, 1.5, 5, 0], "texture": "#0"}
			}
		},
		{
			"from": [6.47, -7.18942, 13.96026],
			"to": [9.51, -4.18942, 16.96026],
			"rotation": {"angle": 0, "axis": "y", "origin": [9.02, 5, 8]},
			"faces": {
				"north": {"uv": [6.5, 1.5, 8, 0], "texture": "#0"},
				"east": {"uv": [6.5, 3, 8, 1.5], "texture": "#0"},
				"south": {"uv": [6.5, 5.5, 8, 4], "texture": "#0"},
				"west": {"uv": [8, 3, 6.5, 1.5], "texture": "#0"},
				"up": {"uv": [6, 8.5, 4.5, 7], "texture": "#0"},
				"down": {"uv": [8, 5.5, 6.5, 7], "texture": "#0"}
			}
		},
		{
			"from": [2.75, -5.1194, 22.46342],
			"to": [2.8, -2.1194, 28.46342],
			"rotation": {"angle": 45, "axis": "y", "origin": [-5.35, 19, 10.3]},
			"faces": {
				"east": {"uv": [3.5, 3, 6.5, 1.5], "texture": "#0"},
				"west": {"uv": [6.5, 3, 3.5, 1.5], "texture": "#0"}
			}
		},
		{
			"from": [9, -6.36965, 13.67103],
			"to": [9.05, -3.36965, 19.67103],
			"rotation": {"angle": -45, "axis": "x", "origin": [1, -4.7, 10.95]},
			"faces": {
				"east": {"uv": [2, 1.5, 5, 0], "texture": "#0"},
				"west": {"uv": [5, 1.5, 2, 0], "texture": "#0"}
			}
		},
		{
			"from": [6.5, 5.5, -2],
			"to": [6.55, 10.5, 18],
			"rotation": {"angle": 0, "axis": "y", "origin": [0, 0.5, 2]},
			"faces": {
				"east": {"uv": [5.5, 13.5, 15.5, 16], "texture": "#0"},
				"west": {"uv": [15.5, 13.5, 5.5, 16], "texture": "#0"}
			}
		},
		{
			"from": [4.025, 7.975, -2],
			"to": [9.025, 8.025, 18],
			"rotation": {"angle": 0, "axis": "y", "origin": [0, 0.5, 2]},
			"faces": {
				"up": {"uv": [5.5, 13.5, 15.5, 16], "rotation": 270, "texture": "#0"},
				"down": {"uv": [15.5, 13.5, 5.5, 16], "rotation": 270, "texture": "#0"}
			}
		},
		{
			"from": [6, 7.5, 1],
			"to": [7, 8.5, 17],
			"rotation": {"angle": 0, "axis": "y", "origin": [0, 0.5, 2]},
			"faces": {
				"north": {"uv": [13.5, 14.5, 14, 15], "texture": "#0"},
				"east": {"uv": [6, 14.5, 14, 15], "texture": "#0"},
				"south": {"uv": [6, 14.5, 6.5, 15], "texture": "#0"},
				"west": {"uv": [14, 14.5, 6, 15], "texture": "#0"},
				"up": {"uv": [14, 14.5, 6, 15], "rotation": 90, "texture": "#0"},
				"down": {"uv": [6, 14.5, 14, 15], "rotation": 90, "texture": "#0"}
			}
		}
	],
	"gui_light": "front",
	"display": {
		"thirdperson_righthand": {
			"translation": [-1.25, -1.5, 2.5],
			"scale": [0.75, 0.75, 0.75]
		},
		"thirdperson_lefthand": {
			"translation": [-1.25, -1.5, 2.5],
			"scale": [0.75, 0.75, 0.75]
		},
		"firstperson_righthand": {
			"rotation": [21, 38, 3],
			"translation": [1.5, 5, -3],
			"scale": [0.54883, 0.54883, 0.54883]
		},
		"firstperson_lefthand": {
			"rotation": [21, 38, 3],
			"translation": [1.5, 5, -3],
			"scale": [0.54883, 0.54883, 0.54883]
		},
		"ground": {
			"rotation": [94, 85, 0],
			"translation": [0, 0, 1.5],
			"scale": [0.5, 0.5, 0.5]
		},
		"gui": {
			"rotation": [-90, 135, 90],
			"translation": [-1.5, 1, 0],
			"scale": [0.515, 0.515, 0.515]
		},
		"head": {
			"rotation": [90, 180, 90],
			"translation": [-5, 12, 0.25],
			"scale": [0.7, 0.7, 0.7]
		},
		"fixed": {
			"rotation": [0, 90, 0],
			"translation": [0, -0.75, -2.25],
			"scale": [1.42109, 1.42109, 1.42109]
		}
	},
	"groups": [
		0,
		1,
		2,
		3,
		4,
		5,
		6,
		7,
		8,
		9,
		10,
		11,
		12,
		13,
		14,
		{
			"name": "arrow",
			"origin": [0, 0, 0],
			"color": 0,
			"boneType": "",
			"children": [15, 16, 17]
		}
	]
}