{
	"credit": "Made with Blockbench",
	"texture_size": [32, 32],
	"textures": {
		"0": "item/pilgrimset/pilgrim_fishing_rod",
		"particle": "item/pilgrimset/pilgrim_fishing_rod"
	},
	"elements": [
		{
			"from": [4.56513, 0, 8.53009],
			"to": [4.61513, 3, 14.53009],
			"rotation": {"angle": 45, "axis": "y", "origin": [8.87231, 13.99253, 5.28968]},
			"faces": {
				"east": {"uv": [9.5, 1.5, 6.5, 3], "texture": "#0"},
				"west": {"uv": [6.5, 1.5, 9.5, 3], "texture": "#0"}
			}
		},
		{
			"from": [6.08263, 2.13787, 12.75537],
			"to": [9.08263, 4.13787, 15.75537],
			"rotation": {"angle": 22.5, "axis": "x", "origin": [8.87231, 13.99253, 5.28968]},
			"faces": {
				"north": {"uv": [12, 5.5, 13.5, 6.5], "texture": "#0"},
				"east": {"uv": [12, 5.5, 13.5, 6.5], "texture": "#0"},
				"south": {"uv": [12, 5.5, 13.5, 6.5], "texture": "#0"},
				"west": {"uv": [12, 5.5, 13.5, 6.5], "texture": "#0"},
				"up": {"uv": [11, 3, 9.5, 1.5], "rotation": 270, "texture": "#0"}
			}
		},
		{
			"from": [6.06263, -2.65395, 1.3226],
			"to": [9.10263, 0.34605, 4.3226],
			"rotation": {"angle": -22.5, "axis": "x", "origin": [8.87231, 13.99253, 5.28968]},
			"faces": {
				"north": {"uv": [9.5, 3, 11, 4.5], "texture": "#0"},
				"east": {"uv": [3.5, 9.5, 2, 11], "texture": "#0"},
				"south": {"uv": [9.5, 8.5, 11, 10], "texture": "#0"},
				"west": {"uv": [2, 9.5, 3.5, 11], "texture": "#0"},
				"up": {"uv": [11, 11.5, 9.5, 10], "rotation": 270, "texture": "#0"},
				"down": {"uv": [12, 4.5, 10.5, 6], "rotation": 90, "texture": "#0"}
			}
		},
		{
			"from": [8.08263, 0.56729, 0.96203],
			"to": [8.13263, 3.56729, 6.96203],
			"rotation": {"angle": -45, "axis": "x", "origin": [8.87231, 13.99253, 5.28968]},
			"faces": {
				"east": {"uv": [9.5, 3, 6.5, 4.5], "texture": "#0"},
				"west": {"uv": [6.5, 3, 9.5, 4.5], "texture": "#0"}
			}
		},
		{
			"from": [6.58263, 1, 8.66198],
			"to": [8.58263, 6, 10.66198],
			"rotation": {"angle": 0, "axis": "y", "origin": [8.87231, 13.99253, 5.28968]},
			"faces": {
				"north": {"uv": [0, 9.5, 1, 12], "texture": "#0"},
				"east": {"uv": [9.5, 8.5, 8.5, 11], "texture": "#0"},
				"south": {"uv": [1, 9.5, 2, 12], "texture": "#0"},
				"west": {"uv": [8.5, 8.5, 9.5, 11], "texture": "#0"}
			}
		},
		{
			"from": [6.56263, 4.5525, 5.19443],
			"to": [8.60263, 8.5525, 7.19443],
			"rotation": {"angle": -22.5, "axis": "x", "origin": [8.87231, 13.99253, 5.28968]},
			"faces": {
				"north": {"uv": [8, 11, 9, 13], "texture": "#0"},
				"east": {"uv": [12, 7.5, 11, 9.5], "texture": "#0"},
				"south": {"uv": [11, 9.5, 12, 11.5], "texture": "#0"},
				"west": {"uv": [11, 7.5, 12, 9.5], "texture": "#0"}
			}
		},
		{
			"from": [5.56263, 8.93015, 5.43349],
			"to": [9.56263, 10.93015, 9.43349],
			"rotation": {"angle": 0, "axis": "y", "origin": [8.87231, 13.99253, 5.28968]},
			"faces": {
				"north": {"uv": [9, 11.5, 11, 12.5], "texture": "#0"},
				"east": {"uv": [13.5, 0, 11.5, 1], "texture": "#0"},
				"south": {"uv": [11, 11.5, 13, 12.5], "texture": "#0"},
				"west": {"uv": [11.5, 0, 13.5, 1], "texture": "#0"},
				"up": {"uv": [8.5, 6.5, 6.5, 4.5], "rotation": 270, "texture": "#0"},
				"down": {"uv": [8.5, 6.5, 6.5, 8.5], "rotation": 90, "texture": "#0"}
			}
		},
		{
			"from": [8.16924, 13.93015, 6.43877],
			"to": [12.16924, 15.93015, 10.43877],
			"rotation": {"angle": -45, "axis": "y", "origin": [8.87231, 13.99253, 5.28968]},
			"faces": {
				"north": {"uv": [5.5, 12, 7.5, 13], "texture": "#0"},
				"east": {"uv": [5.5, 12, 7.5, 13], "texture": "#0"},
				"south": {"uv": [5.5, 12, 7.5, 13], "texture": "#0"},
				"west": {"uv": [5.5, 12, 7.5, 13], "texture": "#0"},
				"up": {"uv": [8.5, 10.5, 6.5, 8.5], "rotation": 270, "texture": "#0"},
				"down": {"uv": [10.5, 6.5, 8.5, 8.5], "rotation": 90, "texture": "#0"}
			}
		},
		{
			"from": [8.16924, 20.93015, 6.43877],
			"to": [12.16924, 22.93015, 10.43877],
			"rotation": {"angle": -45, "axis": "y", "origin": [8.87231, 13.99253, 5.28968]},
			"faces": {
				"north": {"uv": [5.5, 12, 7.5, 13], "texture": "#0"},
				"east": {"uv": [5.5, 12, 7.5, 13], "texture": "#0"},
				"south": {"uv": [5.5, 12, 7.5, 13], "texture": "#0"},
				"west": {"uv": [5.5, 12, 7.5, 13], "texture": "#0"},
				"up": {"uv": [8.5, 10.5, 6.5, 8.5], "rotation": 270, "texture": "#0"},
				"down": {"uv": [10.5, 6.5, 8.5, 8.5], "rotation": 90, "texture": "#0"}
			}
		},
		{
			"from": [8.16924, 27.93015, 6.43877],
			"to": [12.16924, 29.93015, 10.43877],
			"rotation": {"angle": -45, "axis": "y", "origin": [8.87231, 13.99253, 5.28968]},
			"faces": {
				"north": {"uv": [5.5, 12, 7.5, 13], "texture": "#0"},
				"east": {"uv": [5.5, 12, 7.5, 13], "texture": "#0"},
				"south": {"uv": [5.5, 12, 7.5, 13], "texture": "#0"},
				"west": {"uv": [5.5, 12, 7.5, 13], "texture": "#0"},
				"up": {"uv": [8.5, 10.5, 6.5, 8.5], "rotation": 270, "texture": "#0"},
				"down": {"uv": [10.5, 6.5, 8.5, 8.5], "rotation": 90, "texture": "#0"}
			}
		},
		{
			"from": [6.06263, 8.63423, 5.66802],
			"to": [9.06263, 12.63423, 9.66802],
			"rotation": {"angle": 45, "axis": "x", "origin": [8.87231, 13.99253, 5.28968]},
			"faces": {
				"north": {"uv": [0, 12, 1.5, 14], "texture": "#0"},
				"east": {"uv": [10.5, 4.5, 8.5, 6.5], "texture": "#0"},
				"south": {"uv": [0, 14, 1.5, 16], "texture": "#0"},
				"west": {"uv": [8.5, 4.5, 10.5, 6.5], "texture": "#0"},
				"up": {"uv": [3.5, 14.5, 1.5, 13], "rotation": 270, "texture": "#0"},
				"down": {"uv": [3.5, 14.5, 1.5, 16], "rotation": 90, "texture": "#0"}
			}
		},
		{
			"from": [6.56263, 10.93015, 7.43349],
			"to": [8.56263, 31.93015, 9.43349],
			"rotation": {"angle": 0, "axis": "y", "origin": [8.87231, 13.99253, 5.28968]},
			"faces": {
				"north": {"uv": [4.5, 1.5, 5.5, 12], "texture": "#0"},
				"east": {"uv": [4.5, 1.5, 3.5, 12], "texture": "#0"},
				"south": {"uv": [5.5, 1.5, 6.5, 12], "texture": "#0"},
				"west": {"uv": [3.5, 1.5, 4.5, 12], "texture": "#0"},
				"up": {"uv": [13, 7.5, 12, 6.5], "rotation": 270, "texture": "#0"},
				"down": {"uv": [13, 7.5, 12, 8.5], "rotation": 90, "texture": "#0"}
			}
		},
		{
			"from": [7.56263, 9.93015, 0.43349],
			"to": [7.61263, 28.93015, 7.43349],
			"rotation": {"angle": 0, "axis": "y", "origin": [8.87231, 13.99253, 5.28968]},
			"faces": {
				"east": {"uv": [3.5, 0, 0, 9.5], "texture": "#0"},
				"west": {"uv": [0, 0, 3.5, 9.5], "texture": "#0"}
			}
		},
		{
			"from": [7.46263, 26.60724, -4.4604],
			"to": [7.51263, 29.67709, 11.5396],
			"rotation": {"angle": -22.5, "axis": "x", "origin": [8.87231, 13.99253, 5.28968]},
			"faces": {
				"east": {"uv": [11.5, 0, 3.5, 1.5], "texture": "#0"},
				"west": {"uv": [3.5, 0, 11.5, 1.5], "texture": "#0"}
			}
		},
		{
			"from": [6.06263, 26.60724, 1.5396],
			"to": [9.06263, 29.67709, 4.5396],
			"rotation": {"angle": -22.5, "axis": "x", "origin": [8.87231, 13.99253, 5.28968]},
			"faces": {
				"north": {"uv": [6.5, 10.5, 8, 12], "texture": "#0"},
				"east": {"uv": [10.5, 6, 12, 7.5], "texture": "#0"},
				"south": {"uv": [11, 1.5, 12.5, 3], "texture": "#0"},
				"west": {"uv": [10.5, 6, 12, 7.5], "texture": "#0"},
				"up": {"uv": [3.5, 12.5, 2, 11], "rotation": 270, "texture": "#0"},
				"down": {"uv": [12.5, 3, 11, 4.5], "rotation": 90, "texture": "#0"}
			}
		}
	],
	"gui_light": "front",
	"display": {
		"thirdperson_righthand": {
			"translation": [0, 0, 0.75],
			"scale": [0.72266, 0.72266, 0.72266]
		},
		"thirdperson_lefthand": {
			"translation": [0, 0, 0.75],
			"scale": [0.72266, 0.72266, 0.72266]
		},
		"firstperson_righthand": {
			"rotation": [-10, 0, 0],
			"translation": [1.75, 1.75, 2.25],
			"scale": [0.41055, 0.41055, 0.41055]
		},
		"firstperson_lefthand": {
			"rotation": [-10, 0, 0],
			"translation": [1.75, 1.75, 2.25],
			"scale": [0.41055, 0.41055, 0.41055]
		},
		"ground": {
			"rotation": [0, 0, 80],
			"translation": [-0.25, -1.5, 0],
			"scale": [0.45352, 0.45352, 0.45352]
		},
		"gui": {
			"rotation": [88, 126, -92],
			"translation": [3.5, -3, -1.5],
			"scale": [0.4707, 0.4707, 0.4707]
		},
		"head": {
			"rotation": [-77.97, -13.17, -87.22],
			"translation": [-3.75, 8.5, 1.75],
			"scale": [0.6, 0.6, 0.6]
		},
		"fixed": {
			"rotation": [-90, -45, -90],
			"translation": [-4.25, -5.25, -1.5],
			"scale": [1.11563, 1.11563, 1.11563]
		}
	},
	"groups": [
		0,
		1,
		2,
		3,
		4,
		5,
		6,
		7,
		8,
		9,
		10,
		11,
		12,
		{
			"name": "hook",
			"origin": [4.02849, 23, -0.12],
			"color": 0,
			"boneType": "",
			"children": [13, 14]
		}
	]
}