{
	"credit": "Made with Blockbench",
	"texture_size": [32, 32],
	"textures": {
		"1": "item/pilgrimset/pilgrim_hoe"
	},
	"elements": [
		{
			"from": [5.07695, 2, 10.76648],
			"to": [8.07695, 4, 13.76648],
			"rotation": {"angle": 0, "axis": "y", "origin": [8, 12.95, 8]},
			"faces": {
				"north": {"uv": [10, 4.5, 11.5, 5.5], "texture": "#1"},
				"east": {"uv": [10, 4.5, 11.5, 5.5], "texture": "#1"},
				"south": {"uv": [10, 4.5, 11.5, 5.5], "texture": "#1"},
				"west": {"uv": [10, 4.5, 11.5, 5.5], "texture": "#1"},
				"up": {"uv": [11, 8, 9.5, 6.5], "rotation": 270, "texture": "#1"}
			}
		},
		{
			"from": [5.05695, 6.29978, 17.68394],
			"to": [8.09695, 9.29978, 20.68394],
			"rotation": {"angle": 45, "axis": "x", "origin": [8, 12.95, 8]},
			"faces": {
				"north": {"uv": [9.5, 9.5, 11, 11], "texture": "#1"},
				"east": {"uv": [11, 8, 9.5, 9.5], "texture": "#1"},
				"south": {"uv": [10, 3, 11.5, 4.5], "texture": "#1"},
				"west": {"uv": [9.5, 8, 11, 9.5], "texture": "#1"},
				"up": {"uv": [9.5, 11.5, 8, 10], "rotation": 270, "texture": "#1"},
				"down": {"uv": [12, 1.5, 10.5, 3], "rotation": 90, "texture": "#1"}
			}
		},
		{
			"from": [5.57695, 4, 11.26648],
			"to": [7.57695, 9, 13.26648],
			"rotation": {"angle": 0, "axis": "y", "origin": [8, 12.95, 8]},
			"faces": {
				"north": {"uv": [0, 9.5, 1, 12], "texture": "#1"},
				"east": {"uv": [8, 9, 7, 11.5], "texture": "#1"},
				"south": {"uv": [1, 9.5, 2, 12], "texture": "#1"},
				"west": {"uv": [7, 9, 8, 11.5], "texture": "#1"}
			}
		},
		{
			"from": [5.55695, 7.28528, 9.354],
			"to": [7.59695, 11.28528, 11.354],
			"rotation": {"angle": -22.5, "axis": "x", "origin": [8, 12.95, 8]},
			"faces": {
				"north": {"uv": [11, 6.5, 12, 8.5], "texture": "#1"},
				"east": {"uv": [3, 9.5, 2, 11.5], "texture": "#1"},
				"south": {"uv": [11, 8.5, 12, 10.5], "texture": "#1"},
				"west": {"uv": [2, 9.5, 3, 11.5], "texture": "#1"}
			}
		},
		{
			"from": [5.57695, 11.5, 8.88799],
			"to": [7.57695, 18.5, 11.88799],
			"rotation": {"angle": 0, "axis": "y", "origin": [8, 12.95, 8]},
			"faces": {
				"north": {"uv": [5, 9, 6, 12.5], "texture": "#1"},
				"east": {"uv": [6, 0, 7.5, 3.5], "texture": "#1"},
				"south": {"uv": [6, 9, 7, 12.5], "texture": "#1"},
				"west": {"uv": [6, 0, 7.5, 3.5], "texture": "#1"},
				"down": {"uv": [12.5, 0, 11, 1], "rotation": 90, "texture": "#1"}
			}
		},
		{
			"from": [5.57695, 23.5, 8.88799],
			"to": [7.57695, 25.5, 11.88799],
			"rotation": {"angle": 0, "axis": "y", "origin": [8, 12.95, 8]},
			"faces": {
				"north": {"uv": [7.5, 3, 8.5, 4], "texture": "#1"},
				"east": {"uv": [8.5, 11.5, 7, 12.5], "texture": "#1"},
				"south": {"uv": [8.5, 6.5, 9.5, 7.5], "texture": "#1"},
				"west": {"uv": [7, 11.5, 8.5, 12.5], "texture": "#1"},
				"up": {"uv": [13, 11.5, 11.5, 10.5], "rotation": 270, "texture": "#1"}
			}
		},
		{
			"from": [5.07695, 18.5, 7.51648],
			"to": [8.07695, 23.5, 13.51648],
			"rotation": {"angle": 0, "axis": "y", "origin": [8, 12.95, 8]},
			"faces": {
				"north": {"uv": [8, 7.5, 9.5, 10], "texture": "#1"},
				"east": {"uv": [5, 4, 2, 6.5], "texture": "#1"},
				"south": {"uv": [8.5, 3, 10, 5.5], "texture": "#1"},
				"west": {"uv": [2, 4, 5, 6.5], "texture": "#1"},
				"up": {"uv": [5, 8, 2, 6.5], "rotation": 270, "texture": "#1"},
				"down": {"uv": [10.5, 1.5, 7.5, 3], "rotation": 90, "texture": "#1"}
			}
		},
		{
			"from": [4.55695, 12.81634, 14.42519],
			"to": [8.59695, 20.81634, 16.42519],
			"rotation": {"angle": -45, "axis": "x", "origin": [8, 12.95, 8]},
			"faces": {
				"north": {"uv": [0, 0, 2, 4], "texture": "#1"},
				"east": {"uv": [4, 8, 3, 12], "texture": "#1"},
				"south": {"uv": [2, 0, 4, 4], "texture": "#1"},
				"west": {"uv": [3, 8, 4, 12], "texture": "#1"},
				"up": {"uv": [10.5, 13, 9.5, 11], "rotation": 270, "texture": "#1"},
				"down": {"uv": [11.5, 11, 10.5, 13], "rotation": 90, "texture": "#1"}
			}
		},
		{
			"from": [4.57695, 16.37519, 3.13366],
			"to": [8.57695, 24.37519, 5.13366],
			"rotation": {"angle": 45, "axis": "x", "origin": [8, 12.95, 8]},
			"faces": {
				"north": {"uv": [0, 4, 2, 8], "texture": "#1"},
				"east": {"uv": [5, 8, 4, 12], "texture": "#1"},
				"south": {"uv": [4, 0, 6, 4], "texture": "#1"},
				"west": {"uv": [4, 8, 5, 12], "texture": "#1"},
				"up": {"uv": [3, 13.5, 2, 11.5], "rotation": 270, "texture": "#1"},
				"down": {"uv": [12.5, 3, 11.5, 5], "rotation": 90, "texture": "#1"}
			}
		},
		{
			"from": [3.76978, 4, 11.21772],
			"to": [3.81978, 7, 17.21772],
			"rotation": {"angle": 45, "axis": "y", "origin": [8, 12.95, 8]},
			"faces": {
				"east": {"uv": [8, 7.5, 5, 9], "texture": "#1"},
				"west": {"uv": [5, 7.5, 8, 9], "texture": "#1"}
			}
		},
		{
			"from": [7.47695, 9.59891, 17.39902],
			"to": [7.52695, 12.59891, 23.39902],
			"rotation": {"angle": 45, "axis": "x", "origin": [8, 12.95, 8]},
			"faces": {
				"east": {"uv": [3, 8, 0, 9.5], "texture": "#1"},
				"west": {"uv": [0, 8, 3, 9.5], "texture": "#1"}
			}
		},
		{
			"from": [5.07695, 21.5, 0.51648],
			"to": [8.07695, 23.5, 7.51648],
			"rotation": {"angle": 0, "axis": "y", "origin": [8, 12.95, 8]},
			"faces": {
				"north": {"uv": [11.5, 11.5, 13, 12.5], "texture": "#1"},
				"east": {"uv": [12, 5.5, 8.5, 6.5], "texture": "#1"},
				"west": {"uv": [8.5, 5.5, 12, 6.5], "texture": "#1"},
				"up": {"uv": [8.5, 7.5, 5, 6], "rotation": 270, "texture": "#1"},
				"down": {"uv": [11, 0, 7.5, 1.5], "rotation": 90, "texture": "#1"}
			}
		},
		{
			"from": [3.07695, 18.5, 0.51648],
			"to": [10.07695, 22.5, 0.56648],
			"rotation": {"angle": 0, "axis": "y", "origin": [8, 12.95, 8]},
			"faces": {
				"north": {"uv": [5, 4, 8.5, 6], "texture": "#1"},
				"south": {"uv": [5, 4, 8.5, 6], "texture": "#1"}
			}
		}
	],
	"gui_light": "front",
	"display": {
		"thirdperson_righthand": {
			"translation": [1, -3.25, -0.5],
			"scale": [0.75, 0.75, 0.75]
		},
		"thirdperson_lefthand": {
			"translation": [1, -3.25, -0.5],
			"scale": [0.75, 0.75, 0.75]
		},
		"firstperson_righthand": {
			"rotation": [0, 15, 0],
			"translation": [2, 0, -1.25],
			"scale": [0.54883, 0.54883, 0.54883]
		},
		"firstperson_lefthand": {
			"rotation": [0, 15, 0],
			"translation": [2, 0, -1.25],
			"scale": [0.54883, 0.54883, 0.54883]
		},
		"ground": {
			"rotation": [94, 85, 0],
			"translation": [0, 0, -3.5],
			"scale": [0.5, 0.5, 0.5]
		},
		"gui": {
			"rotation": [-111, 60, 124],
			"translation": [0.75, -2.75, 0],
			"scale": [0.515, 0.515, 0.515]
		},
		"head": {
			"rotation": [90, 180, 90],
			"translation": [-5, 12, 0.25],
			"scale": [0.7, 0.7, 0.7]
		},
		"fixed": {
			"rotation": [0, 90, 0],
			"translation": [0, -8, -2.25],
			"scale": [1.42109, 1.42109, 1.42109]
		}
	}
}