{
	"credit": "by w11shes",
	"textures": {
		"0": "item/pilgrimset/pilgrim_key",
		"particle": "item/pilgrimset/pilgrim_key"
	},
	"elements": [
		{
			"from": [7.815, 1.75, 7.9875],
			"to": [10.215, 10.15, 10.3875],
			"rotation": {"angle": 0, "axis": "y", "origin": [9, 11.65, 7.9875]},
			"faces": {
				"north": {"uv": [2, 13, 0, 6], "texture": "#0"},
				"east": {"uv": [6, 7, 4, 0], "texture": "#0"},
				"south": {"uv": [8, 7, 6, 0], "texture": "#0"},
				"west": {"uv": [4, 7, 6, 0], "texture": "#0"},
				"up": {"uv": [10, 5, 8, 7], "rotation": 270, "texture": "#0"}
			}
		},
		{
			"from": [8.955, 6.55, 5.5875],
			"to": [9.015, 10.15, 7.9875],
			"rotation": {"angle": 0, "axis": "y", "origin": [9, 11.65, 7.9875]},
			"faces": {
				"east": {"uv": [10, 5, 8, 2], "texture": "#0"},
				"west": {"uv": [8, 5, 10, 2], "texture": "#0"}
			}
		},
		{
			"from": [7.815, -5.45, 6.7875],
			"to": [10.215, 1.75, 11.5875],
			"rotation": {"angle": 0, "axis": "y", "origin": [9, 11.65, 7.9875]},
			"faces": {
				"north": {"uv": [4, 12, 2, 6], "texture": "#0"},
				"east": {"uv": [4, 6, 0, 0], "texture": "#0"},
				"south": {"uv": [6, 13, 4, 7], "texture": "#0"},
				"west": {"uv": [4, 6, 0, 0], "texture": "#0"},
				"up": {"uv": [12, 0, 8, 2], "rotation": 270, "texture": "#0"},
				"down": {"uv": [10, 9, 6, 7], "rotation": 90, "texture": "#0"}
			}
		},
		{
			"from": [10.215, 0.55, 10.3875],
			"to": [7.815, -4.25, 7.9875],
			"rotation": {"angle": 0, "axis": "y", "origin": [9, 11.65, 7.9875]},
			"faces": {
				"north": {"uv": [6, 8, 4, 12], "texture": "#0"},
				"south": {"uv": [4, 7, 2, 11], "texture": "#0"},
				"up": {"uv": [7, 9, 9, 7], "rotation": 270, "texture": "#0"},
				"down": {"uv": [9, 0, 11, 2], "rotation": 90, "texture": "#0"}
			}
		}
	],
	"gui_light": "front",
	"display": {
		"thirdperson_righthand": {
			"translation": [0, 5.25, 0.75],
			"scale": [0.5, 0.5, 0.5]
		},
		"thirdperson_lefthand": {
			"translation": [0, 5.25, 0.75],
			"scale": [0.5, 0.5, 0.5]
		},
		"firstperson_righthand": {
			"rotation": [-54, 0, 0],
			"translation": [1.25, 6, -3.5],
			"scale": [0.6, 0.6, 0.6]
		},
		"firstperson_lefthand": {
			"rotation": [-54, 0, 0],
			"translation": [1.25, 6, -3.5],
			"scale": [0.6, 0.6, 0.6]
		},
		"ground": {
			"rotation": [0, 0, 88],
			"translation": [-2, -0.25, 0.25],
			"scale": [0.6, 0.6, 0.6]
		},
		"gui": {
			"rotation": [-90, 90, -90],
			"translation": [-0.25, -4.75, -1.5],
			"scale": [0.79, 0.79, 0.79]
		},
		"head": {
			"rotation": [-180, 0, 0],
			"translation": [0, 8.75, 1.75],
			"scale": [0.6, 0.6, 0.6]
		},
		"fixed": {
			"rotation": [-90, -90, -90],
			"translation": [0, 9.25, -2],
			"scale": [1.2, 1.2, 1.2]
		}
	}
}