{
	"credit": "Made with Blockbench",
	"texture_size": [32, 32],
	"textures": {
		"1": "item/pilgrimset/pilgrim_pickaxe"
	},
	"elements": [
		{
			"from": [7.65789, 2, 7.65789],
			"to": [10.65789, 4, 10.65789],
			"rotation": {"angle": 0, "axis": "y", "origin": [8, 12.7, 9.15789]},
			"faces": {
				"north": {"uv": [10.5, 10.5, 12, 11.5], "texture": "#1"},
				"east": {"uv": [10.5, 10.5, 12, 11.5], "texture": "#1"},
				"south": {"uv": [10.5, 10.5, 12, 11.5], "texture": "#1"},
				"west": {"uv": [10.5, 10.5, 12, 11.5], "texture": "#1"},
				"up": {"uv": [10.5, 1.5, 9, 0], "rotation": 90, "texture": "#1"}
			}
		},
		{
			"from": [7.63789, 3.20969, -0.33242],
			"to": [10.67789, 6.20969, 2.66758],
			"rotation": {"angle": -45, "axis": "x", "origin": [8, 12.7, 9.15789]},
			"faces": {
				"north": {"uv": [10, 3, 11.5, 4.5], "texture": "#1"},
				"east": {"uv": [0, 10, 1.5, 11.5], "texture": "#1"},
				"south": {"uv": [10, 1.5, 11.5, 3], "texture": "#1"},
				"west": {"uv": [1.5, 10, 0, 11.5], "texture": "#1"},
				"up": {"uv": [11.5, 8.5, 10, 7], "rotation": 90, "texture": "#1"},
				"down": {"uv": [12, 0, 10.5, 1.5], "rotation": 270, "texture": "#1"}
			}
		},
		{
			"from": [7.81875, 4, 7.33914],
			"to": [9.81875, 11, 9.33914],
			"rotation": {"angle": -45, "axis": "y", "origin": [8, 12.7, 9.15789]},
			"faces": {
				"north": {"uv": [6.5, 9, 7.5, 12.5], "texture": "#1"},
				"east": {"uv": [2, 8, 3, 11.5], "texture": "#1"},
				"south": {"uv": [5.5, 9, 6.5, 12.5], "texture": "#1"},
				"west": {"uv": [2, 8, 3, 11.5], "texture": "#1"}
			}
		},
		{
			"from": [7.65789, 11, 7.65789],
			"to": [10.65789, 18, 10.65789],
			"rotation": {"angle": 0, "axis": "y", "origin": [8, 12.7, 9.15789]},
			"faces": {
				"north": {"uv": [6, 5.5, 7.5, 9], "texture": "#1"},
				"east": {"uv": [6, 5.5, 7.5, 9], "texture": "#1"},
				"south": {"uv": [6, 5.5, 7.5, 9], "texture": "#1"},
				"west": {"uv": [6, 5.5, 7.5, 9], "texture": "#1"},
				"down": {"uv": [1.5, 11.5, 0, 12.5], "rotation": 270, "texture": "#1"}
			}
		},
		{
			"from": [8.15789, 23, 7.65789],
			"to": [10.15789, 25, 10.65789],
			"rotation": {"angle": 0, "axis": "y", "origin": [8, 12.7, 9.15789]},
			"faces": {
				"north": {"uv": [7.5, 11, 8.5, 12], "texture": "#1"},
				"east": {"uv": [1.5, 11.5, 3, 12.5], "texture": "#1"},
				"south": {"uv": [9, 1.5, 10, 2.5], "texture": "#1"},
				"west": {"uv": [3, 11.5, 1.5, 12.5], "texture": "#1"},
				"up": {"uv": [13, 2.5, 11.5, 1.5], "rotation": 90, "texture": "#1"}
			}
		},
		{
			"from": [7.65789, 18, 5.15789],
			"to": [10.65789, 23, 13.15789],
			"rotation": {"angle": 0, "axis": "y", "origin": [8, 12.7, 9.15789]},
			"faces": {
				"north": {"uv": [8.5, 7, 10, 9.5], "texture": "#1"},
				"east": {"uv": [0, 0, 4, 2.5], "texture": "#1"},
				"south": {"uv": [4, 8, 5.5, 10.5], "texture": "#1"},
				"west": {"uv": [0, 0, 4, 2.5], "texture": "#1"},
				"up": {"uv": [10, 4, 6, 2.5], "rotation": 90, "texture": "#1"},
				"down": {"uv": [10, 4, 6, 5.5], "rotation": 270, "texture": "#1"}
			}
		},
		{
			"from": [7.13789, 14.21543, 2.64245],
			"to": [11.17789, 22.21543, 4.64245],
			"rotation": {"angle": 45, "axis": "x", "origin": [8, 12.7, 9.15789]},
			"faces": {
				"north": {"uv": [2, 2.5, 4, 6.5], "texture": "#1"},
				"east": {"uv": [3, 6.5, 4, 10.5], "texture": "#1"},
				"south": {"uv": [0, 2.5, 2, 6.5], "texture": "#1"},
				"west": {"uv": [4, 6.5, 3, 10.5], "texture": "#1"},
				"up": {"uv": [4, 12.5, 3, 10.5], "rotation": 90, "texture": "#1"},
				"down": {"uv": [5, 10.5, 4, 12.5], "rotation": 270, "texture": "#1"}
			}
		},
		{
			"from": [7.15789, 14.21543, 13.67332],
			"to": [11.15789, 22.21543, 15.67332],
			"rotation": {"angle": -45, "axis": "x", "origin": [8, 12.7, 9.15789]},
			"faces": {
				"north": {"uv": [4, 4, 6, 8], "texture": "#1"},
				"east": {"uv": [7.5, 7, 8.5, 11], "texture": "#1"},
				"south": {"uv": [4, 0, 6, 4], "texture": "#1"},
				"west": {"uv": [8.5, 7, 7.5, 11], "texture": "#1"},
				"up": {"uv": [11.5, 6.5, 10.5, 4.5], "rotation": 90, "texture": "#1"},
				"down": {"uv": [11.5, 8.5, 10.5, 10.5], "rotation": 270, "texture": "#1"}
			}
		},
		{
			"from": [9.5087, 4.3, 2.98669],
			"to": [9.5587, 7.3, 8.98669],
			"rotation": {"angle": 45, "axis": "y", "origin": [8, 12.7, 9.15789]},
			"faces": {
				"east": {"uv": [0, 6.5, 3, 8], "texture": "#1"},
				"west": {"uv": [3, 6.5, 0, 8], "texture": "#1"}
			}
		},
		{
			"from": [8.20789, 6.32096, -2.65252],
			"to": [8.25789, 9.32096, 3.34748],
			"rotation": {"angle": -45, "axis": "x", "origin": [8, 12.7, 9.15789]},
			"faces": {
				"east": {"uv": [7.5, 5.5, 10.5, 7], "texture": "#1"},
				"west": {"uv": [10.5, 5.5, 7.5, 7], "texture": "#1"}
			}
		},
		{
			"from": [8.65789, 19, 13.15789],
			"to": [9.65789, 23, 17.15789],
			"rotation": {"angle": 0, "axis": "y", "origin": [8, 12.7, 9.15789]},
			"faces": {
				"east": {"uv": [0, 8, 2, 10], "texture": "#1"},
				"south": {"uv": [0, 8, 0.5, 10], "texture": "#1"},
				"west": {"uv": [2, 8, 0, 10], "texture": "#1"},
				"up": {"uv": [2, 8, 0, 8.5], "rotation": 90, "texture": "#1"},
				"down": {"uv": [2, 9.5, 0, 10], "rotation": 270, "texture": "#1"}
			}
		},
		{
			"from": [9.10789, 20.27743, 12.60728],
			"to": [9.15789, 25.27743, 18.60728],
			"rotation": {"angle": 22.5, "axis": "x", "origin": [8, 12.7, 9.15789]},
			"faces": {
				"east": {"uv": [6, 0, 9, 2.5], "texture": "#1"},
				"west": {"uv": [9, 0, 6, 2.5], "texture": "#1"}
			}
		},
		{
			"from": [8.65789, 19, 1.15789],
			"to": [9.65789, 23, 5.15789],
			"rotation": {"angle": 0, "axis": "y", "origin": [8, 12.7, 9.15789]},
			"faces": {
				"north": {"uv": [0.5, 8, 0, 10], "texture": "#1"},
				"east": {"uv": [2, 8, 0, 10], "texture": "#1"},
				"west": {"uv": [0, 8, 2, 10], "texture": "#1"},
				"up": {"uv": [0, 8, 2, 8.5], "rotation": 90, "texture": "#1"},
				"down": {"uv": [0, 9.5, 2, 10], "rotation": 270, "texture": "#1"}
			}
		},
		{
			"from": [9.10789, 20.27743, -0.29151],
			"to": [9.15789, 25.27743, 5.70849],
			"rotation": {"angle": -22.5, "axis": "x", "origin": [8, 12.7, 9.15789]},
			"faces": {
				"east": {"uv": [9, 0, 6, 2.5], "texture": "#1"},
				"west": {"uv": [6, 0, 9, 2.5], "texture": "#1"}
			}
		}
	],
	"gui_light": "front",
	"display": {
		"thirdperson_righthand": {
			"translation": [-0.75, -1.5, 0.5],
			"scale": [0.75, 0.75, 0.75]
		},
		"thirdperson_lefthand": {
			"translation": [-0.75, -1.5, 0.5],
			"scale": [0.75, 0.75, 0.75]
		},
		"firstperson_righthand": {
			"rotation": [0, 15, 0],
			"translation": [1.75, 0, -2.5],
			"scale": [0.54883, 0.54883, 0.54883]
		},
		"firstperson_lefthand": {
			"rotation": [0, 15, 0],
			"translation": [1.75, 0, -2.5],
			"scale": [0.54883, 0.54883, 0.54883]
		},
		"ground": {
			"rotation": [94, 85, 0],
			"translation": [0, 0, -1.75],
			"scale": [0.5, 0.5, 0.5]
		},
		"gui": {
			"rotation": [-90, 50, 90],
			"translation": [2.25, -3, 0],
			"scale": [0.515, 0.515, 0.515]
		},
		"head": {
			"rotation": [90, -171, 90],
			"translation": [-2.25, 9.25, 0.25],
			"scale": [0.7, 0.7, 0.7]
		},
		"fixed": {
			"rotation": [0, 90, 0],
			"translation": [-1.75, -6.75, -1.25],
			"scale": [1.42109, 1.42109, 1.42109]
		}
	}
}