{
	"credit": "Made with Blockbench",
	"texture_size": [32, 32],
	"textures": {
		"0": "item/pilgrimset/pilgrim_blunderbuss",
		"particle": "item/pilgrimset/pilgrim_blunderbuss"
	},
	"elements": [
		{
			"from": [5.54312, -1.2301, 2],
			"to": [9.54312, 2.7699, 4],
			"rotation": {"angle": -45, "axis": "z", "origin": [9.85997, 1.08345, 13.03953]},
			"faces": {
				"north": {"uv": [5, 10, 7, 12], "texture": "#0"},
				"east": {"uv": [1, 10.5, 2, 12.5], "texture": "#0"},
				"south": {"uv": [10, 8, 12, 10], "texture": "#0"},
				"west": {"uv": [10.5, 2.5, 11.5, 4.5], "texture": "#0"},
				"up": {"uv": [12.5, 5.5, 10.5, 4.5], "texture": "#0"},
				"down": {"uv": [12.5, 5.5, 10.5, 6.5], "texture": "#0"}
			}
		},
		{
			"from": [7, 1, 4],
			"to": [9, 4, 17],
			"rotation": {"angle": 0, "axis": "y", "origin": [9.85997, 1.08345, 13.03953]},
			"faces": {
				"east": {"uv": [6.5, 0, 0, 1.5], "texture": "#0"},
				"south": {"uv": [2, 8, 3, 9.5], "texture": "#0"},
				"west": {"uv": [0, 0, 6.5, 1.5], "texture": "#0"},
				"up": {"uv": [4, 9.5, 3, 3], "texture": "#0"},
				"down": {"uv": [5, 3, 4, 9.5], "texture": "#0"}
			}
		},
		{
			"from": [6.5, 0, 6],
			"to": [9.5, 3, 16],
			"rotation": {"angle": 0, "axis": "y", "origin": [9.85997, 1.08345, 13.03953]},
			"faces": {
				"north": {"uv": [10.5, 1, 12, 2.5], "texture": "#0"},
				"east": {"uv": [5, 1.5, 0, 3], "texture": "#0"},
				"west": {"uv": [0, 1.5, 5, 3], "texture": "#0"},
				"up": {"uv": [1.5, 8, 0, 3], "texture": "#0"},
				"down": {"uv": [3, 3, 1.5, 8], "texture": "#0"}
			}
		},
		{
			"from": [8, -2, 12.1],
			"to": [8.05, 0, 17.1],
			"rotation": {"angle": 0, "axis": "y", "origin": [9.85997, 1.08345, 13.03953]},
			"faces": {
				"east": {"uv": [13.5, 11, 11, 12], "texture": "#0"},
				"west": {"uv": [11, 11, 13.5, 12], "texture": "#0"}
			}
		},
		{
			"from": [8, 4, 13],
			"to": [8.05, 6, 17],
			"rotation": {"angle": 0, "axis": "y", "origin": [9.85997, 1.08345, 13.03953]},
			"faces": {
				"east": {"uv": [13.5, 2.5, 11.5, 3.5], "texture": "#0"},
				"west": {"uv": [11.5, 2.5, 13.5, 3.5], "texture": "#0"}
			}
		},
		{
			"from": [6.48, 0.98704, 15.04121],
			"to": [9.52, 3.98704, 22.04121],
			"rotation": {"angle": 22.5, "axis": "x", "origin": [9.85997, 1.08345, 13.03953]},
			"faces": {
				"east": {"uv": [10, 0, 6.5, 1.5], "texture": "#0"},
				"west": {"uv": [6.5, 0, 10, 1.5], "texture": "#0"},
				"up": {"uv": [8.5, 5, 7, 1.5], "texture": "#0"},
				"down": {"uv": [8.5, 5, 7, 8.5], "texture": "#0"}
			}
		},
		{
			"from": [6, -2.89752, 18.27582],
			"to": [10, 2.10248, 20.27582],
			"rotation": {"angle": 0, "axis": "y", "origin": [9.85997, 1.08345, 13.03953]},
			"faces": {
				"north": {"uv": [5, 7.5, 7, 10], "texture": "#0"},
				"east": {"uv": [1, 10.5, 0, 13], "texture": "#0"},
				"south": {"uv": [0, 8, 2, 10.5], "texture": "#0"},
				"west": {"uv": [0, 10.5, 1, 13], "texture": "#0"},
				"up": {"uv": [13.5, 4.5, 11.5, 3.5], "texture": "#0"},
				"down": {"uv": [13.5, 6.5, 11.5, 7.5], "texture": "#0"}
			}
		},
		{
			"from": [5.98, -3.67132, 15.73437],
			"to": [10.03, -1.67132, 20.73437],
			"rotation": {"angle": -22.5, "axis": "x", "origin": [9.85997, 1.08345, 13.03953]},
			"faces": {
				"north": {"uv": [7, 11.5, 9, 12.5], "texture": "#0"},
				"east": {"uv": [10, 0, 12.5, 1], "texture": "#0"},
				"south": {"uv": [12, 1, 14, 2], "texture": "#0"},
				"west": {"uv": [10, 0, 12.5, 1], "texture": "#0"},
				"up": {"uv": [10.5, 4, 8.5, 1.5], "texture": "#0"},
				"down": {"uv": [10.5, 4, 8.5, 6.5], "texture": "#0"}
			}
		},
		{
			"from": [6, -2.01296, 22.04121],
			"to": [10, 3.98704, 24.04121],
			"rotation": {"angle": 22.5, "axis": "x", "origin": [9.85997, 1.08345, 13.03953]},
			"faces": {
				"north": {"uv": [5, 1.5, 7, 4.5], "texture": "#0"},
				"east": {"uv": [11, 10, 10, 13], "texture": "#0"},
				"south": {"uv": [5, 4.5, 7, 7.5], "texture": "#0"},
				"west": {"uv": [10, 10, 11, 13], "texture": "#0"},
				"up": {"uv": [4, 12, 2, 11], "texture": "#0"},
				"down": {"uv": [13, 10, 11, 11], "texture": "#0"}
			}
		},
		{
			"from": [6.5, 2.52575, 16.7735],
			"to": [9.5, 5.52575, 22.7735],
			"rotation": {"angle": 45, "axis": "x", "origin": [9.85997, 1.08345, 13.03953]},
			"faces": {
				"east": {"uv": [11.5, 6.5, 8.5, 8], "texture": "#0"},
				"west": {"uv": [8.5, 6.5, 11.5, 8], "texture": "#0"},
				"down": {"uv": [8.5, 8.5, 7, 11.5], "texture": "#0"}
			}
		},
		{
			"from": [8.41024, 0.14547, 20.3],
			"to": [11.41024, 6.14547, 20.35],
			"rotation": {"angle": -22.5, "axis": "z", "origin": [9.85997, 1.08345, 13.03953]},
			"faces": {
				"north": {"uv": [8.5, 8, 10, 11], "texture": "#0"},
				"south": {"uv": [8.5, 8, 10, 11], "texture": "#0"}
			}
		},
		{
			"from": [15.27418, -1, 18.79835],
			"to": [21.27418, 2, 18.84835],
			"rotation": {"angle": -45, "axis": "y", "origin": [9.85997, 1.08345, 13.03953]},
			"faces": {
				"north": {"uv": [5, 9.5, 2, 11], "texture": "#0"},
				"south": {"uv": [2, 9.5, 5, 11], "texture": "#0"}
			}
		}
	],
	"gui_light": "front",
	"display": {
		"thirdperson_righthand": {
			"translation": [-0.25, 6.25, -5],
			"scale": [0.75, 0.75, 0.75]
		},
		"thirdperson_lefthand": {
			"translation": [-0.25, 6.25, -5],
			"scale": [0.75, 0.75, 0.75]
		},
		"firstperson_righthand": {
			"rotation": [10, 15, 0],
			"translation": [-3.5, 8.5, -2.25],
			"scale": [0.54883, 0.54883, 0.54883]
		},
		"firstperson_lefthand": {
			"rotation": [10, 15, 0],
			"translation": [-3.5, 8.5, -2.25],
			"scale": [0.54883, 0.54883, 0.54883]
		},
		"ground": {
			"rotation": [94, 85, 0],
			"translation": [-3.5, 0, 3.25],
			"scale": [0.5, 0.5, 0.5]
		},
		"gui": {
			"rotation": [24, 105, 0],
			"translation": [-2.75, 3, 0],
			"scale": [0.60875, 0.60875, 0.60875]
		},
		"head": {
			"rotation": [90, -116, 90],
			"translation": [6.75, 12.75, 0.25],
			"scale": [0.7, 0.7, 0.7]
		},
		"fixed": {
			"rotation": [0, 90, 0],
			"translation": [-5.5, 10, -2.25],
			"scale": [1.42109, 1.42109, 1.42109]
		}
	}
}