{
	"credit": "Made with Blockbench",
	"texture_size": [32, 32],
	"textures": {
		"0": "item/pilgrimset/pilgrim_pitchfork",
		"particle": "item/pilgrimset/pilgrim_pitchfork"
	},
	"elements": [
		{
			"from": [6.74908, -1, 3.41383],
			"to": [8.74908, 19, 5.41383],
			"rotation": {"angle": -45, "axis": "y", "origin": [6.75, 12.2, 5.41291]},
			"faces": {
				"north": {"uv": [1, 4, 0, 14], "texture": "#0"},
				"east": {"uv": [0, 4, 1, 14], "texture": "#0"},
				"south": {"uv": [1, 4, 0, 14], "texture": "#0"},
				"west": {"uv": [0, 4, 1, 14], "texture": "#0"}
			}
		},
		{
			"from": [6.24908, 19, 2.91383],
			"to": [9.24908, 23, 5.91383],
			"rotation": {"angle": -45, "axis": "y", "origin": [6.75, 12.2, 5.41291]},
			"faces": {
				"north": {"uv": [4, 4, 5.5, 6], "texture": "#0"},
				"east": {"uv": [4, 4, 5.5, 6], "texture": "#0"},
				"south": {"uv": [4, 4, 5.5, 6], "texture": "#0"},
				"west": {"uv": [4, 4, 5.5, 6], "texture": "#0"},
				"up": {"uv": [6.5, 1.5, 5, 0], "rotation": 90, "texture": "#0"},
				"down": {"uv": [6.5, 1.5, 5, 3], "rotation": 270, "texture": "#0"}
			}
		},
		{
			"from": [7.16291, 22, 3.41291],
			"to": [9.16291, 24, 7.41291],
			"rotation": {"angle": 0, "axis": "y", "origin": [6.75, 12.2, 5.41291]},
			"faces": {
				"east": {"uv": [6.5, 0, 8.5, 1], "texture": "#0"},
				"west": {"uv": [6.5, 0, 8.5, 1], "texture": "#0"},
				"up": {"uv": [8.5, 2, 6.5, 1], "rotation": 90, "texture": "#0"},
				"down": {"uv": [8.5, 2, 6.5, 3], "rotation": 270, "texture": "#0"}
			}
		},
		{
			"from": [7.14291, 20.48865, -4.18514],
			"to": [9.18291, 22.48865, -0.18514],
			"rotation": {"angle": 22.5, "axis": "x", "origin": [6.75, 12.2, 5.41291]},
			"faces": {
				"north": {"uv": [5.5, 7.5, 6.5, 8.5], "texture": "#0"},
				"east": {"uv": [1, 7, 3, 8], "texture": "#0"},
				"west": {"uv": [3, 7, 1, 8], "texture": "#0"},
				"up": {"uv": [9, 4, 7, 3], "rotation": 90, "texture": "#0"},
				"down": {"uv": [9, 4, 7, 5], "rotation": 270, "texture": "#0"}
			}
		},
		{
			"from": [7.14291, 20.48865, 11.01097],
			"to": [9.18291, 22.48865, 15.01097],
			"rotation": {"angle": -22.5, "axis": "x", "origin": [6.75, 12.2, 5.41291]},
			"faces": {
				"east": {"uv": [7, 5, 9, 6], "texture": "#0"},
				"south": {"uv": [1, 8, 2, 9], "texture": "#0"},
				"west": {"uv": [9, 5, 7, 6], "texture": "#0"},
				"up": {"uv": [9, 7, 7, 6], "rotation": 90, "texture": "#0"},
				"down": {"uv": [9, 7, 7, 8], "rotation": 270, "texture": "#0"}
			}
		},
		{
			"from": [8.16291, 24, 0.41291],
			"to": [8.16291, 32, 10.41291],
			"rotation": {"angle": 0, "axis": "y", "origin": [6.75, 12.2, 5.41291]},
			"faces": {
				"east": {"uv": [0, 0, 5, 4], "texture": "#0"},
				"west": {"uv": [0, 0, 5, 4], "texture": "#0"}
			}
		},
		{
			"from": [6.66291, -3, 3.91291],
			"to": [9.66291, -1, 6.91291],
			"rotation": {"angle": 0, "axis": "y", "origin": [6.75, 12.2, 5.41291]},
			"faces": {
				"north": {"uv": [3, 7.5, 4.5, 8.5], "texture": "#0"},
				"east": {"uv": [3, 7.5, 4.5, 8.5], "texture": "#0"},
				"south": {"uv": [3, 7.5, 4.5, 8.5], "texture": "#0"},
				"west": {"uv": [3, 7.5, 4.5, 8.5], "texture": "#0"},
				"up": {"uv": [2.5, 7, 1, 5.5], "rotation": 90, "texture": "#0"}
			}
		},
		{
			"from": [6.64291, -0.47229, -7.25937],
			"to": [9.68291, 2.52771, -4.25937],
			"rotation": {"angle": -45, "axis": "x", "origin": [6.75, 12.2, 5.41291]},
			"faces": {
				"north": {"uv": [5.5, 4.5, 7, 6], "texture": "#0"},
				"east": {"uv": [2.5, 5.5, 4, 7], "texture": "#0"},
				"south": {"uv": [5.5, 3, 7, 4.5], "texture": "#0"},
				"west": {"uv": [4, 5.5, 2.5, 7], "texture": "#0"},
				"up": {"uv": [5.5, 7.5, 4, 6], "rotation": 90, "texture": "#0"},
				"down": {"uv": [7, 6, 5.5, 7.5], "rotation": 270, "texture": "#0"}
			}
		},
		{
			"from": [7.68842, -1, 5.37449],
			"to": [7.73842, 2, 11.37449],
			"rotation": {"angle": -45, "axis": "y", "origin": [6.75, 12.2, 5.41291]},
			"faces": {
				"east": {"uv": [4, 4, 1, 5.5], "texture": "#0"},
				"west": {"uv": [1, 4, 4, 5.5], "texture": "#0"}
			}
		},
		{
			"from": [7.66291, 1.81924, -2.06785],
			"to": [7.71291, 4.81924, 3.93215],
			"rotation": {"angle": -45, "axis": "x", "origin": [6.75, 12.2, 5.41291]},
			"faces": {
				"east": {"uv": [5, 8.5, 2, 10], "texture": "#0"},
				"west": {"uv": [2, 8.5, 5, 10], "texture": "#0"}
			}
		}
	],
	"gui_light": "front",
	"display": {
		"thirdperson_righthand": {
			"translation": [-0.25, -1.5, 3],
			"scale": [0.75, 0.75, 0.75]
		},
		"thirdperson_lefthand": {
			"translation": [-0.25, -1.5, 3],
			"scale": [0.75, 0.75, 0.75]
		},
		"firstperson_righthand": {
			"rotation": [-6.23, 8.57, 10.66],
			"translation": [7.25, -3.5, -3.5],
			"scale": [0.70117, 0.70117, 0.70117]
		},
		"firstperson_lefthand": {
			"rotation": [-6.23, 8.57, 10.66],
			"translation": [7.25, -3.5, -3.5],
			"scale": [0.70117, 0.70117, 0.70117]
		},
		"ground": {
			"rotation": [94, 85, 0],
			"translation": [0, 0, -2.25],
			"scale": [0.5, 0.5, 0.5]
		},
		"gui": {
			"rotation": [-90, 45, 90],
			"translation": [3, -1.5, 0],
			"scale": [0.47398, 0.47398, 0.47398]
		},
		"head": {
			"rotation": [90, 180, 90],
			"translation": [-5, 12, 0.25],
			"scale": [0.7, 0.7, 0.7]
		},
		"fixed": {
			"rotation": [0, 90, 0],
			"translation": [4, -7.5, -2.25],
			"scale": [1.42109, 1.42109, 1.42109]
		}
	}
}