{
	"credit": "Made with Blockbench",
	"texture_size": [32, 32],
	"textures": {
		"2": "item/pilgrimset/pilgrim_shovel",
		"particle": "item/pilgrimset/pilgrim_shovel"
	},
	"elements": [
		{
			"from": [7.01768, 2, 3.87868],
			"to": [10.01768, 4, 6.87868],
			"rotation": {"angle": 0, "axis": "y", "origin": [9.5695, 14.45, 6.94818]},
			"faces": {
				"north": {"uv": [1.5, 10.5, 3, 11.5], "texture": "#2"},
				"east": {"uv": [1.5, 10.5, 3, 11.5], "texture": "#2"},
				"south": {"uv": [1.5, 10.5, 3, 11.5], "texture": "#2"},
				"west": {"uv": [1.5, 10.5, 3, 11.5], "texture": "#2"},
				"up": {"uv": [10, 10.5, 8.5, 9], "rotation": 90, "texture": "#2"}
			}
		},
		{
			"from": [6.99768, 4.83206, -4.88937],
			"to": [10.03768, 7.83206, -1.88937],
			"rotation": {"angle": -45, "axis": "x", "origin": [9.5695, 14.45, 6.94818]},
			"faces": {
				"north": {"uv": [10, 3.5, 11.5, 5], "texture": "#2"},
				"east": {"uv": [7, 9.5, 8.5, 11], "texture": "#2"},
				"south": {"uv": [3, 10, 4.5, 11.5], "texture": "#2"},
				"west": {"uv": [8.5, 9.5, 7, 11], "texture": "#2"},
				"up": {"uv": [6, 11.5, 4.5, 10], "rotation": 90, "texture": "#2"},
				"down": {"uv": [11.5, 9, 10, 10.5], "rotation": 270, "texture": "#2"}
			}
		},
		{
			"from": [6.71595, 4, 5.58213],
			"to": [8.71595, 11, 7.58213],
			"rotation": {"angle": -45, "axis": "y", "origin": [9.5695, 14.45, 6.94818]},
			"faces": {
				"north": {"uv": [6, 8.5, 7, 12], "texture": "#2"},
				"east": {"uv": [7, 8.5, 6, 12], "texture": "#2"},
				"south": {"uv": [6, 8.5, 7, 12], "texture": "#2"},
				"west": {"uv": [7, 8.5, 6, 12], "texture": "#2"}
			}
		},
		{
			"from": [7.01768, 11, 3.87868],
			"to": [10.01768, 18, 6.87868],
			"rotation": {"angle": 0, "axis": "y", "origin": [9.5695, 14.45, 6.94818]},
			"faces": {
				"north": {"uv": [7, 6, 8.5, 9.5], "texture": "#2"},
				"east": {"uv": [7, 6, 8.5, 9.5], "texture": "#2"},
				"south": {"uv": [7, 6, 8.5, 9.5], "texture": "#2"},
				"west": {"uv": [7, 6, 8.5, 9.5], "texture": "#2"},
				"down": {"uv": [1.5, 10.5, 0, 12], "rotation": 270, "texture": "#2"}
			}
		},
		{
			"from": [7.01768, 18, 2.37868],
			"to": [10.01768, 24, 8.37868],
			"rotation": {"angle": 0, "axis": "y", "origin": [9.5695, 14.45, 6.94818]},
			"faces": {
				"north": {"uv": [1.5, 7.5, 3, 10.5], "texture": "#2"},
				"east": {"uv": [0, 4.5, 3, 7.5], "texture": "#2"},
				"south": {"uv": [0, 7.5, 1.5, 10.5], "texture": "#2"},
				"west": {"uv": [0, 4.5, 3, 7.5], "texture": "#2"},
				"up": {"uv": [6, 10, 3, 8.5], "rotation": 90, "texture": "#2"},
				"down": {"uv": [11.5, 6, 8.5, 7.5], "rotation": 270, "texture": "#2"}
			}
		},
		{
			"from": [6.49768, 20.10203, 4.00473],
			"to": [10.53768, 22.10203, 12.00473],
			"rotation": {"angle": -22.5, "axis": "x", "origin": [9.5695, 14.45, 6.94818]},
			"faces": {
				"north": {"uv": [8.5, 10.5, 10.5, 11.5], "texture": "#2"},
				"east": {"uv": [9, 1.5, 13, 2.5], "texture": "#2"},
				"south": {"uv": [10, 5, 12, 6], "texture": "#2"},
				"west": {"uv": [9, 1.5, 13, 2.5], "texture": "#2"},
				"up": {"uv": [7, 6.5, 3, 4.5], "rotation": 90, "texture": "#2"},
				"down": {"uv": [9, 0, 5, 2], "rotation": 270, "texture": "#2"}
			}
		},
		{
			"from": [6.51768, 18.90079, -1.00843],
			"to": [10.51768, 20.90079, 6.99157],
			"rotation": {"angle": 22.5, "axis": "x", "origin": [9.5695, 14.45, 6.94818]},
			"faces": {
				"north": {"uv": [1.5, 11.5, 3.5, 12.5], "texture": "#2"},
				"east": {"uv": [9, 2.5, 13, 3.5], "texture": "#2"},
				"south": {"uv": [10.5, 10.5, 12.5, 11.5], "texture": "#2"},
				"west": {"uv": [9, 2.5, 13, 3.5], "texture": "#2"},
				"up": {"uv": [9, 4, 5, 2], "rotation": 90, "texture": "#2"},
				"down": {"uv": [7, 6.5, 3, 8.5], "rotation": 270, "texture": "#2"}
			}
		},
		{
			"from": [9.17845, 4, 5.80173],
			"to": [9.22845, 7, 11.80173],
			"rotation": {"angle": 45, "axis": "y", "origin": [9.5695, 14.45, 6.94818]},
			"faces": {
				"east": {"uv": [11.5, 7.5, 8.5, 9], "texture": "#2"},
				"west": {"uv": [8.5, 7.5, 11.5, 9], "texture": "#2"}
			}
		},
		{
			"from": [8.56768, 5.51159, 13.58119],
			"to": [8.61768, 8.51159, 19.58119],
			"rotation": {"angle": 45, "axis": "x", "origin": [9.5695, 14.45, 6.94818]},
			"faces": {
				"east": {"uv": [12, 0, 9, 1.5], "texture": "#2"},
				"west": {"uv": [9, 0, 12, 1.5], "texture": "#2"}
			}
		},
		{
			"from": [8.01768, 24, 2.37868],
			"to": [9.01768, 28, 8.37868],
			"rotation": {"angle": 0, "axis": "y", "origin": [9.5695, 14.45, 6.94818]},
			"faces": {
				"north": {"uv": [9.5, 4, 10, 6], "texture": "#2"},
				"east": {"uv": [7, 4, 10, 6], "texture": "#2"},
				"south": {"uv": [7, 4, 7.5, 6], "texture": "#2"},
				"west": {"uv": [7, 4, 10, 6], "texture": "#2"},
				"up": {"uv": [7, 4, 10, 4.5], "rotation": 90, "texture": "#2"}
			}
		},
		{
			"from": [8.51768, 23, 0.37868],
			"to": [8.51768, 32, 10.37868],
			"rotation": {"angle": 0, "axis": "y", "origin": [9.5695, 14.45, 6.94818]},
			"faces": {
				"east": {"uv": [0, 0, 5, 4.5], "texture": "#2"},
				"west": {"uv": [0, 0, 5, 4.5], "texture": "#2"}
			}
		}
	],
	"gui_light": "front",
	"display": {
		"thirdperson_righthand": {
			"translation": [-0.75, -3.25, 3.5],
			"scale": [0.75, 0.75, 0.75]
		},
		"thirdperson_lefthand": {
			"translation": [-0.75, -3.25, 3.5],
			"scale": [0.75, 0.75, 0.75]
		},
		"firstperson_righthand": {
			"rotation": [0, 15, 0],
			"translation": [5, -4, -3],
			"scale": [0.69141, 0.69141, 0.69141]
		},
		"firstperson_lefthand": {
			"rotation": [0, 15, 0],
			"translation": [5, -4, -3],
			"scale": [0.69141, 0.69141, 0.69141]
		},
		"ground": {
			"rotation": [94, 85, 0],
			"translation": [0, 0, -2.5],
			"scale": [0.5, 0.5, 0.5]
		},
		"gui": {
			"rotation": [-90, 50, 90],
			"translation": [3.5, -3, 0],
			"scale": [0.515, 0.515, 0.515]
		},
		"head": {
			"rotation": [90, -171, 90],
			"translation": [-2.25, 9.25, 0.25],
			"scale": [0.7, 0.7, 0.7]
		},
		"fixed": {
			"rotation": [0, 90, 0],
			"translation": [3.75, -6.75, -1.25],
			"scale": [1.42109, 1.42109, 1.42109]
		}
	}
}