{
	"credit": "Made with Blockbench",
	"textures": {
		"0": "item/pilgrimset/pilgrim_staff",
		"particle": "item/pilgrimset/pilgrim_staff"
	},
	"elements": [
		{
			"from": [7, 10, 7],
			"to": [9, 26, 9],
			"rotation": {"angle": -45, "axis": "y", "origin": [8, 16, 8]},
			"faces": {
				"north": {"uv": [0, 0, 2, 16], "texture": "#0"},
				"east": {"uv": [2, 0, 0, 16], "texture": "#0"},
				"south": {"uv": [0, 0, 2, 16], "texture": "#0"},
				"west": {"uv": [2, 0, 0, 16], "texture": "#0"}
			}
		},
		{
			"from": [7, 0, 7],
			"to": [9, 10, 9],
			"rotation": {"angle": -45, "axis": "y", "origin": [8, 16, 8]},
			"faces": {
				"north": {"uv": [2, 0, 4, 10], "texture": "#0"},
				"east": {"uv": [4, 0, 2, 10], "texture": "#0"},
				"south": {"uv": [2, 0, 4, 10], "texture": "#0"},
				"west": {"uv": [4, 0, 2, 10], "texture": "#0"},
				"down": {"uv": [4, 10, 2, 12], "texture": "#0"}
			}
		},
		{
			"from": [-0.4, 26.2, 8.45],
			"to": [5.6, 29.2, 8.5],
			"rotation": {"angle": 45, "axis": "z", "origin": [8, 37.5, 9.5]},
			"faces": {
				"north": {"uv": [4, 0, 10, 3], "texture": "#0"},
				"south": {"uv": [10, 0, 4, 3], "texture": "#0"}
			}
		},
		{
			"from": [7.9, 23, 8.45],
			"to": [13.9, 26, 8.5],
			"rotation": {"angle": -45, "axis": "y", "origin": [8, 37.5, 9.5]},
			"faces": {
				"north": {"uv": [4, 3, 10, 6], "texture": "#0"},
				"south": {"uv": [10, 3, 4, 6], "texture": "#0"}
			}
		},
		{
			"from": [6.5, 26, 6.5],
			"to": [9.5, 28, 9.5],
			"rotation": {"angle": 0, "axis": "y", "origin": [0, 29, 0]},
			"faces": {
				"north": {"uv": [10, 6, 13, 8], "texture": "#0"},
				"east": {"uv": [10, 8, 13, 10], "texture": "#0"},
				"south": {"uv": [10, 6, 13, 8], "texture": "#0"},
				"west": {"uv": [10, 10, 13, 12], "texture": "#0"},
				"down": {"uv": [7, 6, 4, 9], "texture": "#0"}
			}
		},
		{
			"from": [6.5, 27.1, 6.48],
			"to": [9.5, 30.1, 9.52],
			"rotation": {"angle": -45, "axis": "z", "origin": [8, 28.6, 0]},
			"faces": {
				"north": {"uv": [7, 6, 10, 9], "texture": "#0"},
				"east": {"uv": [4, 9, 7, 12], "texture": "#0"},
				"south": {"uv": [10, 6, 7, 9], "texture": "#0"},
				"west": {"uv": [7, 9, 10, 12], "texture": "#0"},
				"up": {"uv": [13, 3, 10, 0], "texture": "#0"},
				"down": {"uv": [13, 3, 10, 6], "texture": "#0"}
			}
		}
	],
	"gui_light": "front",
	"display": {
		"thirdperson_righthand": {
			"rotation": [35.25, 2, 9],
			"translation": [0.75, -5.25, -1.25],
			"scale": [0.75, 0.75, 0.75]
		},
		"thirdperson_lefthand": {
			"rotation": [35.25, 2, 9],
			"translation": [0.75, -5.25, -1.25],
			"scale": [0.75, 0.75, 0.75]
		},
		"firstperson_righthand": {
			"rotation": [3.75, -79.5, 0],
			"translation": [0.25, -1.75, 0.5],
			"scale": [0.54883, 0.54883, 0.54883]
		},
		"firstperson_lefthand": {
			"rotation": [3.75, -79.5, 0],
			"translation": [0.25, -1.75, 0.5],
			"scale": [0.54883, 0.54883, 0.54883]
		},
		"ground": {
			"rotation": [94, 85, 0],
			"translation": [0, 0, -1.75],
			"scale": [0.5, 0.5, 0.5]
		},
		"gui": {
			"rotation": [-21, 21, 46],
			"translation": [2.75, -3.5, 0],
			"scale": [0.57, 0.57, 0.57]
		},
		"head": {
			"rotation": [90, -171, 90],
			"translation": [-2.25, 9.25, 0.25],
			"scale": [0.7, 0.7, 0.7]
		},
		"fixed": {
			"rotation": [0, 40, 0],
			"translation": [0, -8.5, -1.75],
			"scale": [1.42109, 1.42109, 1.42109]
		}
	}
}