{
	"credit": "Made with Blockbench",
	"texture_size": [32, 32],
	"textures": {
		"0": "item/pilgrimset/pilgrim_sword",
		"particle": "item/pilgrimset/pilgrim_sword"
	},
	"elements": [
		{
			"from": [6.35711, 1, 4.73579],
			"to": [9.35711, 3, 7.73579],
			"rotation": {"angle": 0, "axis": "y", "origin": [6.04645, 13.95, 6.18934]},
			"faces": {
				"north": {"uv": [6, 7.5, 4.5, 8.5], "texture": "#0"},
				"east": {"uv": [6, 7.5, 4.5, 8.5], "texture": "#0"},
				"south": {"uv": [6, 7.5, 4.5, 8.5], "texture": "#0"},
				"west": {"uv": [6, 7.5, 4.5, 8.5], "texture": "#0"},
				"up": {"uv": [7, 7.5, 8.5, 6], "rotation": 90, "texture": "#0"}
			}
		},
		{
			"from": [6.35711, 9, 3.73579],
			"to": [9.35711, 11, 8.73579],
			"rotation": {"angle": 0, "axis": "y", "origin": [6.04645, 13.95, 6.18934]},
			"faces": {
				"east": {"uv": [9.5, 3, 7, 4], "texture": "#0"},
				"west": {"uv": [7, 3, 9.5, 4], "texture": "#0"},
				"up": {"uv": [5, 1.5, 7.5, 0], "rotation": 90, "texture": "#0"},
				"down": {"uv": [5, 1.5, 7.5, 3], "rotation": 270, "texture": "#0"}
			}
		},
		{
			"from": [6.32711, 8.64921, 4.48977],
			"to": [9.37711, 10.64921, 8.48977],
			"rotation": {"angle": -45, "axis": "x", "origin": [6.04645, 13.95, 6.18934]},
			"faces": {
				"east": {"uv": [9.5, 4, 7.6, 5], "texture": "#0"},
				"south": {"uv": [8.5, 7.5, 7, 8.5], "texture": "#0"},
				"west": {"uv": [7.6, 4, 9.5, 5], "texture": "#0"},
				"up": {"uv": [5.1, 4.5, 7, 3], "rotation": 90, "texture": "#0"},
				"down": {"uv": [0.1, 6, 2, 7.5], "rotation": 270, "texture": "#0"}
			}
		},
		{
			"from": [6.32711, 11.59896, -1.63155],
			"to": [9.37711, 13.59896, 2.36845],
			"rotation": {"angle": -45, "axis": "x", "origin": [6.04645, 13.95, 6.18934]},
			"faces": {
				"north": {"uv": [6, 8.5, 4.5, 9.5], "texture": "#0"},
				"east": {"uv": [9.4, 5, 7.5, 6], "texture": "#0"},
				"west": {"uv": [7.5, 5, 9.4, 6], "texture": "#0"},
				"up": {"uv": [2, 7.5, 3.9, 6], "rotation": 90, "texture": "#0"},
				"down": {"uv": [4, 6, 5.9, 7.5], "rotation": 270, "texture": "#0"}
			}
		},
		{
			"from": [6.33711, 2.90155, 14.30348],
			"to": [9.37711, 5.90155, 17.30348],
			"rotation": {"angle": 45, "axis": "x", "origin": [6.04645, 13.95, 6.18934]},
			"faces": {
				"north": {"uv": [9, 0, 7.5, 1.5], "texture": "#0"},
				"east": {"uv": [1.5, 7.5, 0, 9], "texture": "#0"},
				"south": {"uv": [3, 7.5, 1.5, 9], "texture": "#0"},
				"west": {"uv": [0, 7.5, 1.5, 9], "texture": "#0"},
				"up": {"uv": [7.5, 3, 9, 1.5], "rotation": 90, "texture": "#0"},
				"down": {"uv": [3, 7.5, 4.5, 9], "rotation": 270, "texture": "#0"}
			}
		},
		{
			"from": [6.29393, 3, 6.50251],
			"to": [8.29393, 9, 8.50251],
			"rotation": {"angle": 45, "axis": "y", "origin": [6.04645, 13.95, 6.18934]},
			"faces": {
				"north": {"uv": [7, 6, 6, 9], "texture": "#0"},
				"east": {"uv": [6, 6, 7, 9], "texture": "#0"},
				"south": {"uv": [7, 6, 6, 9], "texture": "#0"},
				"west": {"uv": [6, 6, 7, 9], "texture": "#0"}
			}
		},
		{
			"from": [7.35711, 11, 4.73579],
			"to": [8.35711, 23, 7.73579],
			"rotation": {"angle": 0, "axis": "y", "origin": [6.04645, 13.95, 6.18934]},
			"faces": {
				"north": {"uv": [0.5, 0, 0, 6], "texture": "#0"},
				"east": {"uv": [1.5, 0, 0, 6], "texture": "#0"},
				"south": {"uv": [1.5, 0, 1, 6], "texture": "#0"},
				"west": {"uv": [0, 0, 1.5, 6], "texture": "#0"},
				"up": {"uv": [0, 0, 1.5, 0.5], "rotation": 90, "texture": "#0"}
			}
		},
		{
			"from": [7.80711, 23, 4.73579],
			"to": [7.85711, 32, 7.73579],
			"rotation": {"angle": 0, "axis": "y", "origin": [6.04645, 13.95, 6.18934]},
			"faces": {
				"east": {"uv": [5, 0, 3.5, 4.5], "texture": "#0"},
				"west": {"uv": [3.5, 0, 5, 4.5], "texture": "#0"}
			}
		},
		{
			"from": [7.80711, -0.8, 0.93579],
			"to": [7.85711, 8.2, 4.93579],
			"rotation": {"angle": 0, "axis": "y", "origin": [6.04645, 13.95, 6.18934]},
			"faces": {
				"east": {"uv": [3.5, 0, 1.5, 4.5], "texture": "#0"},
				"west": {"uv": [1.5, 0, 3.5, 4.5], "texture": "#0"}
			}
		},
		{
			"from": [7.65538, 5.2804, 6.23579],
			"to": [13.65538, 8.2804, 6.28579],
			"rotation": {"angle": -45, "axis": "z", "origin": [6.04645, 13.95, 6.18934]},
			"faces": {
				"north": {"uv": [1.5, 4.5, 4.5, 6], "texture": "#0"},
				"south": {"uv": [4.5, 6, 1.5, 4.5], "texture": "#0"}
			}
		},
		{
			"from": [6.39896, 2, 5.90251],
			"to": [6.44896, 5, 11.90251],
			"rotation": {"angle": -45, "axis": "y", "origin": [6.04645, 13.95, 6.18934]},
			"faces": {
				"east": {"uv": [7.5, 4.5, 4.5, 6], "texture": "#0"},
				"west": {"uv": [4.5, 4.5, 7.5, 6], "texture": "#0"}
			}
		}
	],
	"gui_light": "front",
	"display": {
		"thirdperson_righthand": {
			"translation": [0, -0.25, 2.25],
			"scale": [0.75, 0.75, 0.75]
		},
		"thirdperson_lefthand": {
			"translation": [0, -0.25, 2.25],
			"scale": [0.75, 0.75, 0.75]
		},
		"firstperson_righthand": {
			"rotation": [0, 15, 0],
			"translation": [4.25, -3.75, -2.75],
			"scale": [0.81641, 0.81641, 0.81641]
		},
		"firstperson_lefthand": {
			"rotation": [0, 15, 0],
			"translation": [4.25, -3.75, -2.75],
			"scale": [0.81641, 0.81641, 0.81641]
		},
		"ground": {
			"rotation": [94, 85, 0],
			"translation": [0, 0, -3.5],
			"scale": [0.5, 0.5, 0.5]
		},
		"gui": {
			"rotation": [-90, 49, 90],
			"translation": [3, -2.5, 0],
			"scale": [0.515, 0.515, 0.515]
		},
		"head": {
			"rotation": [90, 180, 90],
			"translation": [-5, 12, 0.25],
			"scale": [0.7, 0.7, 0.7]
		},
		"fixed": {
			"rotation": [0, 90, 0],
			"translation": [3.75, -8, -2.25],
			"scale": [1.42109, 1.42109, 1.42109]
		}
	}
}