{
	"credit": "Pologony Creation Co.,Ltd.",
	"textures": {
		"1": "item/merrychristmas2024set/animated/axe_1",
		"4": "item/merrychristmas2024set/axe",
		"particle": "item/merrychristmas2024set/axe"
	},
	"elements": [
		{
			"from": [7.5, -2.75, 7.25],
			"to": [8.5, -1.25, 8.75],
			"rotation": {"angle": -45, "axis": "x", "origin": [8, -2, 8]},
			"faces": {
				"north": {"uv": [4.72727, 10.54545, 5.09091, 11.09091], "texture": "#4"},
				"east": {"uv": [8.72727, 6.90909, 9.27273, 7.45455], "texture": "#4"},
				"south": {"uv": [5.45455, 10.54545, 5.81818, 11.09091], "texture": "#4"},
				"west": {"uv": [8.72727, 8, 9.27273, 8.54545], "texture": "#4"},
				"up": {"uv": [10.90909, 6.72727, 10.54545, 6.18182], "texture": "#4"},
				"down": {"uv": [10.90909, 7.27273, 10.54545, 7.81818], "texture": "#4"}
			}
		},
		{
			"from": [7.25, -2.5, 7.5],
			"to": [8.75, -1.5, 8.5],
			"rotation": {"angle": -45, "axis": "x", "origin": [8, -2, 8]},
			"faces": {
				"north": {"uv": [10.54545, 9.09091, 11.09091, 9.45455], "texture": "#4"},
				"east": {"uv": [12.36364, 0.72727, 12.72727, 1.09091], "texture": "#4"},
				"south": {"uv": [10.90909, 0, 11.45455, 0.36364], "texture": "#4"},
				"west": {"uv": [4.36364, 12.36364, 4.72727, 12.72727], "texture": "#4"},
				"up": {"uv": [2.36364, 11.27273, 1.81818, 10.90909], "texture": "#4"},
				"down": {"uv": [3.45455, 10.90909, 2.90909, 11.27273], "texture": "#4"}
			}
		},
		{
			"from": [7.25, -1.43934, 7.25],
			"to": [8.75, -0.93934, 8.75],
			"rotation": {"angle": -45, "axis": "y", "origin": [8, -1.18934, 8]},
			"faces": {
				"north": {"uv": [12.72727, 1.45455, 13.27273, 1.63636], "texture": "#4"},
				"east": {"uv": [12.72727, 2.18182, 13.27273, 2.36364], "texture": "#4"},
				"south": {"uv": [2.90909, 12.72727, 3.45455, 12.90909], "texture": "#4"},
				"west": {"uv": [12.72727, 2.90909, 13.27273, 3.09091], "texture": "#4"},
				"up": {"uv": [1.63636, 9.63636, 1.09091, 9.09091], "texture": "#4"},
				"down": {"uv": [2.72727, 9.09091, 2.18182, 9.63636], "texture": "#4"}
			}
		},
		{
			"from": [7.25, 0.06066, 7.25],
			"to": [8.75, 0.56066, 8.75],
			"rotation": {"angle": -45, "axis": "y", "origin": [8, 0.31066, 8]},
			"faces": {
				"north": {"uv": [12.72727, 3.63636, 13.27273, 3.81818], "texture": "#4"},
				"east": {"uv": [12.72727, 4.36364, 13.27273, 4.54545], "texture": "#4"},
				"south": {"uv": [12.72727, 5.09091, 13.27273, 5.27273], "texture": "#4"},
				"west": {"uv": [8, 12.72727, 8.54545, 12.90909], "texture": "#4"},
				"up": {"uv": [3.81818, 9.63636, 3.27273, 9.09091], "texture": "#4"},
				"down": {"uv": [6.72727, 9.09091, 6.18182, 9.63636], "texture": "#4"}
			}
		},
		{
			"from": [7.42678, -0.93934, 7.5],
			"to": [8.67678, 0.06066, 8.75],
			"rotation": {"angle": -45, "axis": "y", "origin": [8.17678, -0.68934, 8]},
			"faces": {
				"north": {"uv": [11.63636, 2.18182, 12.09091, 2.54545], "texture": "#4"},
				"east": {"uv": [11.63636, 2.90909, 12.09091, 3.27273], "texture": "#4"},
				"south": {"uv": [11.63636, 3.63636, 12.09091, 4], "texture": "#4"},
				"west": {"uv": [11.63636, 4.36364, 12.09091, 4.72727], "texture": "#4"}
			}
		},
		{
			"from": [7.25, 13.12132, 7],
			"to": [8.75, 13.62132, 9],
			"rotation": {"angle": 45, "axis": "x", "origin": [8, 14.62132, 8]},
			"faces": {
				"east": {"uv": [5.09091, 12.36364, 5.81818, 12.54545], "texture": "#4"},
				"west": {"uv": [12.36364, 5.81818, 13.09091, 6], "texture": "#4"},
				"up": {"uv": [5.63636, 8.36364, 5.09091, 7.63636], "texture": "#4"},
				"down": {"uv": [8.18182, 5.81818, 7.63636, 6.54545], "texture": "#4"}
			}
		},
		{
			"from": [7.25, 15.43198, 6.04289],
			"to": [8.75, 15.93198, 8.04289],
			"rotation": {"angle": -45, "axis": "x", "origin": [8, 15.68198, 7.29289]},
			"faces": {
				"east": {"uv": [6.18182, 12.36364, 6.90909, 12.54545], "texture": "#4"},
				"south": {"uv": [12.72727, 8.72727, 13.27273, 8.90909], "texture": "#4"},
				"west": {"uv": [12.36364, 6.54545, 13.09091, 6.72727], "texture": "#4"},
				"up": {"uv": [8.18182, 7.63636, 7.63636, 6.90909], "texture": "#4"},
				"down": {"uv": [3.09091, 8, 2.54545, 8.72727], "texture": "#4"}
			}
		},
		{
			"from": [7.25, 13.12132, 6.5],
			"to": [8.75, 13.62132, 7],
			"rotation": {"angle": 45, "axis": "x", "origin": [8, 14.62132, 8]},
			"faces": {
				"north": {"uv": [9.09091, 12.72727, 9.63636, 12.90909], "texture": "#4"},
				"east": {"uv": [8.72727, 14.18182, 8.90909, 14.36364], "texture": "#4"},
				"west": {"uv": [9.45455, 14.18182, 9.63636, 14.36364], "texture": "#4"},
				"down": {"uv": [13.27273, 9.45455, 12.72727, 9.63636], "texture": "#4"}
			}
		},
		{
			"from": [7.25, 15.62132, 6.5],
			"to": [8.75, 16.12132, 7],
			"rotation": {"angle": 45, "axis": "x", "origin": [8, 14.62132, 8]},
			"faces": {
				"north": {"uv": [12.72727, 10.18182, 13.27273, 10.36364], "texture": "#4"},
				"east": {"uv": [14.18182, 12.36364, 14.36364, 12.54545], "texture": "#4"},
				"west": {"uv": [14.18182, 13.09091, 14.36364, 13.27273], "texture": "#4"},
				"up": {"uv": [13.63636, 0.18182, 13.09091, 0], "texture": "#4"},
				"down": {"uv": [13.63636, 0.72727, 13.09091, 0.90909], "texture": "#4"}
			}
		},
		{
			"from": [7.25, 12.08579, 6.5],
			"to": [8.75, 12.58579, 7],
			"rotation": {"angle": 45, "axis": "x", "origin": [8, 11.08579, 8]},
			"faces": {
				"east": {"uv": [14.18182, 13.81818, 14.36364, 14], "texture": "#4"},
				"south": {"uv": [4, 13.09091, 4.54545, 13.27273], "texture": "#4"},
				"west": {"uv": [14.54545, 1.45455, 14.72727, 1.63636], "texture": "#4"},
				"down": {"uv": [5.63636, 13.09091, 5.09091, 13.27273], "texture": "#4"}
			}
		},
		{
			"from": [7.25, 15.62132, 7],
			"to": [8.75, 16.12132, 9],
			"rotation": {"angle": 45, "axis": "x", "origin": [8, 14.62132, 8]},
			"faces": {
				"east": {"uv": [12.36364, 7.27273, 13.09091, 7.45455], "texture": "#4"},
				"south": {"uv": [6.18182, 13.09091, 6.72727, 13.27273], "texture": "#4"},
				"west": {"uv": [12.36364, 8, 13.09091, 8.18182], "texture": "#4"},
				"up": {"uv": [4.18182, 8.72727, 3.63636, 8], "texture": "#4"},
				"down": {"uv": [8.18182, 8, 7.63636, 8.72727], "texture": "#4"}
			}
		},
		{
			"from": [7.25, 13.12132, 7],
			"to": [8.75, 13.62132, 9],
			"rotation": {"angle": -45, "axis": "x", "origin": [8, 14.62132, 8]},
			"faces": {
				"east": {"uv": [12.36364, 10.90909, 13.09091, 11.09091], "texture": "#4"},
				"west": {"uv": [12.36364, 11.63636, 13.09091, 11.81818], "texture": "#4"},
				"up": {"uv": [0.54545, 9.09091, 0, 8.36364], "texture": "#4"},
				"down": {"uv": [8.90909, 2.18182, 8.36364, 2.90909], "texture": "#4"}
			}
		},
		{
			"from": [7.25, 13.12132, 9],
			"to": [8.75, 13.62132, 9.5],
			"rotation": {"angle": -45, "axis": "x", "origin": [8, 14.62132, 8]},
			"faces": {
				"east": {"uv": [3.63636, 14.54545, 3.81818, 14.72727], "texture": "#4"},
				"south": {"uv": [13.45455, 10.90909, 14, 11.09091], "texture": "#4"},
				"west": {"uv": [14.54545, 3.63636, 14.72727, 3.81818], "texture": "#4"},
				"down": {"uv": [14, 11.63636, 13.45455, 11.81818], "texture": "#4"}
			}
		},
		{
			"from": [7.5, 13.37132, 6.75],
			"to": [8.5, 15.87132, 9.25],
			"rotation": {"angle": 45, "axis": "x", "origin": [8, 14.62132, 8]},
			"faces": {
				"east": {"uv": [0, 4.72727, 0.90909, 5.63636], "texture": "#4"},
				"west": {"uv": [1.45455, 4.72727, 2.36364, 5.63636], "texture": "#4"}
			}
		},
		{
			"from": [7.25, 12.56066, 7.25],
			"to": [8.75, 13.06066, 8.75],
			"rotation": {"angle": -45, "axis": "y", "origin": [8, 12.81066, 8]},
			"faces": {
				"north": {"uv": [10.18182, 13.09091, 10.72727, 13.27273], "texture": "#4"},
				"east": {"uv": [11.27273, 13.09091, 11.81818, 13.27273], "texture": "#4"},
				"south": {"uv": [12.36364, 13.09091, 12.90909, 13.27273], "texture": "#4"},
				"west": {"uv": [13.09091, 12.36364, 13.63636, 12.54545], "texture": "#4"},
				"up": {"uv": [7.81818, 9.63636, 7.27273, 9.09091], "texture": "#4"},
				"down": {"uv": [8.90909, 9.09091, 8.36364, 9.63636], "texture": "#4"}
			}
		},
		{
			"from": [7.42678, 4.56066, 7.5],
			"to": [8.67678, 5.56066, 8.75],
			"rotation": {"angle": -45, "axis": "y", "origin": [8.17678, 5.31066, 8]},
			"faces": {
				"north": {"uv": [4.72727, 11.63636, 5.18182, 12], "texture": "#4"},
				"east": {"uv": [11.63636, 5.09091, 12.09091, 5.45455], "texture": "#4"},
				"south": {"uv": [5.81818, 11.63636, 6.27273, 12], "texture": "#4"},
				"west": {"uv": [11.63636, 9.09091, 12.09091, 9.45455], "texture": "#4"}
			}
		},
		{
			"from": [7.25, 4.06066, 7.25],
			"to": [8.75, 4.56066, 8.75],
			"rotation": {"angle": -45, "axis": "y", "origin": [8, 4.31066, 8]},
			"faces": {
				"north": {"uv": [0, 13.45455, 0.54545, 13.63636], "texture": "#4"},
				"east": {"uv": [1.09091, 13.45455, 1.63636, 13.63636], "texture": "#4"},
				"south": {"uv": [2.18182, 13.45455, 2.72727, 13.63636], "texture": "#4"},
				"west": {"uv": [13.45455, 5.81818, 14, 6], "texture": "#4"},
				"up": {"uv": [0.54545, 10, 0, 9.45455], "texture": "#4"},
				"down": {"uv": [10, 2.18182, 9.45455, 2.72727], "texture": "#4"}
			}
		},
		{
			"from": [7.25, 5.56066, 7.25],
			"to": [8.75, 6.06066, 8.75],
			"rotation": {"angle": -45, "axis": "y", "origin": [8, 5.81066, 8]},
			"faces": {
				"north": {"uv": [13.45455, 7.27273, 14, 7.45455], "texture": "#4"},
				"east": {"uv": [8, 13.45455, 8.54545, 13.63636], "texture": "#4"},
				"south": {"uv": [13.45455, 8, 14, 8.18182], "texture": "#4"},
				"west": {"uv": [9.09091, 13.45455, 9.63636, 13.63636], "texture": "#4"},
				"up": {"uv": [10, 9.63636, 9.45455, 9.09091], "texture": "#4"},
				"down": {"uv": [10.36364, 0, 9.81818, 0.54545], "texture": "#4"}
			}
		},
		{
			"from": [7.67678, 0.56066, 7.57322],
			"to": [8.67678, 4.06066, 8.57322],
			"rotation": {"angle": -45, "axis": "y", "origin": [8.17678, 2.81066, 7.82322]},
			"faces": {
				"north": {"uv": [6.18182, 7.27273, 6.54545, 8.54545], "texture": "#4"},
				"east": {"uv": [6.90909, 7.27273, 7.27273, 8.54545], "texture": "#4"},
				"south": {"uv": [7.63636, 2.18182, 8, 3.45455], "texture": "#4"},
				"west": {"uv": [7.63636, 4, 8, 5.27273], "texture": "#4"}
			}
		},
		{
			"from": [7.42678, 2.06066, 7.5],
			"to": [8.67678, 2.56066, 8.75],
			"rotation": {"angle": -45, "axis": "y", "origin": [8.17678, 2.31066, 8]},
			"faces": {
				"north": {"uv": [6.18182, 13.81818, 6.63636, 14], "texture": "#4"},
				"east": {"uv": [13.81818, 8.72727, 14.27273, 8.90909], "texture": "#4"},
				"south": {"uv": [13.81818, 9.45455, 14.27273, 9.63636], "texture": "#4"},
				"west": {"uv": [10.18182, 13.81818, 10.63636, 14], "texture": "#4"},
				"up": {"uv": [8.09091, 10.63636, 7.63636, 10.18182], "texture": "#4"},
				"down": {"uv": [9.18182, 10.18182, 8.72727, 10.63636], "texture": "#4"}
			}
		},
		{
			"from": [5, 13.25, 7],
			"to": [7, 14.75, 9],
			"rotation": {"angle": 22.5, "axis": "z", "origin": [6, 15, 8.0625]},
			"faces": {
				"north": {"uv": [8.36364, 3.27273, 9.09091, 3.81818], "texture": "#4"},
				"east": {"uv": [8.36364, 4.36364, 9.09091, 4.90909], "texture": "#4"},
				"south": {"uv": [8.72727, 0, 9.45455, 0.54545], "texture": "#4"},
				"west": {"uv": [8.72727, 1.09091, 9.45455, 1.63636], "texture": "#4"},
				"down": {"uv": [5.81818, 6.54545, 5.09091, 7.27273], "texture": "#4"}
			}
		},
		{
			"from": [4.875, 14.75, 6.875],
			"to": [7.125, 15.5, 9.125],
			"rotation": {"angle": 22.5, "axis": "z", "origin": [6, 15, 8.0625]},
			"faces": {
				"north": {"uv": [1.81818, 10.18182, 2.63636, 10.45455], "texture": "#4"},
				"east": {"uv": [3.27273, 10.18182, 4.09091, 10.45455], "texture": "#4"},
				"south": {"uv": [10.18182, 5.45455, 11, 5.72727], "texture": "#4"},
				"west": {"uv": [6.18182, 10.18182, 7, 10.45455], "texture": "#4"},
				"up": {"uv": [7, 4.09091, 6.18182, 3.27273], "texture": "#4"},
				"down": {"uv": [7, 4.72727, 6.18182, 5.54545], "texture": "#4"}
			}
		},
		{
			"from": [5.625, 15.5, 8.125],
			"to": [6.375, 16.25, 8.875],
			"rotation": {"angle": 22.5, "axis": "z", "origin": [6, 15, 8.0625]},
			"faces": {
				"east": {"uv": [7.27273, 13.81818, 7.54545, 14.09091], "texture": "#4"},
				"south": {"uv": [13.81818, 10.18182, 14.09091, 10.45455], "texture": "#4"},
				"west": {"uv": [11.27273, 13.81818, 11.54545, 14.09091], "texture": "#4"},
				"up": {"uv": [12.27273, 14.09091, 12, 13.81818], "texture": "#4"}
			}
		},
		{
			"from": [5.625, 15.5, 7.125],
			"to": [6.375, 16.5, 8.125],
			"rotation": {"angle": 22.5, "axis": "z", "origin": [6, 15, 8.0625]},
			"faces": {
				"north": {"uv": [7.27273, 13.09091, 7.54545, 13.45455], "texture": "#4"},
				"east": {"uv": [7.27273, 12.36364, 7.63636, 12.72727], "texture": "#4"},
				"south": {"uv": [3.27273, 13.45455, 3.54545, 13.81818], "texture": "#4"},
				"west": {"uv": [12.36364, 12.36364, 12.72727, 12.72727], "texture": "#4"},
				"up": {"uv": [13.72727, 6.90909, 13.45455, 6.54545], "texture": "#4"}
			}
		},
		{
			"from": [6.5378, 15.31743, 7.3625],
			"to": [7.7878, 15.34743, 8.6125],
			"rotation": {"angle": 45, "axis": "z", "origin": [6, 15, 8.0625]},
			"faces": {
				"up": {"uv": [10.27273, 10.63636, 9.81818, 10.18182], "texture": "#4"},
				"down": {"uv": [0.45455, 10.54545, 0, 11], "texture": "#4"}
			}
		},
		{
			"from": [4.2122, 15.31743, 7.3625],
			"to": [5.4622, 15.34743, 8.6125],
			"rotation": {"angle": 0, "axis": "y", "origin": [6, 15, 8.0625]},
			"faces": {
				"up": {"uv": [11, 2.27273, 10.54545, 1.81818], "texture": "#4"},
				"down": {"uv": [11, 2.90909, 10.54545, 3.36364], "texture": "#4"}
			}
		},
		{
			"from": [8.2122, 15.31743, 7.3875],
			"to": [9.4622, 15.34743, 8.6375],
			"rotation": {"angle": -45, "axis": "z", "origin": [10, 15, 7.9375]},
			"faces": {
				"up": {"uv": [9.81818, 10.18182, 10.27273, 10.63636], "texture": "#4"},
				"down": {"uv": [0, 11, 0.45455, 10.54545], "texture": "#4"}
			}
		},
		{
			"from": [9.625, 15.5, 7.875],
			"to": [10.375, 16.5, 8.875],
			"rotation": {"angle": -22.5, "axis": "z", "origin": [10, 15, 7.9375]},
			"faces": {
				"north": {"uv": [3.27273, 13.45455, 3.54545, 13.81818], "texture": "#4"},
				"east": {"uv": [12.36364, 12.36364, 12.72727, 12.72727], "texture": "#4"},
				"south": {"uv": [7.27273, 13.09091, 7.54545, 13.45455], "texture": "#4"},
				"west": {"uv": [7.27273, 12.36364, 7.63636, 12.72727], "texture": "#4"},
				"up": {"uv": [13.45455, 6.54545, 13.72727, 6.90909], "texture": "#4"}
			}
		},
		{
			"from": [9.625, 15.5, 7.125],
			"to": [10.375, 16.25, 7.875],
			"rotation": {"angle": -22.5, "axis": "z", "origin": [10, 15, 7.9375]},
			"faces": {
				"north": {"uv": [13.81818, 10.18182, 14.09091, 10.45455], "texture": "#4"},
				"east": {"uv": [11.27273, 13.81818, 11.54545, 14.09091], "texture": "#4"},
				"west": {"uv": [7.27273, 13.81818, 7.54545, 14.09091], "texture": "#4"},
				"up": {"uv": [12, 13.81818, 12.27273, 14.09091], "texture": "#4"}
			}
		},
		{
			"from": [10.5378, 15.31743, 7.3875],
			"to": [11.7878, 15.34743, 8.6375],
			"rotation": {"angle": 0, "axis": "y", "origin": [10, 15, 7.9375]},
			"faces": {
				"up": {"uv": [10.54545, 1.81818, 11, 2.27273], "texture": "#4"},
				"down": {"uv": [10.54545, 3.36364, 11, 2.90909], "texture": "#4"}
			}
		},
		{
			"from": [8.875, 14.75, 6.875],
			"to": [11.125, 15.5, 9.125],
			"rotation": {"angle": -22.5, "axis": "z", "origin": [10, 15, 7.9375]},
			"faces": {
				"north": {"uv": [10.18182, 5.45455, 11, 5.72727], "texture": "#4"},
				"east": {"uv": [6.18182, 10.18182, 7, 10.45455], "texture": "#4"},
				"south": {"uv": [1.81818, 10.18182, 2.63636, 10.45455], "texture": "#4"},
				"west": {"uv": [3.27273, 10.18182, 4.09091, 10.45455], "texture": "#4"},
				"up": {"uv": [6.18182, 3.27273, 7, 4.09091], "texture": "#4"},
				"down": {"uv": [6.18182, 5.54545, 7, 4.72727], "texture": "#4"}
			}
		},
		{
			"from": [9, 13.25, 7],
			"to": [11, 14.75, 9],
			"rotation": {"angle": -22.5, "axis": "z", "origin": [10, 15, 7.9375]},
			"faces": {
				"north": {"uv": [8.72727, 0, 9.45455, 0.54545], "texture": "#4"},
				"east": {"uv": [8.72727, 1.09091, 9.45455, 1.63636], "texture": "#4"},
				"south": {"uv": [8.36364, 3.27273, 9.09091, 3.81818], "texture": "#4"},
				"west": {"uv": [8.36364, 4.36364, 9.09091, 4.90909], "texture": "#4"},
				"down": {"uv": [5.09091, 7.27273, 5.81818, 6.54545], "texture": "#4"}
			}
		},
		{
			"from": [6.75, 15.44656, 5.5125],
			"to": [9.25, 16.44656, 7.0125],
			"rotation": {"angle": -22.5, "axis": "x", "origin": [8.5625, 16.75906, 6.2625]},
			"faces": {
				"north": {"uv": [8.72727, 5.45455, 9.63636, 5.81818], "texture": "#4"},
				"east": {"uv": [6.18182, 10.90909, 6.72727, 11.27273], "texture": "#4"},
				"south": {"uv": [8.72727, 6.18182, 9.63636, 6.54545], "texture": "#4"},
				"west": {"uv": [10.90909, 9.81818, 11.45455, 10.18182], "texture": "#4"},
				"down": {"uv": [8.18182, 1.09091, 7.27273, 1.63636], "texture": "#4"}
			}
		},
		{
			"from": [6.625, 16.44656, 5.3875],
			"to": [9.375, 17.19656, 7.1375],
			"rotation": {"angle": -22.5, "axis": "x", "origin": [8.5625, 16.75906, 6.2625]},
			"faces": {
				"north": {"uv": [9.81818, 1.09091, 10.81818, 1.36364], "texture": "#4"},
				"east": {"uv": [11.63636, 1.45455, 12.27273, 1.72727], "texture": "#4"},
				"south": {"uv": [9.81818, 8.36364, 10.81818, 8.63636], "texture": "#4"},
				"west": {"uv": [2.18182, 11.63636, 2.81818, 11.90909], "texture": "#4"},
				"up": {"uv": [7.18182, 6.81818, 6.18182, 6.18182], "texture": "#4"},
				"down": {"uv": [8.27273, 0, 7.27273, 0.63636], "texture": "#4"}
			}
		},
		{
			"from": [8.125, 17.00522, 5.92556],
			"to": [8.625, 17.50522, 6.67556],
			"rotation": {"angle": -22.5, "axis": "x", "origin": [7.3125, 16.56772, 5.80056]},
			"faces": {
				"north": {"uv": [14.54545, 2.18182, 14.72727, 2.36364], "texture": "#4"},
				"east": {"uv": [14.18182, 6.54545, 14.45455, 6.72727], "texture": "#4"},
				"south": {"uv": [14.54545, 2.90909, 14.72727, 3.09091], "texture": "#4"},
				"up": {"uv": [8.18182, 14.45455, 8, 14.18182], "texture": "#4"}
			}
		},
		{
			"from": [7.375, 17.00522, 5.92556],
			"to": [8.125, 17.75522, 6.67556],
			"rotation": {"angle": -22.5, "axis": "x", "origin": [7.3125, 16.56772, 5.80056]},
			"faces": {
				"north": {"uv": [12.72727, 13.81818, 13, 14.09091], "texture": "#4"},
				"east": {"uv": [13.45455, 13.81818, 13.72727, 14.09091], "texture": "#4"},
				"south": {"uv": [0, 14.18182, 0.27273, 14.45455], "texture": "#4"},
				"west": {"uv": [14.18182, 0, 14.45455, 0.27273], "texture": "#4"},
				"up": {"uv": [1, 14.45455, 0.72727, 14.18182], "texture": "#4"}
			}
		},
		{
			"from": [7.65, 17.01875, 4.99862],
			"to": [8.4, 17.04875, 5.74862],
			"rotation": {"angle": 0, "axis": "y", "origin": [8.1, 16.75906, 6.2625]},
			"faces": {
				"up": {"uv": [14.45455, 1, 14.18182, 0.72727], "texture": "#4"},
				"down": {"uv": [1.72727, 14.18182, 1.45455, 14.45455], "texture": "#4"}
			}
		},
		{
			"from": [7.65, 17.27294, 6.00281],
			"to": [8.4, 18.02294, 6.03281],
			"rotation": {"angle": 45, "axis": "x", "origin": [8.1, 16.75906, 6.2625]},
			"faces": {
				"north": {"uv": [2.18182, 14.18182, 2.45455, 14.45455], "texture": "#4"},
				"south": {"uv": [2.90909, 14.18182, 3.18182, 14.45455], "texture": "#4"}
			}
		},
		{
			"from": [6.75, 15.44656, 8.9875],
			"to": [9.25, 16.44656, 10.4875],
			"rotation": {"angle": 22.5, "axis": "x", "origin": [7.4375, 16.75906, 9.7375]},
			"faces": {
				"north": {"uv": [8.72727, 6.18182, 9.63636, 6.54545], "texture": "#4"},
				"east": {"uv": [10.90909, 9.81818, 11.45455, 10.18182], "texture": "#4"},
				"south": {"uv": [8.72727, 5.45455, 9.63636, 5.81818], "texture": "#4"},
				"west": {"uv": [6.18182, 10.90909, 6.72727, 11.27273], "texture": "#4"},
				"down": {"uv": [7.27273, 1.63636, 8.18182, 1.09091], "texture": "#4"}
			}
		},
		{
			"from": [6.625, 16.44656, 8.8625],
			"to": [9.375, 17.19656, 10.6125],
			"rotation": {"angle": 22.5, "axis": "x", "origin": [7.4375, 16.75906, 9.7375]},
			"faces": {
				"north": {"uv": [9.81818, 8.36364, 10.81818, 8.63636], "texture": "#4"},
				"east": {"uv": [2.18182, 11.63636, 2.81818, 11.90909], "texture": "#4"},
				"south": {"uv": [9.81818, 1.09091, 10.81818, 1.36364], "texture": "#4"},
				"west": {"uv": [11.63636, 1.45455, 12.27273, 1.72727], "texture": "#4"},
				"up": {"uv": [6.18182, 6.18182, 7.18182, 6.81818], "texture": "#4"},
				"down": {"uv": [7.27273, 0.63636, 8.27273, 0], "texture": "#4"}
			}
		},
		{
			"from": [7.375, 17.00522, 9.32444],
			"to": [7.875, 17.50522, 10.07444],
			"rotation": {"angle": 22.5, "axis": "x", "origin": [8.6875, 16.56772, 10.19944]},
			"faces": {
				"north": {"uv": [14.54545, 2.90909, 14.72727, 3.09091], "texture": "#4"},
				"south": {"uv": [14.54545, 2.18182, 14.72727, 2.36364], "texture": "#4"},
				"west": {"uv": [14.18182, 6.54545, 14.45455, 6.72727], "texture": "#4"},
				"up": {"uv": [8, 14.18182, 8.18182, 14.45455], "texture": "#4"}
			}
		},
		{
			"from": [7.875, 17.00522, 9.32444],
			"to": [8.625, 17.75522, 10.07444],
			"rotation": {"angle": 22.5, "axis": "x", "origin": [8.6875, 16.56772, 10.19944]},
			"faces": {
				"north": {"uv": [0, 14.18182, 0.27273, 14.45455], "texture": "#4"},
				"east": {"uv": [14.18182, 0, 14.45455, 0.27273], "texture": "#4"},
				"south": {"uv": [12.72727, 13.81818, 13, 14.09091], "texture": "#4"},
				"west": {"uv": [13.45455, 13.81818, 13.72727, 14.09091], "texture": "#4"},
				"up": {"uv": [0.72727, 14.18182, 1, 14.45455], "texture": "#4"}
			}
		},
		{
			"from": [7.6, 17.01875, 10.25138],
			"to": [8.35, 17.04875, 11.00138],
			"rotation": {"angle": 0, "axis": "y", "origin": [7.9, 16.75906, 9.7375]},
			"faces": {
				"up": {"uv": [14.18182, 0.72727, 14.45455, 1], "texture": "#4"},
				"down": {"uv": [1.45455, 14.45455, 1.72727, 14.18182], "texture": "#4"}
			}
		},
		{
			"from": [7.6, 17.27294, 9.96719],
			"to": [8.35, 18.02294, 9.99719],
			"rotation": {"angle": -45, "axis": "x", "origin": [7.9, 16.75906, 9.7375]},
			"faces": {
				"north": {"uv": [2.90909, 14.18182, 3.18182, 14.45455], "texture": "#4"},
				"south": {"uv": [2.18182, 14.18182, 2.45455, 14.45455], "texture": "#4"}
			}
		},
		{
			"from": [6.36612, 12.77487, 9.70165],
			"to": [6.39612, 17.77487, 10.95165],
			"rotation": {"angle": -22.5, "axis": "y", "origin": [6.36612, 13.77487, 9.70165]},
			"faces": {
				"east": {"uv": [5.09091, 0, 5.54545, 1.81818], "texture": "#4"},
				"west": {"uv": [5.54545, 0, 5.09091, 1.81818], "texture": "#4"}
			}
		},
		{
			"from": [6.79896, 12.77487, 10.5801],
			"to": [6.82896, 17.77487, 11.8301],
			"rotation": {"angle": 22.5, "axis": "y", "origin": [7.03813, 15.27487, 13.00874]},
			"faces": {
				"east": {"uv": [5.09091, 2.18182, 5.54545, 4], "texture": "#4"},
				"west": {"uv": [5.54545, 2.18182, 5.09091, 4], "texture": "#4"}
			}
		},
		{
			"from": [7.26821, 12.77487, 11.82829],
			"to": [7.29821, 17.77487, 13.07829],
			"rotation": {"angle": 45, "axis": "y", "origin": [7.03813, 15.27487, 13.00874]},
			"faces": {
				"east": {"uv": [5.09091, 4.36364, 5.54545, 6.18182], "texture": "#4"},
				"west": {"uv": [5.54545, 4.36364, 5.09091, 6.18182], "texture": "#4"}
			}
		},
		{
			"from": [7.25, 12.77487, 8.81777],
			"to": [7.28, 17.77487, 10.06777],
			"rotation": {"angle": -45, "axis": "y", "origin": [7.25, 13.77487, 8.81777]},
			"faces": {
				"east": {"uv": [3.36364, 5.81818, 2.90909, 7.63636], "texture": "#4"},
				"west": {"uv": [4.45455, 5.81818, 4, 7.63636], "texture": "#4"}
			}
		},
		{
			"from": [7.27081, 12.77487, 12.97522],
			"to": [7.30081, 17.77487, 14.22522],
			"rotation": {"angle": 22.5, "axis": "y", "origin": [7.03163, 15.27487, 12.99901]},
			"faces": {
				"east": {"uv": [0, 6.18182, 0.45455, 8], "texture": "#4"},
				"west": {"uv": [0.45455, 6.18182, 0, 8], "texture": "#4"}
			}
		},
		{
			"from": [7.71957, 12.77487, 14.02887],
			"to": [7.74957, 17.77487, 15.27887],
			"rotation": {"angle": 0, "axis": "y", "origin": [7.02935, 15.27487, 12.98753]},
			"faces": {
				"east": {"uv": [6.18182, 0, 6.63636, 1.81818], "texture": "#4"},
				"west": {"uv": [6.63636, 0, 6.18182, 1.81818], "texture": "#4"}
			}
		},
		{
			"from": [9.60388, 12.77487, 9.70165],
			"to": [9.63388, 17.77487, 10.95165],
			"rotation": {"angle": 22.5, "axis": "y", "origin": [9.63388, 13.77487, 9.70165]},
			"faces": {
				"east": {"uv": [5.09091, 0, 5.54545, 1.81818], "texture": "#4"},
				"west": {"uv": [5.54545, 0, 5.09091, 1.81818], "texture": "#4"}
			}
		},
		{
			"from": [9.17104, 12.77487, 10.5801],
			"to": [9.20104, 17.77487, 11.8301],
			"rotation": {"angle": -22.5, "axis": "y", "origin": [8.96187, 15.27487, 13.00874]},
			"faces": {
				"east": {"uv": [5.09091, 2.18182, 5.54545, 4], "texture": "#4"},
				"west": {"uv": [5.54545, 2.18182, 5.09091, 4], "texture": "#4"}
			}
		},
		{
			"from": [8.70179, 12.77487, 11.82829],
			"to": [8.73179, 17.77487, 13.07829],
			"rotation": {"angle": -45, "axis": "y", "origin": [8.96187, 15.27487, 13.00874]},
			"faces": {
				"east": {"uv": [5.09091, 4.36364, 5.54545, 6.18182], "texture": "#4"},
				"west": {"uv": [5.54545, 4.36364, 5.09091, 6.18182], "texture": "#4"}
			}
		},
		{
			"from": [8.72, 12.77487, 8.81777],
			"to": [8.75, 17.77487, 10.06777],
			"rotation": {"angle": 45, "axis": "y", "origin": [8.75, 13.77487, 8.81777]},
			"faces": {
				"east": {"uv": [4, 5.81818, 4.45455, 7.63636], "texture": "#4"},
				"west": {"uv": [2.90909, 5.81818, 3.36364, 7.63636], "texture": "#4"}
			}
		},
		{
			"from": [8.69919, 12.77487, 12.97522],
			"to": [8.72919, 17.77487, 14.22522],
			"rotation": {"angle": -22.5, "axis": "y", "origin": [8.96837, 15.27487, 12.99901]},
			"faces": {
				"east": {"uv": [0, 6.18182, 0.45455, 8], "texture": "#4"},
				"west": {"uv": [0.45455, 6.18182, 0, 8], "texture": "#4"}
			}
		},
		{
			"from": [8.25043, 12.77487, 14.02887],
			"to": [8.28043, 17.77487, 15.27887],
			"rotation": {"angle": 0, "axis": "y", "origin": [8.97065, 15.27487, 12.98753]},
			"faces": {
				"east": {"uv": [6.18182, 0, 6.63636, 1.81818], "texture": "#4"},
				"west": {"uv": [6.63636, 0, 6.18182, 1.81818], "texture": "#4"}
			}
		},
		{
			"from": [7.25, 12, 5.5],
			"to": [8.75, 13, 7],
			"rotation": {"angle": 22.5, "axis": "x", "origin": [8, 13, 6.25]},
			"faces": {
				"north": {"uv": [10.90909, 10.54545, 11.45455, 10.90909], "texture": "#4"},
				"east": {"uv": [11.27273, 0.72727, 11.81818, 1.09091], "texture": "#4"},
				"south": {"uv": [11.27273, 6.18182, 11.81818, 6.54545], "texture": "#4"},
				"west": {"uv": [11.27273, 6.90909, 11.81818, 7.27273], "texture": "#4"},
				"up": {"uv": [10, 3.81818, 9.45455, 3.27273], "texture": "#4"},
				"down": {"uv": [10, 4.36364, 9.45455, 4.90909], "texture": "#4"}
			}
		},
		{
			"from": [7.375, 13, 5.625],
			"to": [8.625, 14, 6.875],
			"rotation": {"angle": 22.5, "axis": "x", "origin": [8, 13, 6.25]},
			"faces": {
				"north": {"uv": [12, 0, 12.45455, 0.36364], "texture": "#4"},
				"east": {"uv": [3.27273, 12, 3.72727, 12.36364], "texture": "#4"},
				"south": {"uv": [8, 12, 8.45455, 12.36364], "texture": "#4"},
				"west": {"uv": [9.09091, 12, 9.54545, 12.36364], "texture": "#4"},
				"up": {"uv": [11, 4.45455, 10.54545, 4], "texture": "#4"}
			}
		},
		{
			"from": [7.375, 13, 9.125],
			"to": [8.625, 14, 10.375],
			"rotation": {"angle": -22.5, "axis": "x", "origin": [8, 13, 9.75]},
			"faces": {
				"north": {"uv": [8.45455, 12, 8, 12.36364], "texture": "#4"},
				"east": {"uv": [3.72727, 12, 3.27273, 12.36364], "texture": "#4"},
				"south": {"uv": [12.45455, 0, 12, 0.36364], "texture": "#4"},
				"west": {"uv": [9.54545, 12, 9.09091, 12.36364], "texture": "#4"},
				"up": {"uv": [11, 4, 10.54545, 4.45455], "texture": "#4"}
			}
		},
		{
			"from": [7.25, 12, 9],
			"to": [8.75, 13, 10.5],
			"rotation": {"angle": -22.5, "axis": "x", "origin": [8, 13, 9.75]},
			"faces": {
				"north": {"uv": [11.81818, 6.18182, 11.27273, 6.54545], "texture": "#4"},
				"east": {"uv": [11.81818, 0.72727, 11.27273, 1.09091], "texture": "#4"},
				"south": {"uv": [11.45455, 10.54545, 10.90909, 10.90909], "texture": "#4"},
				"west": {"uv": [11.81818, 6.90909, 11.27273, 7.27273], "texture": "#4"},
				"up": {"uv": [10, 3.27273, 9.45455, 3.81818], "texture": "#4"},
				"down": {"uv": [10, 4.90909, 9.45455, 4.36364], "texture": "#4"}
			}
		},
		{
			"from": [7.625, 13.62132, 4.12868],
			"to": [8.375, 15.62132, 7.12868],
			"rotation": {"angle": 0, "axis": "y", "origin": [7.375, 13.62132, 5.12868]},
			"faces": {
				"north": {"uv": [4, 10.90909, 4.27273, 11.63636], "texture": "#4"},
				"east": {"uv": [1.09091, 6.18182, 2.18182, 6.90909], "texture": "#4"},
				"south": {"uv": [7.27273, 11.27273, 7.54545, 12], "texture": "#4"},
				"west": {"uv": [6.18182, 2.18182, 7.27273, 2.90909], "texture": "#4"},
				"up": {"uv": [10.09091, 8, 9.81818, 6.90909], "texture": "#4"},
				"down": {"uv": [1.36364, 10.18182, 1.09091, 11.27273], "texture": "#4"}
			}
		},
		{
			"from": [7.625, 12.62132, 3.12868],
			"to": [8.375, 16.62132, 4.12868],
			"rotation": {"angle": 0, "axis": "y", "origin": [7.375, 15.62132, 4.12868]},
			"faces": {
				"north": {"uv": [4.72727, 8.72727, 5, 10.18182], "texture": "#4"},
				"east": {"uv": [1.09091, 7.27273, 1.45455, 8.72727], "texture": "#4"},
				"south": {"uv": [5.45455, 8.72727, 5.72727, 10.18182], "texture": "#4"},
				"west": {"uv": [1.81818, 7.27273, 2.18182, 8.72727], "texture": "#4"},
				"up": {"uv": [13.72727, 13.45455, 13.45455, 13.09091], "texture": "#4"},
				"down": {"uv": [14.09091, 1.45455, 13.81818, 1.81818], "texture": "#4"}
			}
		},
		{
			"from": [7.626, 15.53921, 3.62868],
			"to": [8.374, 16.41421, 5.12868],
			"rotation": {"angle": 45, "axis": "x", "origin": [8.001, 15.91421, 4.12868]},
			"faces": {
				"north": {"uv": [13.81818, 4.36364, 14.09091, 4.72727], "texture": "#4"},
				"east": {"uv": [10.18182, 11.27273, 10.72727, 11.63636], "texture": "#4"},
				"south": {"uv": [4.72727, 13.81818, 5, 14.18182], "texture": "#4"},
				"west": {"uv": [11.27273, 11.27273, 11.81818, 11.63636], "texture": "#4"},
				"up": {"uv": [0.27273, 12.90909, 0, 12.36364], "texture": "#4"},
				"down": {"uv": [1, 12.36364, 0.72727, 12.90909], "texture": "#4"}
			}
		},
		{
			"from": [7.631, 14.94304, 4.29928],
			"to": [8.369, 15.94304, 5.79928],
			"rotation": {"angle": 22.5, "axis": "x", "origin": [8.006, 15.46804, 4.79928]},
			"faces": {
				"north": {"uv": [13.81818, 5.09091, 14.09091, 5.45455], "texture": "#4"},
				"east": {"uv": [0, 11.63636, 0.54545, 12], "texture": "#4"},
				"south": {"uv": [5.45455, 13.81818, 5.72727, 14.18182], "texture": "#4"},
				"west": {"uv": [1.09091, 11.63636, 1.63636, 12], "texture": "#4"},
				"up": {"uv": [1.72727, 12.90909, 1.45455, 12.36364], "texture": "#4"},
				"down": {"uv": [2.45455, 12.36364, 2.18182, 12.90909], "texture": "#4"}
			}
		},
		{
			"from": [7.631, 13.2996, 4.29928],
			"to": [8.369, 14.2996, 5.79928],
			"rotation": {"angle": -22.5, "axis": "x", "origin": [8.006, 13.7746, 4.79928]},
			"faces": {
				"north": {"uv": [13.81818, 3.63636, 14.09091, 4], "texture": "#4"},
				"east": {"uv": [11.27273, 8.36364, 11.81818, 8.72727], "texture": "#4"},
				"south": {"uv": [4, 13.81818, 4.27273, 14.18182], "texture": "#4"},
				"west": {"uv": [9.09091, 11.27273, 9.63636, 11.63636], "texture": "#4"},
				"up": {"uv": [11.18182, 12.54545, 10.90909, 12], "texture": "#4"},
				"down": {"uv": [11.90909, 12, 11.63636, 12.54545], "texture": "#4"}
			}
		},
		{
			"from": [7.626, 12.82843, 3.62868],
			"to": [8.374, 13.70343, 5.12868],
			"rotation": {"angle": -45, "axis": "x", "origin": [8.001, 13.32843, 4.12868]},
			"faces": {
				"north": {"uv": [13.81818, 2.18182, 14.09091, 2.54545], "texture": "#4"},
				"east": {"uv": [11.27273, 7.63636, 11.81818, 8], "texture": "#4"},
				"south": {"uv": [13.81818, 2.90909, 14.09091, 3.27273], "texture": "#4"},
				"west": {"uv": [8, 11.27273, 8.54545, 11.63636], "texture": "#4"},
				"up": {"uv": [12.27273, 10.36364, 12, 9.81818], "texture": "#4"},
				"down": {"uv": [10.45455, 12, 10.18182, 12.54545], "texture": "#4"}
			}
		},
		{
			"from": [7.985, 6.75, -0.75],
			"to": [8.015, 18.75, 6.25],
			"rotation": {"angle": 0, "axis": "y", "origin": [7.985, 8.75, 1.25]},
			"faces": {
				"east": {"uv": [2.54545, 0, 0, 4.36364], "texture": "#4"},
				"west": {"uv": [0, 0, 2.54545, 4.36364], "texture": "#4"}
			}
		},
		{
			"from": [7.29289, 6.06066, 7.92678],
			"to": [8.54289, 12.56066, 9.17678],
			"rotation": {"angle": 45, "axis": "y", "origin": [7.29289, 6.06066, 8.17678]},
			"faces": {
				"north": {"uv": [2.90909, 0, 3.36364, 2.36364], "texture": "#4"},
				"east": {"uv": [2.90909, 2.90909, 3.36364, 5.27273], "texture": "#4"},
				"south": {"uv": [4, 0, 4.45455, 2.36364], "texture": "#4"},
				"west": {"uv": [4, 2.90909, 4.45455, 5.27273], "texture": "#4"}
			}
		},
		{
			"from": [8.16362, 7.25, 2.1513],
			"to": [8.19362, 11.25, 3.6513],
			"rotation": {"angle": -22.5, "axis": "y", "origin": [8.16362, 5.25, 3.1513]},
			"faces": {
				"east": {"uv": [5, 7.5, 6.5, 11.5], "texture": "#1"},
				"west": {"uv": [6.5, 7.5, 5, 11.5], "texture": "#1"}
			}
		},
		{
			"from": [8.54402, 7.25, 0.2389],
			"to": [8.57402, 11.25, 2.2389],
			"rotation": {"angle": 0, "axis": "y", "origin": [8.54402, -0.75, -0.7611]},
			"faces": {
				"east": {"uv": [6.5, 7.5, 8.5, 11.5], "texture": "#1"},
				"west": {"uv": [8.5, 7.5, 6.5, 11.5], "texture": "#1"}
			}
		},
		{
			"from": [8.16362, 7.25, -1.1735],
			"to": [8.19362, 11.25, 0.3265],
			"rotation": {"angle": 22.5, "axis": "y", "origin": [8.16362, 5.25, -0.6735]},
			"faces": {
				"east": {"uv": [8.5, 7.5, 10, 11.5], "texture": "#1"},
				"west": {"uv": [10, 7.5, 8.5, 11.5], "texture": "#1"}
			}
		},
		{
			"from": [7.80866, 7.25, -1.18498],
			"to": [7.83866, 11.25, 0.31502],
			"rotation": {"angle": -22.5, "axis": "y", "origin": [7.80866, 5.25, -0.68498]},
			"faces": {
				"east": {"uv": [1.5, 7.5, 0, 11.5], "texture": "#1"},
				"west": {"uv": [0, 7.5, 1.5, 11.5], "texture": "#1"}
			}
		},
		{
			"from": [7.42598, 7.25, 0.2389],
			"to": [7.45598, 11.25, 2.2389],
			"rotation": {"angle": 0, "axis": "y", "origin": [7.42598, -0.75, -0.7611]},
			"faces": {
				"east": {"uv": [3.5, 7.5, 1.5, 11.5], "texture": "#1"},
				"west": {"uv": [1.5, 7.5, 3.5, 11.5], "texture": "#1"}
			}
		},
		{
			"from": [7.80866, 7.25, 2.16278],
			"to": [7.83866, 11.25, 3.66278],
			"rotation": {"angle": 22.5, "axis": "y", "origin": [7.80866, 5.25, 3.16278]},
			"faces": {
				"east": {"uv": [5, 7.5, 3.5, 11.5], "texture": "#1"},
				"west": {"uv": [3.5, 7.5, 5, 11.5], "texture": "#1"}
			}
		},
		{
			"from": [8.35497, 11.25, -1.6624],
			"to": [8.38497, 18.25, 0.3376],
			"rotation": {"angle": 22.5, "axis": "y", "origin": [8.35497, 12.25, -0.6624]},
			"faces": {
				"east": {"uv": [10, 0, 12, 7], "texture": "#1"},
				"west": {"uv": [12, 0, 10, 7], "texture": "#1"}
			}
		},
		{
			"from": [8.73537, 11.25, 0.25],
			"to": [8.76537, 18.25, 2.25],
			"rotation": {"angle": 0, "axis": "y", "origin": [8.73537, 6.25, -0.75]},
			"faces": {
				"east": {"uv": [8, 0, 10, 7], "texture": "#1"},
				"west": {"uv": [10, 0, 8, 7], "texture": "#1"}
			}
		},
		{
			"from": [8.35497, 11.25, 2.1624],
			"to": [8.38497, 18.25, 4.1624],
			"rotation": {"angle": -22.5, "axis": "y", "origin": [8.35497, 12.25, 3.1624]},
			"faces": {
				"east": {"uv": [6, 0, 8, 7], "texture": "#1"},
				"west": {"uv": [8, 0, 6, 7], "texture": "#1"}
			}
		},
		{
			"from": [7.61731, 11.25, 2.17388],
			"to": [7.64731, 18.25, 4.17388],
			"rotation": {"angle": 22.5, "axis": "y", "origin": [7.61731, 12.25, 3.17388]},
			"faces": {
				"east": {"uv": [6, 0, 4, 7], "texture": "#1"},
				"west": {"uv": [4, 0, 6, 7], "texture": "#1"}
			}
		},
		{
			"from": [7.61731, 11.25, -1.67388],
			"to": [7.64731, 18.25, 0.32612],
			"rotation": {"angle": -22.5, "axis": "y", "origin": [7.61731, 12.25, -0.67388]},
			"faces": {
				"east": {"uv": [2, 0, 0, 7], "texture": "#1"},
				"west": {"uv": [0, 0, 2, 7], "texture": "#1"}
			}
		},
		{
			"from": [7.23463, 11.25, 0.25],
			"to": [7.26463, 18.25, 2.25],
			"rotation": {"angle": 0, "axis": "y", "origin": [7.23463, 6.25, -0.75]},
			"faces": {
				"east": {"uv": [4, 0, 2, 7], "texture": "#1"},
				"west": {"uv": [2, 0, 4, 7], "texture": "#1"}
			}
		}
	],
	"gui_light": "front",
	"display": {
		"thirdperson_righthand": {
			"translation": [0, 3.75, 0.75]
		},
		"thirdperson_lefthand": {
			"translation": [0, 3.75, 0.75]
		},
		"firstperson_righthand": {
			"rotation": [10, 0, 0],
			"translation": [2, 2, 0],
			"scale": [0.7, 0.7, 0.7]
		},
		"firstperson_lefthand": {
			"rotation": [10, 0, 0],
			"translation": [2, 2, 0],
			"scale": [0.7, 0.7, 0.7]
		},
		"ground": {
			"rotation": [-45, 0, 0],
			"translation": [0, 3, 0],
			"scale": [0.7, 0.7, 0.7]
		},
		"gui": {
			"rotation": [-90, 45, 90],
			"translation": [2, -1, 0],
			"scale": [0.7, 0.7, 0.7]
		},
		"head": {
			"rotation": [0, -90, 0]
		},
		"fixed": {
			"rotation": [0, -90, 0],
			"translation": [0, 0, -1.75],
			"scale": [2, 2, 2]
		}
	},
	"groups": [
		{
			"name": "axe",
			"origin": [8, 6, 9.75],
			"color": 0,
			"children": [
				0,
				1,
				2,
				3,
				4,
				5,
				6,
				7,
				8,
				9,
				10,
				11,
				12,
				13,
				14,
				15,
				16,
				17,
				18,
				19,
				20,
				21,
				22,
				23,
				24,
				25,
				26,
				27,
				28,
				29,
				30,
				31,
				32,
				33,
				34,
				35,
				36,
				37,
				38,
				39,
				40,
				41,
				42,
				43,
				44,
				45,
				46,
				47,
				48,
				49,
				50,
				51,
				52,
				53,
				54,
				55,
				56,
				57,
				58,
				59,
				60,
				61,
				62,
				63,
				64,
				65,
				66,
				67,
				68,
				69,
				70,
				71,
				72,
				73,
				74,
				75,
				76,
				77,
				78,
				79
			]
		}
	]
}