{
	"credit": "Pologony Creation Co.,Ltd.",
	"textures": {
		"1": "item/merrychristmas2024set/animated/greatsword_1",
		"4": "item/merrychristmas2024set/greatsword",
		"particle": "item/merrychristmas2024set/greatsword"
	},
	"elements": [
		{
			"from": [7.5, -5.75, 7.25],
			"to": [8.5, -4.25, 8.75],
			"rotation": {"angle": -45, "axis": "x", "origin": [8, -5, 8]},
			"faces": {
				"north": {"uv": [2.18182, 9.81818, 2.54545, 10.36364], "texture": "#4"},
				"east": {"uv": [10.18182, 1.81818, 10.72727, 2.36364], "texture": "#4"},
				"south": {"uv": [9.45455, 11.63636, 9.81818, 12.18182], "texture": "#4"},
				"west": {"uv": [10.54545, 2.90909, 11.09091, 3.45455], "texture": "#4"},
				"up": {"uv": [12, 10, 11.63636, 9.45455], "texture": "#4"},
				"down": {"uv": [12, 10.54545, 11.63636, 11.09091], "texture": "#4"}
			}
		},
		{
			"from": [7.25, -5.5, 7.5],
			"to": [8.75, -4.5, 8.5],
			"rotation": {"angle": -45, "axis": "x", "origin": [8, -5, 8]},
			"faces": {
				"north": {"uv": [11.63636, 1.09091, 12.18182, 1.45455], "texture": "#4"},
				"east": {"uv": [7.63636, 10.90909, 8, 11.27273], "texture": "#4"},
				"south": {"uv": [11.63636, 11.63636, 12.18182, 12], "texture": "#4"},
				"west": {"uv": [7.27273, 12.72727, 7.63636, 13.09091], "texture": "#4"},
				"up": {"uv": [0.54545, 12.36364, 0, 12], "texture": "#4"},
				"down": {"uv": [12.54545, 0, 12, 0.36364], "texture": "#4"}
			}
		},
		{
			"from": [7.25, -4.43934, 7.25],
			"to": [8.75, -3.93934, 8.75],
			"rotation": {"angle": -45, "axis": "y", "origin": [8, -4.18934, 8]},
			"faces": {
				"north": {"uv": [13.09091, 13.09091, 13.63636, 13.27273], "texture": "#4"},
				"east": {"uv": [0, 13.45455, 0.54545, 13.63636], "texture": "#4"},
				"south": {"uv": [1.09091, 13.45455, 1.63636, 13.63636], "texture": "#4"},
				"west": {"uv": [2.18182, 13.45455, 2.72727, 13.63636], "texture": "#4"},
				"up": {"uv": [8.90909, 11.09091, 8.36364, 10.54545], "texture": "#4"},
				"down": {"uv": [11.09091, 9.09091, 10.54545, 9.63636], "texture": "#4"}
			}
		},
		{
			"from": [7.25, -2.93934, 7.25],
			"to": [8.75, -2.43934, 8.75],
			"rotation": {"angle": -45, "axis": "y", "origin": [8, -2.68934, 8]},
			"faces": {
				"north": {"uv": [4.72727, 13.45455, 5.27273, 13.63636], "texture": "#4"},
				"east": {"uv": [5.81818, 13.45455, 6.36364, 13.63636], "texture": "#4"},
				"south": {"uv": [13.45455, 6.54545, 14, 6.72727], "texture": "#4"},
				"west": {"uv": [6.90909, 13.45455, 7.45455, 13.63636], "texture": "#4"},
				"up": {"uv": [10, 11.09091, 9.45455, 10.54545], "texture": "#4"},
				"down": {"uv": [11.09091, 10.18182, 10.54545, 10.72727], "texture": "#4"}
			}
		},
		{
			"from": [7.42678, -3.93934, 7.5],
			"to": [8.67678, -2.93934, 8.75],
			"rotation": {"angle": -45, "axis": "y", "origin": [8.17678, -3.68934, 8]},
			"faces": {
				"north": {"uv": [11.27273, 12.36364, 11.72727, 12.72727], "texture": "#4"},
				"east": {"uv": [12.36364, 12.36364, 12.81818, 12.72727], "texture": "#4"},
				"south": {"uv": [0, 12.72727, 0.45455, 13.09091], "texture": "#4"},
				"west": {"uv": [12.72727, 0.72727, 13.18182, 1.09091], "texture": "#4"}
			}
		},
		{
			"from": [7.25, 3.12132, 7],
			"to": [8.75, 3.62132, 9],
			"rotation": {"angle": 45, "axis": "x", "origin": [8, 4.62132, 8]},
			"faces": {
				"east": {"uv": [8, 12.72727, 8.72727, 12.90909], "texture": "#4"},
				"west": {"uv": [12.72727, 8, 13.45455, 8.18182], "texture": "#4"},
				"up": {"uv": [10, 3.63636, 9.45455, 2.90909], "texture": "#4"},
				"down": {"uv": [8.90909, 9.45455, 8.36364, 10.18182], "texture": "#4"}
			}
		},
		{
			"from": [7.25, 5.43198, 6.04289],
			"to": [8.75, 5.93198, 8.04289],
			"rotation": {"angle": -45, "axis": "x", "origin": [8, 5.68198, 7.29289]},
			"faces": {
				"east": {"uv": [12.72727, 8.72727, 13.45455, 8.90909], "texture": "#4"},
				"south": {"uv": [13.45455, 7.27273, 14, 7.45455], "texture": "#4"},
				"west": {"uv": [9.09091, 12.72727, 9.81818, 12.90909], "texture": "#4"},
				"up": {"uv": [10, 10.18182, 9.45455, 9.45455], "texture": "#4"},
				"down": {"uv": [0.54545, 9.81818, 0, 10.54545], "texture": "#4"}
			}
		},
		{
			"from": [7.25, 3.12132, 6.5],
			"to": [8.75, 3.62132, 7],
			"rotation": {"angle": 45, "axis": "x", "origin": [8, 4.62132, 8]},
			"faces": {
				"north": {"uv": [8, 13.45455, 8.54545, 13.63636], "texture": "#4"},
				"east": {"uv": [10.18182, 14.54545, 10.36364, 14.72727], "texture": "#4"},
				"west": {"uv": [14.54545, 10.18182, 14.72727, 10.36364], "texture": "#4"},
				"down": {"uv": [9.63636, 13.45455, 9.09091, 13.63636], "texture": "#4"}
			}
		},
		{
			"from": [7.25, 5.62132, 6.5],
			"to": [8.75, 6.12132, 7],
			"rotation": {"angle": 45, "axis": "x", "origin": [8, 4.62132, 8]},
			"faces": {
				"north": {"uv": [13.45455, 9.45455, 14, 9.63636], "texture": "#4"},
				"east": {"uv": [14.54545, 10.90909, 14.72727, 11.09091], "texture": "#4"},
				"west": {"uv": [14.54545, 12.36364, 14.72727, 12.54545], "texture": "#4"},
				"up": {"uv": [14, 10.36364, 13.45455, 10.18182], "texture": "#4"},
				"down": {"uv": [14, 10.90909, 13.45455, 11.09091], "texture": "#4"}
			}
		},
		{
			"from": [7.25, 2.08579, 6.5],
			"to": [8.75, 2.58579, 7],
			"rotation": {"angle": 45, "axis": "x", "origin": [8, 1.08579, 8]},
			"faces": {
				"east": {"uv": [12.72727, 14.54545, 12.90909, 14.72727], "texture": "#4"},
				"south": {"uv": [13.45455, 12.36364, 14, 12.54545], "texture": "#4"},
				"west": {"uv": [13.45455, 14.54545, 13.63636, 14.72727], "texture": "#4"},
				"down": {"uv": [14.36364, 0.72727, 13.81818, 0.90909], "texture": "#4"}
			}
		},
		{
			"from": [7.25, 5.62132, 7],
			"to": [8.75, 6.12132, 9],
			"rotation": {"angle": 45, "axis": "x", "origin": [8, 4.62132, 8]},
			"faces": {
				"east": {"uv": [12.72727, 11.63636, 13.45455, 11.81818], "texture": "#4"},
				"south": {"uv": [13.81818, 1.45455, 14.36364, 1.63636], "texture": "#4"},
				"west": {"uv": [13.09091, 0, 13.81818, 0.18182], "texture": "#4"},
				"up": {"uv": [1.63636, 10.54545, 1.09091, 9.81818], "texture": "#4"},
				"down": {"uv": [10.36364, 4, 9.81818, 4.72727], "texture": "#4"}
			}
		},
		{
			"from": [7.25, 3.12132, 7],
			"to": [8.75, 3.62132, 9],
			"rotation": {"angle": -45, "axis": "x", "origin": [8, 4.62132, 8]},
			"faces": {
				"east": {"uv": [13.09091, 5.09091, 13.81818, 5.27273], "texture": "#4"},
				"west": {"uv": [13.09091, 5.81818, 13.81818, 6], "texture": "#4"},
				"up": {"uv": [5.63636, 10.54545, 5.09091, 9.81818], "texture": "#4"},
				"down": {"uv": [10.36364, 5.09091, 9.81818, 5.81818], "texture": "#4"}
			}
		},
		{
			"from": [7.25, 3.12132, 9],
			"to": [8.75, 3.62132, 9.5],
			"rotation": {"angle": -45, "axis": "x", "origin": [8, 4.62132, 8]},
			"faces": {
				"east": {"uv": [14.18182, 14.54545, 14.36364, 14.72727], "texture": "#4"},
				"south": {"uv": [13.81818, 2.18182, 14.36364, 2.36364], "texture": "#4"},
				"west": {"uv": [0, 14.90909, 0.18182, 15.09091], "texture": "#4"},
				"down": {"uv": [14.36364, 2.90909, 13.81818, 3.09091], "texture": "#4"}
			}
		},
		{
			"from": [7.5, 3.37132, 6.75],
			"to": [8.5, 5.87132, 9.25],
			"rotation": {"angle": 45, "axis": "x", "origin": [8, 4.62132, 8]},
			"faces": {
				"east": {"uv": [2.90909, 6.90909, 3.81818, 7.81818], "texture": "#4"},
				"west": {"uv": [4.36364, 6.90909, 5.27273, 7.81818], "texture": "#4"}
			}
		},
		{
			"from": [7.25, 2.56066, 7.25],
			"to": [8.75, 3.06066, 8.75],
			"rotation": {"angle": -45, "axis": "y", "origin": [8, 2.81066, 8]},
			"faces": {
				"north": {"uv": [3.27273, 13.81818, 3.81818, 14], "texture": "#4"},
				"east": {"uv": [13.81818, 3.63636, 14.36364, 3.81818], "texture": "#4"},
				"south": {"uv": [13.81818, 4.36364, 14.36364, 4.54545], "texture": "#4"},
				"west": {"uv": [13.81818, 8, 14.36364, 8.18182], "texture": "#4"},
				"up": {"uv": [0.54545, 11.45455, 0, 10.90909], "texture": "#4"},
				"down": {"uv": [11.45455, 0, 10.90909, 0.54545], "texture": "#4"}
			}
		},
		{
			"from": [7.42678, 1.56066, 7.5],
			"to": [8.67678, 2.56066, 8.75],
			"rotation": {"angle": -45, "axis": "y", "origin": [8.17678, 2.31066, 8]},
			"faces": {
				"north": {"uv": [1.09091, 12.72727, 1.54545, 13.09091], "texture": "#4"},
				"east": {"uv": [12.72727, 1.45455, 13.18182, 1.81818], "texture": "#4"},
				"south": {"uv": [2.18182, 12.72727, 2.63636, 13.09091], "texture": "#4"},
				"west": {"uv": [12.72727, 2.18182, 13.18182, 2.54545], "texture": "#4"}
			}
		},
		{
			"from": [7.25, 1.06066, 7.25],
			"to": [8.75, 1.56066, 8.75],
			"rotation": {"angle": -45, "axis": "y", "origin": [8, 1.31066, 8]},
			"faces": {
				"north": {"uv": [13.81818, 8.72727, 14.36364, 8.90909], "texture": "#4"},
				"east": {"uv": [10.18182, 13.81818, 10.72727, 14], "texture": "#4"},
				"south": {"uv": [13.81818, 11.63636, 14.36364, 11.81818], "texture": "#4"},
				"west": {"uv": [13.09091, 13.81818, 13.63636, 14], "texture": "#4"},
				"up": {"uv": [1.63636, 11.45455, 1.09091, 10.90909], "texture": "#4"},
				"down": {"uv": [11.45455, 4, 10.90909, 4.54545], "texture": "#4"}
			}
		},
		{
			"from": [7.67678, -2.43934, 7.57322],
			"to": [8.67678, 1.06066, 8.57322],
			"rotation": {"angle": -45, "axis": "y", "origin": [8.17678, -0.18934, 7.82322]},
			"faces": {
				"north": {"uv": [9.45455, 1.09091, 9.81818, 2.36364], "texture": "#4"},
				"east": {"uv": [2.90909, 9.45455, 3.27273, 10.72727], "texture": "#4"},
				"south": {"uv": [3.63636, 9.45455, 4, 10.72727], "texture": "#4"},
				"west": {"uv": [4.36364, 9.45455, 4.72727, 10.72727], "texture": "#4"}
			}
		},
		{
			"from": [7.42678, -0.93934, 7.5],
			"to": [8.67678, -0.43934, 8.75],
			"rotation": {"angle": -45, "axis": "y", "origin": [8.17678, -0.68934, 8]},
			"faces": {
				"north": {"uv": [1.45455, 14.18182, 1.90909, 14.36364], "texture": "#4"},
				"east": {"uv": [4.36364, 14.18182, 4.81818, 14.36364], "texture": "#4"},
				"south": {"uv": [14.18182, 5.09091, 14.63636, 5.27273], "texture": "#4"},
				"west": {"uv": [5.45455, 14.18182, 5.90909, 14.36364], "texture": "#4"},
				"up": {"uv": [4.09091, 11.72727, 3.63636, 11.27273], "texture": "#4"},
				"down": {"uv": [11, 11.27273, 10.54545, 11.72727], "texture": "#4"}
			}
		},
		{
			"from": [5, 3.25, 7],
			"to": [7, 4.75, 9],
			"rotation": {"angle": 22.5, "axis": "z", "origin": [6, 5, 8.0625]},
			"faces": {
				"north": {"uv": [6.18182, 9.81818, 6.90909, 10.36364], "texture": "#4"},
				"east": {"uv": [9.81818, 6.18182, 10.54545, 6.72727], "texture": "#4"},
				"south": {"uv": [7.27273, 9.81818, 8, 10.36364], "texture": "#4"},
				"west": {"uv": [9.81818, 7.27273, 10.54545, 7.81818], "texture": "#4"},
				"down": {"uv": [8, 8.72727, 7.27273, 9.45455], "texture": "#4"}
			}
		},
		{
			"from": [4.875, 4.75, 6.875],
			"to": [7.125, 5.5, 9.125],
			"rotation": {"angle": 22.5, "axis": "z", "origin": [6, 5, 8.0625]},
			"faces": {
				"north": {"uv": [10.90909, 6.90909, 11.72727, 7.18182], "texture": "#4"},
				"east": {"uv": [10.90909, 7.63636, 11.72727, 7.90909], "texture": "#4"},
				"south": {"uv": [11.27273, 1.81818, 12.09091, 2.09091], "texture": "#4"},
				"west": {"uv": [2.18182, 11.27273, 3, 11.54545], "texture": "#4"},
				"up": {"uv": [9.18182, 5.18182, 8.36364, 4.36364], "texture": "#4"},
				"down": {"uv": [9.18182, 5.81818, 8.36364, 6.63636], "texture": "#4"}
			}
		},
		{
			"from": [5.625, 5.5, 8.125],
			"to": [6.375, 6.25, 8.875],
			"rotation": {"angle": 22.5, "axis": "z", "origin": [6, 5, 8.0625]},
			"faces": {
				"east": {"uv": [2.54545, 14.18182, 2.81818, 14.45455], "texture": "#4"},
				"south": {"uv": [14.18182, 5.81818, 14.45455, 6.09091], "texture": "#4"},
				"west": {"uv": [6.54545, 14.18182, 6.81818, 14.45455], "texture": "#4"},
				"up": {"uv": [7.54545, 14.45455, 7.27273, 14.18182], "texture": "#4"}
			}
		},
		{
			"from": [5.625, 5.5, 7.125],
			"to": [6.375, 6.5, 8.125],
			"rotation": {"angle": 22.5, "axis": "z", "origin": [6, 5, 8.0625]},
			"faces": {
				"north": {"uv": [0, 14.18182, 0.27273, 14.54545], "texture": "#4"},
				"east": {"uv": [10.18182, 13.09091, 10.54545, 13.45455], "texture": "#4"},
				"south": {"uv": [14.18182, 0, 14.45455, 0.36364], "texture": "#4"},
				"west": {"uv": [10.90909, 13.09091, 11.27273, 13.45455], "texture": "#4"},
				"up": {"uv": [1, 14.54545, 0.72727, 14.18182], "texture": "#4"}
			}
		},
		{
			"from": [6.5378, 5.31743, 7.3625],
			"to": [7.7878, 5.34743, 8.6125],
			"rotation": {"angle": 45, "axis": "z", "origin": [6, 5, 8.0625]},
			"faces": {
				"up": {"uv": [12.09091, 3, 11.63636, 2.54545], "texture": "#4"},
				"down": {"uv": [6.63636, 11.63636, 6.18182, 12.09091], "texture": "#4"}
			}
		},
		{
			"from": [4.2122, 5.31743, 7.3625],
			"to": [5.4622, 5.34743, 8.6125],
			"rotation": {"angle": 0, "axis": "y", "origin": [6, 5, 8.0625]},
			"faces": {
				"up": {"uv": [7.72727, 12.09091, 7.27273, 11.63636], "texture": "#4"},
				"down": {"uv": [8.81818, 11.63636, 8.36364, 12.09091], "texture": "#4"}
			}
		},
		{
			"from": [8.2122, 5.31743, 7.3875],
			"to": [9.4622, 5.34743, 8.6375],
			"rotation": {"angle": -45, "axis": "z", "origin": [10, 5, 7.9375]},
			"faces": {
				"up": {"uv": [11.63636, 2.54545, 12.09091, 3], "texture": "#4"},
				"down": {"uv": [6.18182, 12.09091, 6.63636, 11.63636], "texture": "#4"}
			}
		},
		{
			"from": [9.625, 5.5, 7.875],
			"to": [10.375, 6.5, 8.875],
			"rotation": {"angle": -22.5, "axis": "z", "origin": [10, 5, 7.9375]},
			"faces": {
				"north": {"uv": [14.18182, 0, 14.45455, 0.36364], "texture": "#4"},
				"east": {"uv": [10.90909, 13.09091, 11.27273, 13.45455], "texture": "#4"},
				"south": {"uv": [0, 14.18182, 0.27273, 14.54545], "texture": "#4"},
				"west": {"uv": [10.18182, 13.09091, 10.54545, 13.45455], "texture": "#4"},
				"up": {"uv": [0.72727, 14.18182, 1, 14.54545], "texture": "#4"}
			}
		},
		{
			"from": [9.625, 5.5, 7.125],
			"to": [10.375, 6.25, 7.875],
			"rotation": {"angle": -22.5, "axis": "z", "origin": [10, 5, 7.9375]},
			"faces": {
				"north": {"uv": [14.18182, 5.81818, 14.45455, 6.09091], "texture": "#4"},
				"east": {"uv": [6.54545, 14.18182, 6.81818, 14.45455], "texture": "#4"},
				"west": {"uv": [2.54545, 14.18182, 2.81818, 14.45455], "texture": "#4"},
				"up": {"uv": [7.27273, 14.18182, 7.54545, 14.45455], "texture": "#4"}
			}
		},
		{
			"from": [10.5378, 5.31743, 7.3875],
			"to": [11.7878, 5.34743, 8.6375],
			"rotation": {"angle": 0, "axis": "y", "origin": [10, 5, 7.9375]},
			"faces": {
				"up": {"uv": [7.27273, 11.63636, 7.72727, 12.09091], "texture": "#4"},
				"down": {"uv": [8.36364, 12.09091, 8.81818, 11.63636], "texture": "#4"}
			}
		},
		{
			"from": [8.875, 4.75, 6.875],
			"to": [11.125, 5.5, 9.125],
			"rotation": {"angle": -22.5, "axis": "z", "origin": [10, 5, 7.9375]},
			"faces": {
				"north": {"uv": [11.27273, 1.81818, 12.09091, 2.09091], "texture": "#4"},
				"east": {"uv": [2.18182, 11.27273, 3, 11.54545], "texture": "#4"},
				"south": {"uv": [10.90909, 6.90909, 11.72727, 7.18182], "texture": "#4"},
				"west": {"uv": [10.90909, 7.63636, 11.72727, 7.90909], "texture": "#4"},
				"up": {"uv": [8.36364, 4.36364, 9.18182, 5.18182], "texture": "#4"},
				"down": {"uv": [8.36364, 6.63636, 9.18182, 5.81818], "texture": "#4"}
			}
		},
		{
			"from": [9, 3.25, 7],
			"to": [11, 4.75, 9],
			"rotation": {"angle": -22.5, "axis": "z", "origin": [10, 5, 7.9375]},
			"faces": {
				"north": {"uv": [7.27273, 9.81818, 8, 10.36364], "texture": "#4"},
				"east": {"uv": [9.81818, 7.27273, 10.54545, 7.81818], "texture": "#4"},
				"south": {"uv": [6.18182, 9.81818, 6.90909, 10.36364], "texture": "#4"},
				"west": {"uv": [9.81818, 6.18182, 10.54545, 6.72727], "texture": "#4"},
				"down": {"uv": [7.27273, 9.45455, 8, 8.72727], "texture": "#4"}
			}
		},
		{
			"from": [6.75, 3.79656, 4.9125],
			"to": [9.25, 4.79656, 6.4125],
			"rotation": {"angle": -22.5, "axis": "x", "origin": [8.5625, 5.10906, 5.6625]},
			"faces": {
				"north": {"uv": [9.81818, 8.36364, 10.72727, 8.72727], "texture": "#4"},
				"east": {"uv": [1.09091, 12, 1.63636, 12.36364], "texture": "#4"},
				"south": {"uv": [10.18182, 1.09091, 11.09091, 1.45455], "texture": "#4"},
				"west": {"uv": [2.18182, 12, 2.72727, 12.36364], "texture": "#4"},
				"down": {"uv": [10.36364, 0, 9.45455, 0.54545], "texture": "#4"}
			}
		},
		{
			"from": [6.625, 4.79656, 4.7875],
			"to": [9.375, 5.54656, 6.5375],
			"rotation": {"angle": -22.5, "axis": "x", "origin": [8.5625, 5.10906, 5.6625]},
			"faces": {
				"north": {"uv": [6.18182, 10.90909, 7.18182, 11.18182], "texture": "#4"},
				"east": {"uv": [12.36364, 10.18182, 13, 10.45455], "texture": "#4"},
				"south": {"uv": [10.90909, 6.18182, 11.90909, 6.45455], "texture": "#4"},
				"west": {"uv": [12.36364, 10.90909, 13, 11.18182], "texture": "#4"},
				"up": {"uv": [9.36364, 7.90909, 8.36364, 7.27273], "texture": "#4"},
				"down": {"uv": [9.36364, 8.36364, 8.36364, 9], "texture": "#4"}
			}
		},
		{
			"from": [8.125, 5.35522, 5.32556],
			"to": [8.625, 5.85522, 6.07556],
			"rotation": {"angle": -22.5, "axis": "x", "origin": [7.3125, 4.91772, 5.20056]},
			"faces": {
				"north": {"uv": [14.90909, 0, 15.09091, 0.18182], "texture": "#4"},
				"east": {"uv": [14.54545, 7.27273, 14.81818, 7.45455], "texture": "#4"},
				"south": {"uv": [0.72727, 14.90909, 0.90909, 15.09091], "texture": "#4"},
				"up": {"uv": [14.72727, 9.72727, 14.54545, 9.45455], "texture": "#4"}
			}
		},
		{
			"from": [7.375, 5.35522, 5.32556],
			"to": [8.125, 6.10522, 6.07556],
			"rotation": {"angle": -22.5, "axis": "x", "origin": [7.3125, 4.91772, 5.20056]},
			"faces": {
				"north": {"uv": [8, 14.18182, 8.27273, 14.45455], "texture": "#4"},
				"east": {"uv": [8.72727, 14.18182, 9, 14.45455], "texture": "#4"},
				"south": {"uv": [9.45455, 14.18182, 9.72727, 14.45455], "texture": "#4"},
				"west": {"uv": [11.27273, 14.18182, 11.54545, 14.45455], "texture": "#4"},
				"up": {"uv": [12.27273, 14.45455, 12, 14.18182], "texture": "#4"}
			}
		},
		{
			"from": [7.65, 5.36875, 4.39862],
			"to": [8.4, 5.39875, 5.14862],
			"rotation": {"angle": 0, "axis": "y", "origin": [8.1, 5.10906, 5.6625]},
			"faces": {
				"up": {"uv": [14.45455, 13.36364, 14.18182, 13.09091], "texture": "#4"},
				"down": {"uv": [14.45455, 13.81818, 14.18182, 14.09091], "texture": "#4"}
			}
		},
		{
			"from": [7.65, 5.62294, 5.40281],
			"to": [8.4, 6.37294, 5.43281],
			"rotation": {"angle": 45, "axis": "x", "origin": [8.1, 5.10906, 5.6625]},
			"faces": {
				"north": {"uv": [3.27273, 14.54545, 3.54545, 14.81818], "texture": "#4"},
				"south": {"uv": [14.54545, 6.54545, 14.81818, 6.81818], "texture": "#4"}
			}
		},
		{
			"from": [7.75, 5.5, 8],
			"to": [8.25, 8.5, 11],
			"rotation": {"angle": -45, "axis": "x", "origin": [7.75, 5.5, 8]},
			"faces": {
				"north": {"uv": [12, 3.63636, 12.18182, 4.72727], "texture": "#4"},
				"east": {"uv": [5.81818, 0, 6.90909, 1.09091], "texture": "#4"},
				"south": {"uv": [4.72727, 12, 4.90909, 13.09091], "texture": "#4"},
				"west": {"uv": [5.81818, 1.45455, 6.90909, 2.54545], "texture": "#4"},
				"up": {"uv": [5.63636, 13.09091, 5.45455, 12], "texture": "#4"},
				"down": {"uv": [3.45455, 12.36364, 3.27273, 13.45455], "texture": "#4"}
			}
		},
		{
			"from": [7.75, 23.66389, 8.5],
			"to": [8.25, 25.73389, 11.445],
			"rotation": {"angle": -45, "axis": "x", "origin": [7.75, 23.28889, 8]},
			"faces": {
				"north": {"uv": [11.63636, 13.09091, 11.81818, 13.81818], "texture": "#4"},
				"east": {"uv": [2.90909, 8.36364, 4, 9.09091], "texture": "#4"},
				"south": {"uv": [12.36364, 13.09091, 12.54545, 13.81818], "texture": "#4"},
				"west": {"uv": [4.36364, 8.36364, 5.45455, 9.09091], "texture": "#4"},
				"up": {"uv": [4.18182, 13.45455, 4, 12.36364], "texture": "#4"},
				"down": {"uv": [12.54545, 5.09091, 12.36364, 6.18182], "texture": "#4"}
			}
		},
		{
			"from": [7.7535, 7.62132, 6.625],
			"to": [8.2465, 25.62132, 9.375],
			"rotation": {"angle": 0, "axis": "y", "origin": [8.0035, 14.62132, 8.125]},
			"faces": {
				"north": {"uv": [5.81818, 2.90909, 6, 9.45455], "texture": "#4"},
				"east": {"uv": [2.90909, 0, 3.90909, 6.54545], "texture": "#4"},
				"south": {"uv": [6.54545, 2.90909, 6.72727, 9.45455], "texture": "#4"},
				"west": {"uv": [4.36364, 0, 5.36364, 6.54545], "texture": "#4"}
			}
		},
		{
			"from": [7.985, 6.625, 4.625],
			"to": [8.015, 32, 11.375],
			"rotation": {"angle": 0, "axis": "y", "origin": [6.985, 9.125, 4.375]},
			"faces": {
				"east": {"uv": [2.45455, 0, 0, 9.27273], "texture": "#4"},
				"west": {"uv": [0, 0, 2.45455, 9.27273], "texture": "#4"}
			}
		},
		{
			"from": [6.36612, 3.02487, 9.70165],
			"to": [6.39612, 8.02487, 10.95165],
			"rotation": {"angle": -22.5, "axis": "y", "origin": [6.36612, 4.02487, 9.70165]},
			"faces": {
				"east": {"uv": [7.72727, 0, 7.27273, 1.81818], "texture": "#4"},
				"west": {"uv": [7.27273, 0, 7.72727, 1.81818], "texture": "#4"}
			}
		},
		{
			"from": [7.25, 3.02487, 8.81777],
			"to": [7.28, 8.02487, 10.06777],
			"rotation": {"angle": -45, "axis": "y", "origin": [7.25, 4.02487, 8.81777]},
			"faces": {
				"east": {"uv": [7.72727, 2.18182, 7.27273, 4], "texture": "#4"},
				"west": {"uv": [7.27273, 2.18182, 7.72727, 4], "texture": "#4"}
			}
		},
		{
			"from": [6.79896, 3.02487, 10.5801],
			"to": [6.82896, 8.02487, 11.8301],
			"rotation": {"angle": 22.5, "axis": "y", "origin": [7.03813, 5.52487, 13.00874]},
			"faces": {
				"east": {"uv": [7.72727, 4.36364, 7.27273, 6.18182], "texture": "#4"},
				"west": {"uv": [7.27273, 4.36364, 7.72727, 6.18182], "texture": "#4"}
			}
		},
		{
			"from": [7.26821, 3.02487, 11.82829],
			"to": [7.29821, 8.02487, 13.07829],
			"rotation": {"angle": 45, "axis": "y", "origin": [7.03813, 5.52487, 13.00874]},
			"faces": {
				"east": {"uv": [7.72727, 6.54545, 7.27273, 8.36364], "texture": "#4"},
				"west": {"uv": [7.27273, 6.54545, 7.72727, 8.36364], "texture": "#4"}
			}
		},
		{
			"from": [7.27081, 3.02487, 12.97522],
			"to": [7.30081, 8.02487, 14.22522],
			"rotation": {"angle": 22.5, "axis": "y", "origin": [7.03163, 5.52487, 12.99901]},
			"faces": {
				"east": {"uv": [8.81818, 0, 8.36364, 1.81818], "texture": "#4"},
				"west": {"uv": [8.36364, 0, 8.81818, 1.81818], "texture": "#4"}
			}
		},
		{
			"from": [7.71957, 3.02487, 14.02887],
			"to": [7.74957, 8.02487, 15.27887],
			"rotation": {"angle": 0, "axis": "y", "origin": [7.02935, 5.52487, 12.98753]},
			"faces": {
				"east": {"uv": [8.81818, 2.18182, 8.36364, 4], "texture": "#4"},
				"west": {"uv": [8.36364, 2.18182, 8.81818, 4], "texture": "#4"}
			}
		},
		{
			"from": [9.60388, 3.02487, 9.70165],
			"to": [9.63388, 8.02487, 10.95165],
			"rotation": {"angle": 22.5, "axis": "y", "origin": [9.63388, 4.02487, 9.70165]},
			"faces": {
				"east": {"uv": [7.72727, 0, 7.27273, 1.81818], "texture": "#4"},
				"west": {"uv": [7.27273, 0, 7.72727, 1.81818], "texture": "#4"}
			}
		},
		{
			"from": [8.72, 3.02487, 8.81777],
			"to": [8.75, 8.02487, 10.06777],
			"rotation": {"angle": 45, "axis": "y", "origin": [8.75, 4.02487, 8.81777]},
			"faces": {
				"east": {"uv": [7.72727, 2.18182, 7.27273, 4], "texture": "#4"},
				"west": {"uv": [7.27273, 2.18182, 7.72727, 4], "texture": "#4"}
			}
		},
		{
			"from": [9.17104, 3.02487, 10.5801],
			"to": [9.20104, 8.02487, 11.8301],
			"rotation": {"angle": -22.5, "axis": "y", "origin": [8.96187, 5.52487, 13.00874]},
			"faces": {
				"east": {"uv": [7.72727, 4.36364, 7.27273, 6.18182], "texture": "#4"},
				"west": {"uv": [7.27273, 4.36364, 7.72727, 6.18182], "texture": "#4"}
			}
		},
		{
			"from": [8.70179, 3.02487, 11.82829],
			"to": [8.73179, 8.02487, 13.07829],
			"rotation": {"angle": -45, "axis": "y", "origin": [8.96187, 5.52487, 13.00874]},
			"faces": {
				"east": {"uv": [7.72727, 6.54545, 7.27273, 8.36364], "texture": "#4"},
				"west": {"uv": [7.27273, 6.54545, 7.72727, 8.36364], "texture": "#4"}
			}
		},
		{
			"from": [8.69919, 3.02487, 12.97522],
			"to": [8.72919, 8.02487, 14.22522],
			"rotation": {"angle": -22.5, "axis": "y", "origin": [8.96837, 5.52487, 12.99901]},
			"faces": {
				"east": {"uv": [8.81818, 0, 8.36364, 1.81818], "texture": "#4"},
				"west": {"uv": [8.36364, 0, 8.81818, 1.81818], "texture": "#4"}
			}
		},
		{
			"from": [8.25043, 3.02487, 14.02887],
			"to": [8.28043, 8.02487, 15.27887],
			"rotation": {"angle": 0, "axis": "y", "origin": [8.97065, 5.52487, 12.98753]},
			"faces": {
				"east": {"uv": [8.81818, 2.18182, 8.36364, 4], "texture": "#4"},
				"west": {"uv": [8.36364, 2.18182, 8.81818, 4], "texture": "#4"}
			}
		},
		{
			"from": [7.25, 2, 5.5],
			"to": [8.75, 3, 7],
			"rotation": {"angle": 22.5, "axis": "x", "origin": [8, 3, 6.25]},
			"faces": {
				"north": {"uv": [12.36364, 6.54545, 12.90909, 6.90909], "texture": "#4"},
				"east": {"uv": [12.36364, 7.27273, 12.90909, 7.63636], "texture": "#4"},
				"south": {"uv": [12.36364, 9.45455, 12.90909, 9.81818], "texture": "#4"},
				"west": {"uv": [10.18182, 12.36364, 10.72727, 12.72727], "texture": "#4"},
				"up": {"uv": [5.63636, 11.45455, 5.09091, 10.90909], "texture": "#4"},
				"down": {"uv": [11.45455, 5.09091, 10.90909, 5.63636], "texture": "#4"}
			}
		},
		{
			"from": [7.375, 3, 5.625],
			"to": [8.625, 4, 6.875],
			"rotation": {"angle": 22.5, "axis": "x", "origin": [8, 3, 6.25]},
			"faces": {
				"north": {"uv": [12.72727, 2.90909, 13.18182, 3.27273], "texture": "#4"},
				"east": {"uv": [12.72727, 3.63636, 13.18182, 4], "texture": "#4"},
				"south": {"uv": [12.72727, 4.36364, 13.18182, 4.72727], "texture": "#4"},
				"west": {"uv": [6.18182, 12.72727, 6.63636, 13.09091], "texture": "#4"},
				"up": {"uv": [12.09091, 8.81818, 11.63636, 8.36364], "texture": "#4"}
			}
		},
		{
			"from": [7.375, 5.35522, 9.92444],
			"to": [7.875, 5.85522, 10.67444],
			"rotation": {"angle": 22.5, "axis": "x", "origin": [8.6875, 4.91772, 10.79944]},
			"faces": {
				"north": {"uv": [0.72727, 14.90909, 0.90909, 15.09091], "texture": "#4"},
				"south": {"uv": [14.90909, 0, 15.09091, 0.18182], "texture": "#4"},
				"west": {"uv": [14.54545, 7.27273, 14.81818, 7.45455], "texture": "#4"},
				"up": {"uv": [14.54545, 9.45455, 14.72727, 9.72727], "texture": "#4"}
			}
		},
		{
			"from": [7.875, 5.35522, 9.92444],
			"to": [8.625, 6.10522, 10.67444],
			"rotation": {"angle": 22.5, "axis": "x", "origin": [8.6875, 4.91772, 10.79944]},
			"faces": {
				"north": {"uv": [9.45455, 14.18182, 9.72727, 14.45455], "texture": "#4"},
				"east": {"uv": [11.27273, 14.18182, 11.54545, 14.45455], "texture": "#4"},
				"south": {"uv": [8, 14.18182, 8.27273, 14.45455], "texture": "#4"},
				"west": {"uv": [8.72727, 14.18182, 9, 14.45455], "texture": "#4"},
				"up": {"uv": [12, 14.18182, 12.27273, 14.45455], "texture": "#4"}
			}
		},
		{
			"from": [7.6, 5.62294, 10.56719],
			"to": [8.35, 6.37294, 10.59719],
			"rotation": {"angle": -45, "axis": "x", "origin": [7.9, 5.10906, 10.3375]},
			"faces": {
				"north": {"uv": [14.54545, 6.54545, 14.81818, 6.81818], "texture": "#4"},
				"south": {"uv": [3.27273, 14.54545, 3.54545, 14.81818], "texture": "#4"}
			}
		},
		{
			"from": [7.6, 5.36875, 10.85138],
			"to": [8.35, 5.39875, 11.60138],
			"rotation": {"angle": 0, "axis": "y", "origin": [7.9, 5.10906, 10.3375]},
			"faces": {
				"up": {"uv": [14.18182, 13.09091, 14.45455, 13.36364], "texture": "#4"},
				"down": {"uv": [14.18182, 14.09091, 14.45455, 13.81818], "texture": "#4"}
			}
		},
		{
			"from": [6.625, 4.79656, 9.4625],
			"to": [9.375, 5.54656, 11.2125],
			"rotation": {"angle": 22.5, "axis": "x", "origin": [7.4375, 5.10906, 10.3375]},
			"faces": {
				"north": {"uv": [10.90909, 6.18182, 11.90909, 6.45455], "texture": "#4"},
				"east": {"uv": [12.36364, 10.90909, 13, 11.18182], "texture": "#4"},
				"south": {"uv": [6.18182, 10.90909, 7.18182, 11.18182], "texture": "#4"},
				"west": {"uv": [12.36364, 10.18182, 13, 10.45455], "texture": "#4"},
				"up": {"uv": [8.36364, 7.27273, 9.36364, 7.90909], "texture": "#4"},
				"down": {"uv": [8.36364, 9, 9.36364, 8.36364], "texture": "#4"}
			}
		},
		{
			"from": [6.75, 3.79656, 9.5875],
			"to": [9.25, 4.79656, 11.0875],
			"rotation": {"angle": 22.5, "axis": "x", "origin": [7.4375, 5.10906, 10.3375]},
			"faces": {
				"north": {"uv": [10.18182, 1.09091, 11.09091, 1.45455], "texture": "#4"},
				"east": {"uv": [2.18182, 12, 2.72727, 12.36364], "texture": "#4"},
				"south": {"uv": [9.81818, 8.36364, 10.72727, 8.72727], "texture": "#4"},
				"west": {"uv": [1.09091, 12, 1.63636, 12.36364], "texture": "#4"},
				"down": {"uv": [9.45455, 0.54545, 10.36364, 0], "texture": "#4"}
			}
		},
		{
			"from": [7.375, 3, 9.125],
			"to": [8.625, 4, 10.375],
			"rotation": {"angle": -22.5, "axis": "x", "origin": [8, 3, 9.75]},
			"faces": {
				"north": {"uv": [13.18182, 4.36364, 12.72727, 4.72727], "texture": "#4"},
				"east": {"uv": [13.18182, 3.63636, 12.72727, 4], "texture": "#4"},
				"south": {"uv": [13.18182, 2.90909, 12.72727, 3.27273], "texture": "#4"},
				"west": {"uv": [6.63636, 12.72727, 6.18182, 13.09091], "texture": "#4"},
				"up": {"uv": [12.09091, 8.36364, 11.63636, 8.81818], "texture": "#4"}
			}
		},
		{
			"from": [7.25, 2, 9],
			"to": [8.75, 3, 10.5],
			"rotation": {"angle": -22.5, "axis": "x", "origin": [8, 3, 9.75]},
			"faces": {
				"north": {"uv": [12.90909, 9.45455, 12.36364, 9.81818], "texture": "#4"},
				"east": {"uv": [12.90909, 7.27273, 12.36364, 7.63636], "texture": "#4"},
				"south": {"uv": [12.90909, 6.54545, 12.36364, 6.90909], "texture": "#4"},
				"west": {"uv": [10.72727, 12.36364, 10.18182, 12.72727], "texture": "#4"},
				"up": {"uv": [5.63636, 10.90909, 5.09091, 11.45455], "texture": "#4"},
				"down": {"uv": [11.45455, 5.63636, 10.90909, 5.09091], "texture": "#4"}
			}
		},
		{
			"from": [8, 10.325, 5.86726],
			"to": [8.03, 26.075, 8.11726],
			"rotation": {"angle": -22.5, "axis": "y", "origin": [8, 10.075, 5.86726]},
			"faces": {
				"east": {"uv": [2.25, 0, 0, 15.75], "texture": "#1"},
				"west": {"uv": [0, 0, 2.25, 15.75], "texture": "#1"}
			}
		},
		{
			"from": [8, 10.325, 7.77472],
			"to": [8.03, 26.075, 10.02472],
			"rotation": {"angle": 22.5, "axis": "y", "origin": [8, 10.075, 10.02472]},
			"faces": {
				"east": {"uv": [4.5, 0, 2.25, 15.75], "texture": "#1"},
				"west": {"uv": [2.25, 0, 4.5, 15.75], "texture": "#1"}
			}
		},
		{
			"from": [7.97228, 10.325, 5.87874],
			"to": [8.00228, 26.075, 8.12874],
			"rotation": {"angle": 22.5, "axis": "y", "origin": [7.97228, 10.075, 5.87874]},
			"faces": {
				"east": {"uv": [6.75, 0, 9, 15.75], "texture": "#1"},
				"west": {"uv": [9, 0, 6.75, 15.75], "texture": "#1"}
			}
		},
		{
			"from": [7.97228, 10.325, 7.76324],
			"to": [8.00228, 26.075, 10.01324],
			"rotation": {"angle": -22.5, "axis": "y", "origin": [7.97228, 10.075, 10.01324]},
			"faces": {
				"east": {"uv": [4.5, 0, 6.75, 15.75], "texture": "#1"},
				"west": {"uv": [6.75, 0, 4.5, 15.75], "texture": "#1"}
			}
		}
	],
	"gui_light": "front",
	"display": {
		"thirdperson_righthand": {
			"translation": [0, 6.75, 0.75]
		},
		"thirdperson_lefthand": {
			"translation": [0, 6.75, 0.75]
		},
		"firstperson_righthand": {
			"rotation": [10, 0, 0],
			"translation": [2, 4, 0],
			"scale": [0.7, 0.7, 0.7]
		},
		"firstperson_lefthand": {
			"rotation": [10, 0, 0],
			"translation": [2, 4, 0],
			"scale": [0.7, 0.7, 0.7]
		},
		"ground": {
			"rotation": [45, 0, 0],
			"translation": [0, 3, 0],
			"scale": [0.7, 0.7, 0.7]
		},
		"gui": {
			"rotation": [-90, 45, 90],
			"translation": [3, -3, 0],
			"scale": [0.7, 0.7, 0.7]
		},
		"head": {
			"rotation": [0, -90, 0]
		},
		"fixed": {
			"rotation": [0, -90, 0],
			"translation": [0, 0, -1.75],
			"scale": [2, 2, 2]
		}
	},
	"groups": [
		{
			"name": "greatsword",
			"origin": [8, 6, 9.75],
			"color": 0,
			"children": [
				0,
				1,
				2,
				3,
				4,
				5,
				6,
				7,
				8,
				9,
				10,
				11,
				12,
				13,
				14,
				15,
				16,
				17,
				18,
				19,
				20,
				21,
				22,
				23,
				24,
				25,
				26,
				27,
				28,
				29,
				30,
				31,
				32,
				33,
				34,
				35,
				36,
				37,
				38,
				39,
				40,
				41,
				42,
				43,
				44,
				45,
				46,
				47,
				48,
				49,
				50,
				51,
				52,
				53,
				54,
				55,
				56,
				57,
				58,
				59,
				60,
				61,
				62,
				63,
				64,
				65,
				66
			]
		}
	]
}