{
	"credit": "Pologony Creation Co.,Ltd.",
	"textures": {
		"1": "item/merrychristmas2024set/hammer",
		"3": "item/merrychristmas2024set/animated/hammer_1",
		"particle": "item/merrychristmas2024set/hammer"
	},
	"elements": [
		{
			"from": [7.5, -6.5, 7.25],
			"to": [8.5, -5, 8.75],
			"rotation": {"angle": -45, "axis": "x", "origin": [8, -5.75, 8]},
			"faces": {
				"north": {"uv": [8.57143, 10.85714, 8.85714, 11.28571], "texture": "#1"},
				"east": {"uv": [7.71429, 10.85714, 8.14286, 11.28571], "texture": "#1"},
				"south": {"uv": [5.14286, 12.28571, 5.42857, 12.71429], "texture": "#1"},
				"west": {"uv": [10.85714, 8.57143, 11.28571, 9], "texture": "#1"},
				"up": {"uv": [12.57143, 10.71429, 12.28571, 10.28571], "texture": "#1"},
				"down": {"uv": [1.14286, 12.57143, 0.85714, 13], "texture": "#1"}
			}
		},
		{
			"from": [7.25, -6.25, 7.5],
			"to": [8.75, -5.25, 8.5],
			"rotation": {"angle": -45, "axis": "x", "origin": [8, -5.75, 8]},
			"faces": {
				"north": {"uv": [6.85714, 3.14286, 7.28571, 3.42857], "texture": "#1"},
				"east": {"uv": [3.42857, 4, 3.71429, 4.28571], "texture": "#1"},
				"south": {"uv": [12.57143, 0.85714, 13, 1.14286], "texture": "#1"},
				"west": {"uv": [8, 5.42857, 8.28571, 5.71429], "texture": "#1"},
				"up": {"uv": [13, 4.57143, 12.57143, 4.28571], "texture": "#1"},
				"down": {"uv": [7.85714, 12.57143, 7.42857, 12.85714], "texture": "#1"}
			}
		},
		{
			"from": [7.25, 7.25, 7.25],
			"to": [8.75, 7.75, 8.75],
			"rotation": {"angle": -45, "axis": "y", "origin": [8, 7.5, 8]},
			"faces": {
				"north": {"uv": [8.57143, 13.71429, 9, 13.85714], "texture": "#1"},
				"east": {"uv": [13.71429, 12.28571, 14.14286, 12.42857], "texture": "#1"},
				"south": {"uv": [12.85714, 13.71429, 13.28571, 13.85714], "texture": "#1"},
				"west": {"uv": [13.71429, 12.85714, 14.14286, 13], "texture": "#1"},
				"up": {"uv": [11.28571, 9.85714, 10.85714, 9.42857], "texture": "#1"},
				"down": {"uv": [3, 11.14286, 2.57143, 11.57143], "texture": "#1"}
			}
		},
		{
			"from": [7.25, 8.75, 7.25],
			"to": [8.75, 9.25, 8.75],
			"rotation": {"angle": -45, "axis": "y", "origin": [8, 9, 8]},
			"faces": {
				"north": {"uv": [13.71429, 13.42857, 14.14286, 13.57143], "texture": "#1"},
				"east": {"uv": [14, 0, 14.42857, 0.14286], "texture": "#1"},
				"south": {"uv": [14, 1.14286, 14.42857, 1.28571], "texture": "#1"},
				"west": {"uv": [14, 1.71429, 14.42857, 1.85714], "texture": "#1"},
				"up": {"uv": [11.57143, 3, 11.14286, 2.57143], "texture": "#1"},
				"down": {"uv": [3.85714, 11.14286, 3.42857, 11.57143], "texture": "#1"}
			}
		},
		{
			"from": [7.42678, 7.75, 7.5],
			"to": [8.67678, 8.75, 8.75],
			"rotation": {"angle": -45, "axis": "y", "origin": [8.17678, 8, 8]},
			"faces": {
				"north": {"uv": [13.14286, 0, 13.5, 0.28571], "texture": "#1"},
				"east": {"uv": [13.14286, 1.42857, 13.5, 1.71429], "texture": "#1"},
				"south": {"uv": [13.14286, 2, 13.5, 2.28571], "texture": "#1"},
				"west": {"uv": [13.14286, 3.14286, 13.5, 3.42857], "texture": "#1"}
			}
		},
		{
			"from": [7.25, -3.75, 7.25],
			"to": [8.75, -3.25, 8.75],
			"rotation": {"angle": -45, "axis": "y", "origin": [8, -3.5, 8]},
			"faces": {
				"north": {"uv": [3.14286, 14, 3.57143, 14.14286], "texture": "#1"},
				"east": {"uv": [14, 3.14286, 14.42857, 3.28571], "texture": "#1"},
				"south": {"uv": [14, 3.71429, 14.42857, 3.85714], "texture": "#1"},
				"west": {"uv": [14, 5.42857, 14.42857, 5.57143], "texture": "#1"},
				"up": {"uv": [11.57143, 7.28571, 11.14286, 6.85714], "texture": "#1"},
				"down": {"uv": [10.71429, 11.14286, 10.28571, 11.57143], "texture": "#1"}
			}
		},
		{
			"from": [7.42678, -4.75, 7.5],
			"to": [8.67678, -3.75, 8.75],
			"rotation": {"angle": -45, "axis": "y", "origin": [8.17678, -4.5, 8]},
			"faces": {
				"north": {"uv": [13.14286, 3.71429, 13.5, 4], "texture": "#1"},
				"east": {"uv": [4, 13.14286, 4.35714, 13.42857], "texture": "#1"},
				"south": {"uv": [4.85714, 13.14286, 5.21429, 13.42857], "texture": "#1"},
				"west": {"uv": [13.14286, 5.71429, 13.5, 6], "texture": "#1"}
			}
		},
		{
			"from": [7.25, -5.25, 7.25],
			"to": [8.75, -4.75, 8.75],
			"rotation": {"angle": -45, "axis": "y", "origin": [8, -5, 8]},
			"faces": {
				"north": {"uv": [14, 6, 14.42857, 6.14286], "texture": "#1"},
				"east": {"uv": [14, 6.57143, 14.42857, 6.71429], "texture": "#1"},
				"south": {"uv": [14, 7.14286, 14.42857, 7.28571], "texture": "#1"},
				"west": {"uv": [14, 7.71429, 14.42857, 7.85714], "texture": "#1"},
				"up": {"uv": [11.57143, 11.57143, 11.14286, 11.14286], "texture": "#1"},
				"down": {"uv": [0.42857, 11.42857, 0, 11.85714], "texture": "#1"}
			}
		},
		{
			"from": [7.25, 20.06066, 7],
			"to": [8.75, 20.56066, 9],
			"rotation": {"angle": 45, "axis": "x", "origin": [8, 21.56066, 8]},
			"faces": {
				"east": {"uv": [13.42857, 4.85714, 14, 5], "texture": "#1"},
				"west": {"uv": [12, 13.42857, 12.57143, 13.57143], "texture": "#1"},
				"up": {"uv": [10.14286, 0.57143, 9.71429, 0], "texture": "#1"},
				"down": {"uv": [0.42857, 10, 0, 10.57143], "texture": "#1"}
			}
		},
		{
			"from": [7.25, 22.37132, 6.04289],
			"to": [8.75, 22.87132, 8.04289],
			"rotation": {"angle": -45, "axis": "x", "origin": [8, 22.62132, 7.29289]},
			"faces": {
				"east": {"uv": [0, 13.71429, 0.57143, 13.85714], "texture": "#1"},
				"south": {"uv": [14, 8.28571, 14.42857, 8.42857], "texture": "#1"},
				"west": {"uv": [1.42857, 13.71429, 2, 13.85714], "texture": "#1"},
				"up": {"uv": [1.28571, 10.57143, 0.85714, 10], "texture": "#1"},
				"down": {"uv": [10.42857, 0.85714, 10, 1.42857], "texture": "#1"}
			}
		},
		{
			"from": [7.25, 20.06066, 6.5],
			"to": [8.75, 20.56066, 7],
			"rotation": {"angle": 45, "axis": "x", "origin": [8, 21.56066, 8]},
			"faces": {
				"north": {"uv": [14, 8.85714, 14.42857, 9], "texture": "#1"},
				"east": {"uv": [15.42857, 1.71429, 15.57143, 1.85714], "texture": "#1"},
				"west": {"uv": [15.42857, 2.28571, 15.57143, 2.42857], "texture": "#1"},
				"down": {"uv": [14.42857, 9.42857, 14, 9.57143], "texture": "#1"}
			}
		},
		{
			"from": [7.25, 22.56066, 6.5],
			"to": [8.75, 23.06066, 7],
			"rotation": {"angle": 45, "axis": "x", "origin": [8, 21.56066, 8]},
			"faces": {
				"north": {"uv": [14, 10, 14.42857, 10.14286], "texture": "#1"},
				"east": {"uv": [3.71429, 15.42857, 3.85714, 15.57143], "texture": "#1"},
				"west": {"uv": [4.28571, 15.42857, 4.42857, 15.57143], "texture": "#1"},
				"up": {"uv": [14.42857, 10.71429, 14, 10.57143], "texture": "#1"},
				"down": {"uv": [14.42857, 11.14286, 14, 11.28571], "texture": "#1"}
			}
		},
		{
			"from": [7.25, 19.02513, 6.5],
			"to": [8.75, 19.52513, 7],
			"rotation": {"angle": 45, "axis": "x", "origin": [8, 18.02513, 8]},
			"faces": {
				"east": {"uv": [4.85714, 15.42857, 5, 15.57143], "texture": "#1"},
				"south": {"uv": [14, 11.71429, 14.42857, 11.85714], "texture": "#1"},
				"west": {"uv": [8, 15.42857, 8.14286, 15.57143], "texture": "#1"},
				"down": {"uv": [12.42857, 14, 12, 14.14286], "texture": "#1"}
			}
		},
		{
			"from": [7.25, 22.56066, 7],
			"to": [8.75, 23.06066, 9],
			"rotation": {"angle": 45, "axis": "x", "origin": [8, 21.56066, 8]},
			"faces": {
				"east": {"uv": [2.28571, 13.71429, 2.85714, 13.85714], "texture": "#1"},
				"south": {"uv": [13.71429, 14, 14.14286, 14.14286], "texture": "#1"},
				"west": {"uv": [13.71429, 2.57143, 14.28571, 2.71429], "texture": "#1"},
				"up": {"uv": [2.14286, 10.57143, 1.71429, 10], "texture": "#1"},
				"down": {"uv": [10.42857, 5.14286, 10, 5.71429], "texture": "#1"}
			}
		},
		{
			"from": [7.25, 20.06066, 7],
			"to": [8.75, 20.56066, 9],
			"rotation": {"angle": -45, "axis": "x", "origin": [8, 21.56066, 8]},
			"faces": {
				"east": {"uv": [4, 13.71429, 4.57143, 13.85714], "texture": "#1"},
				"west": {"uv": [4.85714, 13.71429, 5.42857, 13.85714], "texture": "#1"},
				"up": {"uv": [10.42857, 9.42857, 10, 8.85714], "texture": "#1"},
				"down": {"uv": [10.42857, 9.71429, 10, 10.28571], "texture": "#1"}
			}
		},
		{
			"from": [7.25, 20.06066, 9],
			"to": [8.75, 20.56066, 9.5],
			"rotation": {"angle": -45, "axis": "x", "origin": [8, 21.56066, 8]},
			"faces": {
				"east": {"uv": [8.57143, 15.42857, 8.71429, 15.57143], "texture": "#1"},
				"south": {"uv": [0, 14.28571, 0.42857, 14.42857], "texture": "#1"},
				"west": {"uv": [15.42857, 11.14286, 15.57143, 11.28571], "texture": "#1"},
				"down": {"uv": [14.71429, 0.57143, 14.28571, 0.71429], "texture": "#1"}
			}
		},
		{
			"from": [7.5, 20.31066, 6.75],
			"to": [8.5, 22.81066, 9.25],
			"rotation": {"angle": 45, "axis": "x", "origin": [8, 21.56066, 8]},
			"faces": {
				"east": {"uv": [0, 7.14286, 0.71429, 7.85714], "texture": "#1"},
				"west": {"uv": [3.42857, 7.14286, 4.14286, 7.85714], "texture": "#1"}
			}
		},
		{
			"from": [7.25, 19.5, 7.25],
			"to": [8.75, 20, 8.75],
			"rotation": {"angle": -45, "axis": "y", "origin": [8, 19.75, 8]},
			"faces": {
				"north": {"uv": [1.42857, 14.28571, 1.85714, 14.42857], "texture": "#1"},
				"east": {"uv": [2.28571, 14.28571, 2.71429, 14.42857], "texture": "#1"},
				"south": {"uv": [4, 14.28571, 4.42857, 14.42857], "texture": "#1"},
				"west": {"uv": [14.28571, 4.28571, 14.71429, 4.42857], "texture": "#1"},
				"up": {"uv": [11.85714, 0.42857, 11.42857, 0], "texture": "#1"},
				"down": {"uv": [11.85714, 1.71429, 11.42857, 2.14286], "texture": "#1"}
			}
		},
		{
			"from": [7.42678, 13.25, 7.5],
			"to": [8.67678, 14.25, 8.75],
			"rotation": {"angle": -45, "axis": "y", "origin": [8.17678, 14, 8]},
			"faces": {
				"north": {"uv": [6.28571, 13.14286, 6.64286, 13.42857], "texture": "#1"},
				"east": {"uv": [13.14286, 6.28571, 13.5, 6.57143], "texture": "#1"},
				"south": {"uv": [13.14286, 6.85714, 13.5, 7.14286], "texture": "#1"},
				"west": {"uv": [7.14286, 13.14286, 7.5, 13.42857], "texture": "#1"}
			}
		},
		{
			"from": [7.25, 12.75, 7.25],
			"to": [8.75, 13.25, 8.75],
			"rotation": {"angle": -45, "axis": "y", "origin": [8, 13, 8]},
			"faces": {
				"north": {"uv": [4.85714, 14.28571, 5.28571, 14.42857], "texture": "#1"},
				"east": {"uv": [14.28571, 4.85714, 14.71429, 5], "texture": "#1"},
				"south": {"uv": [8.57143, 14.28571, 9, 14.42857], "texture": "#1"},
				"west": {"uv": [12.85714, 14.28571, 13.28571, 14.42857], "texture": "#1"},
				"up": {"uv": [11.85714, 3.85714, 11.42857, 3.42857], "texture": "#1"},
				"down": {"uv": [5.28571, 11.42857, 4.85714, 11.85714], "texture": "#1"}
			}
		},
		{
			"from": [7.25, 14.25, 7.25],
			"to": [8.75, 14.75, 8.75],
			"rotation": {"angle": -45, "axis": "y", "origin": [8, 14.5, 8]},
			"faces": {
				"north": {"uv": [14.57143, 2.28571, 15, 2.42857], "texture": "#1"},
				"east": {"uv": [3.14286, 14.57143, 3.57143, 14.71429], "texture": "#1"},
				"south": {"uv": [5.71429, 14.57143, 6.14286, 14.71429], "texture": "#1"},
				"west": {"uv": [6.57143, 14.57143, 7, 14.71429], "texture": "#1"},
				"up": {"uv": [11.85714, 6.42857, 11.42857, 6], "texture": "#1"},
				"down": {"uv": [7, 11.42857, 6.57143, 11.85714], "texture": "#1"}
			}
		},
		{
			"from": [7.67678, 9.25, 7.57322],
			"to": [8.67678, 12.75, 8.57322],
			"rotation": {"angle": -45, "axis": "y", "origin": [8.17678, 11.5, 7.82322]},
			"faces": {
				"north": {"uv": [5.14286, 9.42857, 5.42857, 10.42857], "texture": "#1"},
				"east": {"uv": [9.42857, 5.14286, 9.71429, 6.14286], "texture": "#1"},
				"south": {"uv": [5.71429, 9.42857, 6, 10.42857], "texture": "#1"},
				"west": {"uv": [6.28571, 9.42857, 6.57143, 10.42857], "texture": "#1"}
			}
		},
		{
			"from": [7.42678, 10.75, 7.5],
			"to": [8.67678, 11.25, 8.75],
			"rotation": {"angle": -45, "axis": "y", "origin": [8.17678, 11, 8]},
			"faces": {
				"north": {"uv": [14.85714, 0, 15.21429, 0.14286], "texture": "#1"},
				"east": {"uv": [14.85714, 2.85714, 15.21429, 3], "texture": "#1"},
				"south": {"uv": [14.85714, 3.42857, 15.21429, 3.57143], "texture": "#1"},
				"west": {"uv": [4, 14.85714, 4.35714, 15], "texture": "#1"},
				"up": {"uv": [6.07143, 12.35714, 5.71429, 12], "texture": "#1"},
				"down": {"uv": [0.35714, 12.28571, 0, 12.64286], "texture": "#1"}
			}
		},
		{
			"from": [7.42678, 2.25, 7.5],
			"to": [8.67678, 3.25, 8.75],
			"rotation": {"angle": -45, "axis": "y", "origin": [8.17678, 2.5, 8]},
			"faces": {
				"north": {"uv": [8, 13.14286, 8.35714, 13.42857], "texture": "#1"},
				"east": {"uv": [8.85714, 13.14286, 9.21429, 13.42857], "texture": "#1"},
				"south": {"uv": [13.14286, 11.14286, 13.5, 11.42857], "texture": "#1"},
				"west": {"uv": [13.14286, 11.71429, 13.5, 12], "texture": "#1"}
			}
		},
		{
			"from": [7.67678, 3.75, 7.57322],
			"to": [8.67678, 7.25, 8.57322],
			"rotation": {"angle": -45, "axis": "y", "origin": [8.17678, 6, 7.82322]},
			"faces": {
				"north": {"uv": [6.85714, 9.42857, 7.14286, 10.42857], "texture": "#1"},
				"east": {"uv": [7.42857, 9.42857, 7.71429, 10.42857], "texture": "#1"},
				"south": {"uv": [8, 9.42857, 8.28571, 10.42857], "texture": "#1"},
				"west": {"uv": [8.57143, 9.42857, 8.85714, 10.42857], "texture": "#1"}
			}
		},
		{
			"from": [7.42678, 5.25, 7.5],
			"to": [8.67678, 5.75, 8.75],
			"rotation": {"angle": -45, "axis": "y", "origin": [8.17678, 5.5, 8]},
			"faces": {
				"north": {"uv": [4.85714, 14.85714, 5.21429, 15], "texture": "#1"},
				"east": {"uv": [14.85714, 5.42857, 15.21429, 5.57143], "texture": "#1"},
				"south": {"uv": [14.85714, 6, 15.21429, 6.14286], "texture": "#1"},
				"west": {"uv": [14.85714, 6.57143, 15.21429, 6.71429], "texture": "#1"},
				"up": {"uv": [12.64286, 0.35714, 12.28571, 0], "texture": "#1"},
				"down": {"uv": [12.64286, 1.71429, 12.28571, 2.07143], "texture": "#1"}
			}
		},
		{
			"from": [7.25, 1.75, 7.25],
			"to": [8.75, 2.25, 8.75],
			"rotation": {"angle": -45, "axis": "y", "origin": [8, 2, 8]},
			"faces": {
				"north": {"uv": [7.42857, 14.57143, 7.85714, 14.71429], "texture": "#1"},
				"east": {"uv": [9.42857, 14.57143, 9.85714, 14.71429], "texture": "#1"},
				"south": {"uv": [10.28571, 14.57143, 10.71429, 14.71429], "texture": "#1"},
				"west": {"uv": [11.14286, 14.57143, 11.57143, 14.71429], "texture": "#1"},
				"up": {"uv": [11.85714, 10.71429, 11.42857, 10.28571], "texture": "#1"},
				"down": {"uv": [1.28571, 11.71429, 0.85714, 12.14286], "texture": "#1"}
			}
		},
		{
			"from": [7.25, 3.25, 7.25],
			"to": [8.75, 3.75, 8.75],
			"rotation": {"angle": -45, "axis": "y", "origin": [8, 3.5, 8]},
			"faces": {
				"north": {"uv": [12, 14.57143, 12.42857, 14.71429], "texture": "#1"},
				"east": {"uv": [14.57143, 12.28571, 15, 12.42857], "texture": "#1"},
				"south": {"uv": [14.57143, 12.85714, 15, 13], "texture": "#1"},
				"west": {"uv": [14.57143, 13.42857, 15, 13.57143], "texture": "#1"},
				"up": {"uv": [12.14286, 1.28571, 11.71429, 0.85714], "texture": "#1"},
				"down": {"uv": [7.85714, 11.71429, 7.42857, 12.14286], "texture": "#1"}
			}
		},
		{
			"from": [5, 20.18934, 7],
			"to": [7, 21.68934, 9],
			"rotation": {"angle": 22.5, "axis": "z", "origin": [6, 21.93934, 8.0625]},
			"faces": {
				"north": {"uv": [2.57143, 10.28571, 3.14286, 10.71429], "texture": "#1"},
				"east": {"uv": [3.42857, 10.28571, 4, 10.71429], "texture": "#1"},
				"south": {"uv": [10.57143, 0, 11.14286, 0.42857], "texture": "#1"},
				"west": {"uv": [10.57143, 1.71429, 11.14286, 2.14286], "texture": "#1"},
				"down": {"uv": [4.28571, 8.28571, 3.71429, 8.85714], "texture": "#1"}
			}
		},
		{
			"from": [4.875, 21.68934, 6.875],
			"to": [7.125, 22.43934, 9.125],
			"rotation": {"angle": 22.5, "axis": "z", "origin": [6, 21.93934, 8.0625]},
			"faces": {
				"north": {"uv": [12, 6.85714, 12.64286, 7.07143], "texture": "#1"},
				"east": {"uv": [10.28571, 12, 10.92857, 12.21429], "texture": "#1"},
				"south": {"uv": [12, 11.14286, 12.64286, 11.35714], "texture": "#1"},
				"west": {"uv": [11.42857, 12, 12.07143, 12.21429], "texture": "#1"},
				"up": {"uv": [8.07143, 0.64286, 7.42857, 0], "texture": "#1"},
				"down": {"uv": [8.35714, 3.14286, 7.71429, 3.78571], "texture": "#1"}
			}
		},
		{
			"from": [5.625, 22.43934, 8.125],
			"to": [6.375, 23.18934, 8.875],
			"rotation": {"angle": 22.5, "axis": "z", "origin": [6, 21.93934, 8.0625]},
			"faces": {
				"east": {"uv": [14.85714, 11.14286, 15.07143, 11.35714], "texture": "#1"},
				"south": {"uv": [14.85714, 11.71429, 15.07143, 11.92857], "texture": "#1"},
				"west": {"uv": [12.85714, 14.85714, 13.07143, 15.07143], "texture": "#1"},
				"up": {"uv": [15.07143, 14.78571, 14.85714, 14.57143], "texture": "#1"}
			}
		},
		{
			"from": [5.625, 22.43934, 7.125],
			"to": [6.375, 23.43934, 8.125],
			"rotation": {"angle": 22.5, "axis": "z", "origin": [6, 21.93934, 8.0625]},
			"faces": {
				"north": {"uv": [0.85714, 14.57143, 1.07143, 14.85714], "texture": "#1"},
				"east": {"uv": [10, 6, 10.28571, 6.28571], "texture": "#1"},
				"south": {"uv": [13.71429, 14.57143, 13.92857, 14.85714], "texture": "#1"},
				"west": {"uv": [5.71429, 13.71429, 6, 14], "texture": "#1"},
				"up": {"uv": [14.78571, 14.28571, 14.57143, 14], "texture": "#1"}
			}
		},
		{
			"from": [6.5378, 22.25677, 7.3625],
			"to": [7.7878, 22.28677, 8.6125],
			"rotation": {"angle": 45, "axis": "z", "origin": [6, 21.93934, 8.0625]},
			"faces": {
				"up": {"uv": [12.64286, 3.78571, 12.28571, 3.42857], "texture": "#1"},
				"down": {"uv": [4.64286, 12.28571, 4.28571, 12.64286], "texture": "#1"}
			}
		},
		{
			"from": [4.2122, 22.25677, 7.3625],
			"to": [5.4622, 22.28677, 8.6125],
			"rotation": {"angle": 0, "axis": "y", "origin": [6, 21.93934, 8.0625]},
			"faces": {
				"up": {"uv": [12.64286, 6.07143, 12.28571, 5.71429], "texture": "#1"},
				"down": {"uv": [6.92857, 12.28571, 6.57143, 12.64286], "texture": "#1"}
			}
		},
		{
			"from": [9, 20.18934, 7],
			"to": [11, 21.68934, 9],
			"rotation": {"angle": -22.5, "axis": "z", "origin": [10, 21.93934, 7.9375]},
			"faces": {
				"north": {"uv": [10.57143, 0, 11.14286, 0.42857], "texture": "#1"},
				"east": {"uv": [10.57143, 1.71429, 11.14286, 2.14286], "texture": "#1"},
				"south": {"uv": [2.57143, 10.28571, 3.14286, 10.71429], "texture": "#1"},
				"west": {"uv": [3.42857, 10.28571, 4, 10.71429], "texture": "#1"},
				"down": {"uv": [3.71429, 8.85714, 4.28571, 8.28571], "texture": "#1"}
			}
		},
		{
			"from": [8.875, 21.68934, 6.875],
			"to": [11.125, 22.43934, 9.125],
			"rotation": {"angle": -22.5, "axis": "z", "origin": [10, 21.93934, 7.9375]},
			"faces": {
				"north": {"uv": [12, 11.14286, 12.64286, 11.35714], "texture": "#1"},
				"east": {"uv": [11.42857, 12, 12.07143, 12.21429], "texture": "#1"},
				"south": {"uv": [12, 6.85714, 12.64286, 7.07143], "texture": "#1"},
				"west": {"uv": [10.28571, 12, 10.92857, 12.21429], "texture": "#1"},
				"up": {"uv": [7.42857, 0, 8.07143, 0.64286], "texture": "#1"},
				"down": {"uv": [7.71429, 3.78571, 8.35714, 3.14286], "texture": "#1"}
			}
		},
		{
			"from": [9.625, 22.43934, 7.125],
			"to": [10.375, 23.18934, 7.875],
			"rotation": {"angle": -22.5, "axis": "z", "origin": [10, 21.93934, 7.9375]},
			"faces": {
				"north": {"uv": [14.85714, 11.71429, 15.07143, 11.92857], "texture": "#1"},
				"east": {"uv": [12.85714, 14.85714, 13.07143, 15.07143], "texture": "#1"},
				"west": {"uv": [14.85714, 11.14286, 15.07143, 11.35714], "texture": "#1"},
				"up": {"uv": [14.85714, 14.57143, 15.07143, 14.78571], "texture": "#1"}
			}
		},
		{
			"from": [9.625, 22.43934, 7.875],
			"to": [10.375, 23.43934, 8.875],
			"rotation": {"angle": -22.5, "axis": "z", "origin": [10, 21.93934, 7.9375]},
			"faces": {
				"north": {"uv": [13.71429, 14.57143, 13.92857, 14.85714], "texture": "#1"},
				"east": {"uv": [5.71429, 13.71429, 6, 14], "texture": "#1"},
				"south": {"uv": [0.85714, 14.57143, 1.07143, 14.85714], "texture": "#1"},
				"west": {"uv": [10, 6, 10.28571, 6.28571], "texture": "#1"},
				"up": {"uv": [14.57143, 14, 14.78571, 14.28571], "texture": "#1"}
			}
		},
		{
			"from": [8.2122, 22.25677, 7.3875],
			"to": [9.4622, 22.28677, 8.6375],
			"rotation": {"angle": -45, "axis": "z", "origin": [10, 21.93934, 7.9375]},
			"faces": {
				"up": {"uv": [12.28571, 3.42857, 12.64286, 3.78571], "texture": "#1"},
				"down": {"uv": [4.28571, 12.64286, 4.64286, 12.28571], "texture": "#1"}
			}
		},
		{
			"from": [10.5378, 22.25677, 7.3875],
			"to": [11.7878, 22.28677, 8.6375],
			"rotation": {"angle": 0, "axis": "y", "origin": [10, 21.93934, 7.9375]},
			"faces": {
				"up": {"uv": [12.28571, 5.71429, 12.64286, 6.07143], "texture": "#1"},
				"down": {"uv": [6.57143, 12.64286, 6.92857, 12.28571], "texture": "#1"}
			}
		},
		{
			"from": [6.75, 22.3859, 5.5125],
			"to": [9.25, 23.3859, 7.0125],
			"rotation": {"angle": -22.5, "axis": "x", "origin": [8.5625, 23.6984, 6.2625]},
			"faces": {
				"north": {"uv": [4.85714, 10.85714, 5.57143, 11.14286], "texture": "#1"},
				"east": {"uv": [12.57143, 7.42857, 13, 7.71429], "texture": "#1"},
				"south": {"uv": [10.85714, 4.85714, 11.57143, 5.14286], "texture": "#1"},
				"west": {"uv": [12.57143, 8, 13, 8.28571], "texture": "#1"},
				"down": {"uv": [9.57143, 0.85714, 8.85714, 1.28571], "texture": "#1"}
			}
		},
		{
			"from": [6.625, 23.3859, 5.3875],
			"to": [9.375, 24.1359, 7.1375],
			"rotation": {"angle": -22.5, "axis": "x", "origin": [8.5625, 23.6984, 6.2625]},
			"faces": {
				"north": {"uv": [11.42857, 4.28571, 12.21429, 4.5], "texture": "#1"},
				"east": {"uv": [12.85714, 12.57143, 13.35714, 12.78571], "texture": "#1"},
				"south": {"uv": [9.14286, 11.71429, 9.92857, 11.92857], "texture": "#1"},
				"west": {"uv": [0, 13.14286, 0.5, 13.35714], "texture": "#1"},
				"up": {"uv": [3.35714, 8.78571, 2.57143, 8.28571], "texture": "#1"},
				"down": {"uv": [9.35714, 0, 8.57143, 0.5], "texture": "#1"}
			}
		},
		{
			"from": [8.125, 23.94456, 5.92556],
			"to": [8.625, 24.44456, 6.67556],
			"rotation": {"angle": -22.5, "axis": "x", "origin": [7.3125, 23.50706, 5.80056]},
			"faces": {
				"north": {"uv": [15.42857, 11.71429, 15.57143, 11.85714], "texture": "#1"},
				"east": {"uv": [14.85714, 15.14286, 15.07143, 15.28571], "texture": "#1"},
				"south": {"uv": [15.42857, 12.28571, 15.57143, 12.42857], "texture": "#1"},
				"up": {"uv": [15.57143, 1.35714, 15.42857, 1.14286], "texture": "#1"}
			}
		},
		{
			"from": [7.375, 23.94456, 5.92556],
			"to": [8.125, 24.69456, 6.67556],
			"rotation": {"angle": -22.5, "axis": "x", "origin": [7.3125, 23.50706, 5.80056]},
			"faces": {
				"north": {"uv": [0.57143, 15.14286, 0.78571, 15.35714], "texture": "#1"},
				"east": {"uv": [15.14286, 0.57143, 15.35714, 0.78571], "texture": "#1"},
				"south": {"uv": [3.14286, 15.14286, 3.35714, 15.35714], "texture": "#1"},
				"west": {"uv": [15.14286, 4, 15.35714, 4.21429], "texture": "#1"},
				"up": {"uv": [15.35714, 4.78571, 15.14286, 4.57143], "texture": "#1"}
			}
		},
		{
			"from": [7.65, 23.95809, 4.99862],
			"to": [8.4, 23.98809, 5.74862],
			"rotation": {"angle": 0, "axis": "y", "origin": [8.1, 23.6984, 6.2625]},
			"faces": {
				"up": {"uv": [5.92857, 15.35714, 5.71429, 15.14286], "texture": "#1"},
				"down": {"uv": [6.5, 15.14286, 6.28571, 15.35714], "texture": "#1"}
			}
		},
		{
			"from": [7.65, 24.21228, 6.00281],
			"to": [8.4, 24.96228, 6.03281],
			"rotation": {"angle": 45, "axis": "x", "origin": [8.1, 23.6984, 6.2625]},
			"faces": {
				"north": {"uv": [6.85714, 15.14286, 7.07143, 15.35714], "texture": "#1"},
				"south": {"uv": [7.42857, 15.14286, 7.64286, 15.35714], "texture": "#1"}
			}
		},
		{
			"from": [7.6, 24.21228, 9.96719],
			"to": [8.35, 24.96228, 9.99719],
			"rotation": {"angle": -45, "axis": "x", "origin": [7.9, 23.6984, 9.7375]},
			"faces": {
				"north": {"uv": [7.42857, 15.14286, 7.64286, 15.35714], "texture": "#1"},
				"south": {"uv": [6.85714, 15.14286, 7.07143, 15.35714], "texture": "#1"}
			}
		},
		{
			"from": [7.375, 23.94456, 9.32444],
			"to": [7.875, 24.44456, 10.07444],
			"rotation": {"angle": 22.5, "axis": "x", "origin": [8.6875, 23.50706, 10.19944]},
			"faces": {
				"north": {"uv": [15.42857, 12.28571, 15.57143, 12.42857], "texture": "#1"},
				"south": {"uv": [15.42857, 11.71429, 15.57143, 11.85714], "texture": "#1"},
				"west": {"uv": [14.85714, 15.14286, 15.07143, 15.28571], "texture": "#1"},
				"up": {"uv": [15.42857, 1.14286, 15.57143, 1.35714], "texture": "#1"}
			}
		},
		{
			"from": [7.875, 23.94456, 9.32444],
			"to": [8.625, 24.69456, 10.07444],
			"rotation": {"angle": 22.5, "axis": "x", "origin": [8.6875, 23.50706, 10.19944]},
			"faces": {
				"north": {"uv": [3.14286, 15.14286, 3.35714, 15.35714], "texture": "#1"},
				"east": {"uv": [15.14286, 4, 15.35714, 4.21429], "texture": "#1"},
				"south": {"uv": [0.57143, 15.14286, 0.78571, 15.35714], "texture": "#1"},
				"west": {"uv": [15.14286, 0.57143, 15.35714, 0.78571], "texture": "#1"},
				"up": {"uv": [15.14286, 4.57143, 15.35714, 4.78571], "texture": "#1"}
			}
		},
		{
			"from": [7.6, 23.95809, 10.25138],
			"to": [8.35, 23.98809, 11.00138],
			"rotation": {"angle": 0, "axis": "y", "origin": [7.9, 23.6984, 9.7375]},
			"faces": {
				"up": {"uv": [5.71429, 15.14286, 5.92857, 15.35714], "texture": "#1"},
				"down": {"uv": [6.28571, 15.35714, 6.5, 15.14286], "texture": "#1"}
			}
		},
		{
			"from": [6.625, 23.3859, 8.8625],
			"to": [9.375, 24.1359, 10.6125],
			"rotation": {"angle": 22.5, "axis": "x", "origin": [7.4375, 23.6984, 9.7375]},
			"faces": {
				"north": {"uv": [9.14286, 11.71429, 9.92857, 11.92857], "texture": "#1"},
				"east": {"uv": [0, 13.14286, 0.5, 13.35714], "texture": "#1"},
				"south": {"uv": [11.42857, 4.28571, 12.21429, 4.5], "texture": "#1"},
				"west": {"uv": [12.85714, 12.57143, 13.35714, 12.78571], "texture": "#1"},
				"up": {"uv": [2.57143, 8.28571, 3.35714, 8.78571], "texture": "#1"},
				"down": {"uv": [8.57143, 0.5, 9.35714, 0], "texture": "#1"}
			}
		},
		{
			"from": [6.75, 22.3859, 8.9875],
			"to": [9.25, 23.3859, 10.4875],
			"rotation": {"angle": 22.5, "axis": "x", "origin": [7.4375, 23.6984, 9.7375]},
			"faces": {
				"north": {"uv": [10.85714, 4.85714, 11.57143, 5.14286], "texture": "#1"},
				"east": {"uv": [12.57143, 8, 13, 8.28571], "texture": "#1"},
				"south": {"uv": [4.85714, 10.85714, 5.57143, 11.14286], "texture": "#1"},
				"west": {"uv": [12.57143, 7.42857, 13, 7.71429], "texture": "#1"},
				"down": {"uv": [8.85714, 1.28571, 9.57143, 0.85714], "texture": "#1"}
			}
		},
		{
			"from": [7.25, 18.93934, 5.5],
			"to": [8.75, 19.93934, 7],
			"rotation": {"angle": 22.5, "axis": "x", "origin": [8, 19.93934, 6.25]},
			"faces": {
				"north": {"uv": [8.28571, 12.57143, 8.71429, 12.85714], "texture": "#1"},
				"east": {"uv": [12.57143, 8.57143, 13, 8.85714], "texture": "#1"},
				"south": {"uv": [12.57143, 9.14286, 13, 9.42857], "texture": "#1"},
				"west": {"uv": [12.57143, 9.71429, 13, 10], "texture": "#1"},
				"up": {"uv": [12.14286, 8.14286, 11.71429, 7.71429], "texture": "#1"},
				"down": {"uv": [8.71429, 11.71429, 8.28571, 12.14286], "texture": "#1"}
			}
		},
		{
			"from": [7.375, 19.93934, 5.625],
			"to": [8.625, 20.93934, 6.875],
			"rotation": {"angle": 22.5, "axis": "x", "origin": [8, 19.93934, 6.25]},
			"faces": {
				"north": {"uv": [12.85714, 13.14286, 13.21429, 13.42857], "texture": "#1"},
				"east": {"uv": [13.42857, 0.57143, 13.78571, 0.85714], "texture": "#1"},
				"south": {"uv": [3.14286, 13.42857, 3.5, 13.71429], "texture": "#1"},
				"west": {"uv": [13.42857, 4.28571, 13.78571, 4.57143], "texture": "#1"},
				"up": {"uv": [9.5, 12.64286, 9.14286, 12.28571], "texture": "#1"}
			}
		},
		{
			"from": [7.375, 19.93934, 9.125],
			"to": [8.625, 20.93934, 10.375],
			"rotation": {"angle": -22.5, "axis": "x", "origin": [8, 19.93934, 9.75]},
			"faces": {
				"north": {"uv": [3.5, 13.42857, 3.14286, 13.71429], "texture": "#1"},
				"east": {"uv": [13.78571, 0.57143, 13.42857, 0.85714], "texture": "#1"},
				"south": {"uv": [13.21429, 13.14286, 12.85714, 13.42857], "texture": "#1"},
				"west": {"uv": [13.78571, 4.28571, 13.42857, 4.57143], "texture": "#1"},
				"up": {"uv": [9.5, 12.28571, 9.14286, 12.64286], "texture": "#1"}
			}
		},
		{
			"from": [7.25, 18.93934, 9],
			"to": [8.75, 19.93934, 10.5],
			"rotation": {"angle": -22.5, "axis": "x", "origin": [8, 19.93934, 9.75]},
			"faces": {
				"north": {"uv": [13, 9.14286, 12.57143, 9.42857], "texture": "#1"},
				"east": {"uv": [13, 8.57143, 12.57143, 8.85714], "texture": "#1"},
				"south": {"uv": [8.71429, 12.57143, 8.28571, 12.85714], "texture": "#1"},
				"west": {"uv": [13, 9.71429, 12.57143, 10], "texture": "#1"},
				"up": {"uv": [12.14286, 7.71429, 11.71429, 8.14286], "texture": "#1"},
				"down": {"uv": [8.71429, 12.14286, 8.28571, 11.71429], "texture": "#1"}
			}
		},
		{
			"from": [7.29289, 14.75, 7.92678],
			"to": [8.54289, 19.5, 9.17678],
			"rotation": {"angle": 45, "axis": "y", "origin": [7.29289, 16, 8.17678]},
			"faces": {
				"north": {"uv": [8, 7.71429, 8.35714, 9.07143], "texture": "#1"},
				"east": {"uv": [0, 8.28571, 0.35714, 9.64286], "texture": "#1"},
				"south": {"uv": [0.85714, 8.28571, 1.21429, 9.64286], "texture": "#1"},
				"west": {"uv": [1.71429, 8.28571, 2.07143, 9.64286], "texture": "#1"}
			}
		},
		{
			"from": [7.29289, -3.25, 7.92678],
			"to": [8.54289, 1.75, 9.17678],
			"rotation": {"angle": 45, "axis": "y", "origin": [7.29289, 1, 8.17678]},
			"faces": {
				"north": {"uv": [4.57143, 7.71429, 4.92857, 9.14286], "texture": "#1"},
				"east": {"uv": [5.42857, 7.71429, 5.78571, 9.14286], "texture": "#1"},
				"south": {"uv": [6.28571, 7.71429, 6.64286, 9.14286], "texture": "#1"},
				"west": {"uv": [7.14286, 7.71429, 7.5, 9.14286], "texture": "#1"}
			}
		},
		{
			"from": [7.625, 22.56066, 7],
			"to": [8.375, 26.56066, 9],
			"rotation": {"angle": 0, "axis": "y", "origin": [8, 25.06066, 8]},
			"faces": {
				"north": {"uv": [10.57143, 2.57143, 10.78571, 3.71429], "texture": "#1"},
				"east": {"uv": [1.71429, 6.85714, 2.28571, 8], "texture": "#1"},
				"south": {"uv": [4.28571, 10.57143, 4.5, 11.71429], "texture": "#1"},
				"west": {"uv": [2.57143, 6.85714, 3.14286, 8], "texture": "#1"}
			}
		},
		{
			"from": [7.6225, 25.56066, 7],
			"to": [8.3775, 27.56066, 9],
			"rotation": {"angle": -45, "axis": "x", "origin": [7.9975, 26.56066, 8]},
			"faces": {
				"north": {"uv": [10, 12.57143, 10.21429, 13.14286], "texture": "#1"},
				"east": {"uv": [8.57143, 5.42857, 9.14286, 6], "texture": "#1"},
				"south": {"uv": [10.57143, 12.57143, 10.78571, 13.14286], "texture": "#1"},
				"west": {"uv": [8.57143, 6.28571, 9.14286, 6.85714], "texture": "#1"},
				"up": {"uv": [11.35714, 13.14286, 11.14286, 12.57143], "texture": "#1"},
				"down": {"uv": [11.92857, 12.57143, 11.71429, 13.14286], "texture": "#1"}
			}
		},
		{
			"from": [5.5, 19, -2.4],
			"to": [10.5, 22.5, 2.6],
			"rotation": {"angle": 0, "axis": "y", "origin": [5, 18.5, -2.9]},
			"faces": {
				"north": {"uv": [1.71429, 4, 3.14286, 5], "texture": "#1"},
				"east": {"uv": [4, 1.71429, 5.42857, 2.71429], "texture": "#1"},
				"south": {"uv": [4, 3.14286, 5.42857, 4.14286], "texture": "#1"},
				"west": {"uv": [3.42857, 4.57143, 4.85714, 5.57143], "texture": "#1"},
				"down": {"uv": [1.42857, 4, 0, 5.42857], "texture": "#1"}
			}
		},
		{
			"from": [5, 24.25, -2.9],
			"to": [11, 24.28, 3.1],
			"rotation": {"angle": 0, "axis": "y", "origin": [5, 19.25, -2.9]},
			"faces": {
				"up": {"uv": [6, 13, 0, 7], "texture": "#3"},
				"down": {"uv": [6, 7, 0, 13], "texture": "#3"}
			}
		},
		{
			"from": [10.97, 17.78, -2.9],
			"to": [11, 24.28, 3.1],
			"rotation": {"angle": 0, "axis": "y", "origin": [4.97, 19.28, -2.9]},
			"faces": {
				"east": {"uv": [12, 0, 6, 6.5], "texture": "#3"},
				"west": {"uv": [6, 0, 12, 6.5], "texture": "#3"}
			}
		},
		{
			"from": [5, 17.78, -2.9],
			"to": [5.03, 24.28, 3.1],
			"rotation": {"angle": 0, "axis": "y", "origin": [5, 19.28, -2.9]},
			"faces": {
				"east": {"uv": [6, 0, 0, 6.5], "texture": "#3"},
				"west": {"uv": [0, 0, 6, 6.5], "texture": "#3"}
			}
		},
		{
			"from": [10.97, 17.78, 12.9],
			"to": [11, 24.28, 18.9],
			"rotation": {"angle": 0, "axis": "y", "origin": [4.97, 19.28, 18.9]},
			"faces": {
				"east": {"uv": [12, 0, 6, 6.5], "texture": "#3"},
				"west": {"uv": [6, 0, 12, 6.5], "texture": "#3"}
			}
		},
		{
			"from": [5, 24.25, 12.9],
			"to": [11, 24.28, 18.9],
			"rotation": {"angle": 0, "axis": "y", "origin": [5, 19.25, 18.9]},
			"faces": {
				"up": {"uv": [6, 7, 0, 13], "texture": "#3"},
				"down": {"uv": [6, 13, 0, 7], "texture": "#3"}
			}
		},
		{
			"from": [5, 17.78, 12.9],
			"to": [5.03, 24.28, 18.9],
			"rotation": {"angle": 0, "axis": "y", "origin": [5, 19.28, 18.9]},
			"faces": {
				"east": {"uv": [6, 0, 0, 6.5], "texture": "#3"},
				"west": {"uv": [0, 0, 6, 6.5], "texture": "#3"}
			}
		},
		{
			"from": [5.25, 22.5, -2.65],
			"to": [10.75, 24, 2.85],
			"rotation": {"angle": 0, "axis": "y", "origin": [5, 18.5, -2.9]},
			"faces": {
				"north": {"uv": [5.71429, 3.71429, 7.28571, 4.14286], "texture": "#1"},
				"east": {"uv": [4.57143, 6, 6.14286, 6.42857], "texture": "#1"},
				"south": {"uv": [6.57143, 6, 8.14286, 6.42857], "texture": "#1"},
				"west": {"uv": [6.85714, 1.42857, 8.42857, 1.85714], "texture": "#1"},
				"up": {"uv": [1.57143, 1.57143, 0, 0], "texture": "#1"},
				"down": {"uv": [1.57143, 2, 0, 3.57143], "texture": "#1"}
			}
		},
		{
			"from": [6.5625, 26, -0.65],
			"to": [7.5625, 26.5, 0.85],
			"rotation": {"angle": 0, "axis": "y", "origin": [3.0625, 20, -2.9]},
			"faces": {
				"north": {"uv": [9.14286, 15.14286, 9.42857, 15.28571], "texture": "#1"},
				"south": {"uv": [9.71429, 15.14286, 10, 15.28571], "texture": "#1"},
				"up": {"uv": [12.85714, 12.14286, 12.57143, 11.71429], "texture": "#1"},
				"down": {"uv": [12.57143, 12.57143, 12.28571, 13], "texture": "#1"}
			}
		},
		{
			"from": [6.0625, 24, -0.65],
			"to": [6.5625, 26.5, 0.85],
			"rotation": {"angle": 0, "axis": "y", "origin": [3.0625, 20, -2.9]},
			"faces": {
				"north": {"uv": [0.85714, 13.42857, 1, 14.14286], "texture": "#1"},
				"east": {"uv": [8.85714, 1.71429, 9.28571, 2.42857], "texture": "#1"},
				"south": {"uv": [13.42857, 7.42857, 13.57143, 8.14286], "texture": "#1"},
				"west": {"uv": [8.85714, 2.85714, 9.28571, 3.57143], "texture": "#1"},
				"up": {"uv": [14.42857, 15, 14.28571, 14.57143], "texture": "#1"}
			}
		},
		{
			"from": [7.5625, 24, -0.65],
			"to": [8.0625, 26.5, 0.85],
			"rotation": {"angle": 0, "axis": "y", "origin": [3.0625, 20, -2.9]},
			"faces": {
				"north": {"uv": [13.42857, 8.57143, 13.57143, 9.28571], "texture": "#1"},
				"east": {"uv": [8.85714, 4, 9.28571, 4.71429], "texture": "#1"},
				"south": {"uv": [9.71429, 13.42857, 9.85714, 14.14286], "texture": "#1"},
				"west": {"uv": [8.85714, 7.14286, 9.28571, 7.85714], "texture": "#1"},
				"up": {"uv": [0.14286, 15.28571, 0, 14.85714], "texture": "#1"}
			}
		},
		{
			"from": [9.3125, 24, -0.65],
			"to": [9.8125, 26, 0.85],
			"rotation": {"angle": 0, "axis": "y", "origin": [5.0625, 20, -2.9]},
			"faces": {
				"north": {"uv": [6.28571, 13.71429, 6.42857, 14.28571], "texture": "#1"},
				"east": {"uv": [10.57143, 4, 11, 4.57143], "texture": "#1"},
				"south": {"uv": [6.85714, 13.71429, 7, 14.28571], "texture": "#1"},
				"west": {"uv": [10.57143, 6, 11, 6.57143], "texture": "#1"},
				"up": {"uv": [15, 1.57143, 14.85714, 1.14286], "texture": "#1"}
			}
		},
		{
			"from": [8.0625, 25.5, -0.65],
			"to": [9.3125, 26, 0.85],
			"rotation": {"angle": 0, "axis": "z", "origin": [9.0625, 25.75, 0.1]},
			"faces": {
				"north": {"uv": [14.85714, 7.14286, 15.21429, 7.28571], "texture": "#1"},
				"south": {"uv": [14.85714, 7.71429, 15.21429, 7.85714], "texture": "#1"},
				"up": {"uv": [12.07143, 9.85714, 11.71429, 9.42857], "texture": "#1"},
				"down": {"uv": [2.07143, 12, 1.71429, 12.42857], "texture": "#1"}
			}
		},
		{
			"from": [8.0625, 24, -0.65],
			"to": [9.3125, 24.5, 0.85],
			"rotation": {"angle": 0, "axis": "z", "origin": [9.0625, 24.25, 0.1]},
			"faces": {
				"north": {"uv": [8.28571, 14.85714, 8.64286, 15], "texture": "#1"},
				"south": {"uv": [14.85714, 8.28571, 15.21429, 8.42857], "texture": "#1"},
				"up": {"uv": [2.92857, 12.42857, 2.57143, 12], "texture": "#1"}
			}
		},
		{
			"from": [6.5625, 24, -0.65],
			"to": [7.5625, 24.5, 0.85],
			"rotation": {"angle": 0, "axis": "z", "origin": [7.3125, 24.25, 0.1]},
			"faces": {
				"north": {"uv": [10.28571, 15.14286, 10.57143, 15.28571], "texture": "#1"},
				"south": {"uv": [10.85714, 15.14286, 11.14286, 15.28571], "texture": "#1"},
				"up": {"uv": [1.71429, 13.28571, 1.42857, 12.85714], "texture": "#1"}
			}
		},
		{
			"from": [9.81288, 23.99908, -1.05],
			"to": [11.31288, 24.02908, 1.2],
			"rotation": {"angle": 22.5, "axis": "z", "origin": [9.81288, 23.99908, -1.05]},
			"faces": {
				"up": {"uv": [9.57143, 10.07143, 9.14286, 9.42857], "texture": "#1"},
				"down": {"uv": [9.57143, 9.42857, 9.14286, 10.07143], "texture": "#1"}
			}
		},
		{
			"from": [11.18722, 24.57082, -1.05],
			"to": [12.68722, 24.60082, 1.2],
			"rotation": {"angle": 0, "axis": "z", "origin": [11.18722, 24.57082, -1.05]},
			"faces": {
				"up": {"uv": [10.14286, 2.35714, 9.71429, 1.71429], "texture": "#1"},
				"down": {"uv": [10.14286, 1.71429, 9.71429, 2.35714], "texture": "#1"}
			}
		},
		{
			"from": [12.67574, 24.57311, -1.05],
			"to": [14.17574, 24.60311, 1.2],
			"rotation": {"angle": -22.5, "axis": "z", "origin": [12.67574, 24.57311, -1.05]},
			"faces": {
				"up": {"uv": [10.14286, 3.5, 9.71429, 2.85714], "texture": "#1"},
				"down": {"uv": [10.14286, 2.85714, 9.71429, 3.5], "texture": "#1"}
			}
		},
		{
			"from": [4.68712, 23.99908, -1.05],
			"to": [6.18712, 24.02908, 1.2],
			"rotation": {"angle": -22.5, "axis": "z", "origin": [6.18712, 23.99908, -1.05]},
			"faces": {
				"up": {"uv": [9.14286, 10.07143, 9.57143, 9.42857], "texture": "#1"},
				"down": {"uv": [9.14286, 9.42857, 9.57143, 10.07143], "texture": "#1"}
			}
		},
		{
			"from": [1.82426, 24.57311, -1.05],
			"to": [3.32426, 24.60311, 1.2],
			"rotation": {"angle": 22.5, "axis": "z", "origin": [3.32426, 24.57311, -1.05]},
			"faces": {
				"up": {"uv": [9.71429, 3.5, 10.14286, 2.85714], "texture": "#1"},
				"down": {"uv": [9.71429, 2.85714, 10.14286, 3.5], "texture": "#1"}
			}
		},
		{
			"from": [3.31278, 24.57082, -1.05],
			"to": [4.81278, 24.60082, 1.2],
			"rotation": {"angle": 0, "axis": "z", "origin": [4.81278, 24.57082, -1.05]},
			"faces": {
				"up": {"uv": [9.71429, 2.35714, 10.14286, 1.71429], "texture": "#1"},
				"down": {"uv": [9.71429, 1.71429, 10.14286, 2.35714], "texture": "#1"}
			}
		},
		{
			"from": [5.5, 19, 13.4],
			"to": [10.5, 22.5, 18.4],
			"rotation": {"angle": 0, "axis": "y", "origin": [5, 18.5, 18.9]},
			"faces": {
				"north": {"uv": [5.14286, 4.57143, 6.57143, 5.57143], "texture": "#1"},
				"east": {"uv": [1.71429, 5.42857, 3.14286, 6.42857], "texture": "#1"},
				"south": {"uv": [0, 5.71429, 1.42857, 6.71429], "texture": "#1"},
				"west": {"uv": [5.71429, 0, 7.14286, 1], "texture": "#1"},
				"down": {"uv": [5.42857, 0, 4, 1.42857], "texture": "#1"}
			}
		},
		{
			"from": [5.25, 22.5, 13.15],
			"to": [10.75, 24, 18.65],
			"rotation": {"angle": 0, "axis": "y", "origin": [5, 18.5, 18.9]},
			"faces": {
				"north": {"uv": [6.85714, 2.28571, 8.42857, 2.71429], "texture": "#1"},
				"east": {"uv": [4.57143, 6.85714, 6.14286, 7.28571], "texture": "#1"},
				"south": {"uv": [6.85714, 4.57143, 8.42857, 5], "texture": "#1"},
				"west": {"uv": [6.57143, 6.85714, 8.14286, 7.28571], "texture": "#1"},
				"up": {"uv": [3.57143, 1.57143, 2, 0], "texture": "#1"},
				"down": {"uv": [3.57143, 2, 2, 3.57143], "texture": "#1"}
			}
		},
		{
			"from": [6.5625, 26, 15.15],
			"to": [7.5625, 26.5, 16.65],
			"rotation": {"angle": 0, "axis": "y", "origin": [3.0625, 20, 18.9]},
			"faces": {
				"north": {"uv": [13.42857, 15.14286, 13.71429, 15.28571], "texture": "#1"},
				"south": {"uv": [15.14286, 14, 15.42857, 14.14286], "texture": "#1"},
				"up": {"uv": [6, 13.28571, 5.71429, 12.85714], "texture": "#1"},
				"down": {"uv": [13.14286, 10.28571, 12.85714, 10.71429], "texture": "#1"}
			}
		},
		{
			"from": [6.0625, 24, 15.15],
			"to": [6.5625, 26.5, 16.65],
			"rotation": {"angle": 0, "axis": "y", "origin": [3.0625, 20, 18.9]},
			"faces": {
				"north": {"uv": [10.85714, 13.42857, 11, 14.14286], "texture": "#1"},
				"east": {"uv": [3.42857, 9.14286, 3.85714, 9.85714], "texture": "#1"},
				"south": {"uv": [11.42857, 13.42857, 11.57143, 14.14286], "texture": "#1"},
				"west": {"uv": [4.28571, 9.42857, 4.71429, 10.14286], "texture": "#1"},
				"up": {"uv": [2.71429, 15.28571, 2.57143, 14.85714], "texture": "#1"}
			}
		},
		{
			"from": [7.5625, 24, 15.15],
			"to": [8.0625, 26.5, 16.65],
			"rotation": {"angle": 0, "axis": "y", "origin": [3.0625, 20, 18.9]},
			"faces": {
				"north": {"uv": [13.42857, 9.71429, 13.57143, 10.42857], "texture": "#1"},
				"east": {"uv": [8.85714, 8.28571, 9.28571, 9], "texture": "#1"},
				"south": {"uv": [10.28571, 13.42857, 10.42857, 14.14286], "texture": "#1"},
				"west": {"uv": [2.57143, 9.14286, 3, 9.85714], "texture": "#1"},
				"up": {"uv": [2.14286, 15.28571, 2, 14.85714], "texture": "#1"}
			}
		},
		{
			"from": [9.3125, 24, 15.15],
			"to": [9.8125, 26, 16.65],
			"rotation": {"angle": 0, "axis": "y", "origin": [5.0625, 20, 18.9]},
			"faces": {
				"north": {"uv": [7.42857, 13.71429, 7.57143, 14.28571], "texture": "#1"},
				"east": {"uv": [10.85714, 0.85714, 11.28571, 1.42857], "texture": "#1"},
				"south": {"uv": [8, 13.71429, 8.14286, 14.28571], "texture": "#1"},
				"west": {"uv": [1.14286, 10.85714, 1.57143, 11.42857], "texture": "#1"},
				"up": {"uv": [1.57143, 15.28571, 1.42857, 14.85714], "texture": "#1"}
			}
		},
		{
			"from": [8.0625, 25.5, 15.15],
			"to": [9.3125, 26, 16.65],
			"rotation": {"angle": 0, "axis": "z", "origin": [9.0625, 25.75, 15.9]},
			"faces": {
				"north": {"uv": [14.85714, 10, 15.21429, 10.14286], "texture": "#1"},
				"south": {"uv": [14.85714, 10.57143, 15.21429, 10.71429], "texture": "#1"},
				"up": {"uv": [3.78571, 12.42857, 3.42857, 12], "texture": "#1"},
				"down": {"uv": [12.35714, 4.85714, 12, 5.28571], "texture": "#1"}
			}
		},
		{
			"from": [8.0625, 24, 15.15],
			"to": [9.3125, 24.5, 16.65],
			"rotation": {"angle": 0, "axis": "z", "origin": [9.0625, 24.25, 15.9]},
			"faces": {
				"north": {"uv": [14.85714, 8.85714, 15.21429, 9], "texture": "#1"},
				"south": {"uv": [14.85714, 9.42857, 15.21429, 9.57143], "texture": "#1"},
				"up": {"uv": [12.35714, 3, 12, 2.57143], "texture": "#1"}
			}
		},
		{
			"from": [6.5625, 24, 15.15],
			"to": [7.5625, 24.5, 16.65],
			"rotation": {"angle": 0, "axis": "z", "origin": [7.3125, 24.25, 15.9]},
			"faces": {
				"north": {"uv": [11.42857, 15.14286, 11.71429, 15.28571], "texture": "#1"},
				"south": {"uv": [12, 15.14286, 12.28571, 15.28571], "texture": "#1"},
				"up": {"uv": [13.14286, 5.28571, 12.85714, 4.85714], "texture": "#1"}
			}
		},
		{
			"from": [9.81288, 23.99908, 14.8],
			"to": [11.31288, 24.02908, 17.05],
			"rotation": {"angle": 22.5, "axis": "z", "origin": [9.81288, 23.99908, 17.05]},
			"faces": {
				"up": {"uv": [10.14286, 8.35714, 9.71429, 7.71429], "texture": "#1"},
				"down": {"uv": [10.14286, 7.71429, 9.71429, 8.35714], "texture": "#1"}
			}
		},
		{
			"from": [11.18722, 24.57082, 14.8],
			"to": [12.68722, 24.60082, 17.05],
			"rotation": {"angle": 0, "axis": "z", "origin": [11.18722, 24.57082, 17.05]},
			"faces": {
				"up": {"uv": [10.14286, 7.21429, 9.71429, 6.57143], "texture": "#1"},
				"down": {"uv": [10.14286, 6.57143, 9.71429, 7.21429], "texture": "#1"}
			}
		},
		{
			"from": [12.67574, 24.57311, 14.8],
			"to": [14.17574, 24.60311, 17.05],
			"rotation": {"angle": -22.5, "axis": "z", "origin": [12.67574, 24.57311, 17.05]},
			"faces": {
				"up": {"uv": [10.14286, 4.64286, 9.71429, 4], "texture": "#1"},
				"down": {"uv": [10.14286, 4, 9.71429, 4.64286], "texture": "#1"}
			}
		},
		{
			"from": [4.68712, 23.99908, 14.8],
			"to": [6.18712, 24.02908, 17.05],
			"rotation": {"angle": -22.5, "axis": "z", "origin": [6.18712, 23.99908, 17.05]},
			"faces": {
				"up": {"uv": [9.71429, 8.35714, 10.14286, 7.71429], "texture": "#1"},
				"down": {"uv": [9.71429, 7.71429, 10.14286, 8.35714], "texture": "#1"}
			}
		},
		{
			"from": [3.31278, 24.57082, 14.8],
			"to": [4.81278, 24.60082, 17.05],
			"rotation": {"angle": 0, "axis": "z", "origin": [4.81278, 24.57082, 17.05]},
			"faces": {
				"up": {"uv": [9.71429, 7.21429, 10.14286, 6.57143], "texture": "#1"},
				"down": {"uv": [9.71429, 6.57143, 10.14286, 7.21429], "texture": "#1"}
			}
		},
		{
			"from": [1.82426, 24.57311, 14.8],
			"to": [3.32426, 24.60311, 17.05],
			"rotation": {"angle": 22.5, "axis": "z", "origin": [3.32426, 24.57311, 17.05]},
			"faces": {
				"up": {"uv": [9.71429, 4.64286, 10.14286, 4], "texture": "#1"},
				"down": {"uv": [9.71429, 4, 10.14286, 4.64286], "texture": "#1"}
			}
		},
		{
			"from": [8, 19.43934, 4.58579],
			"to": [11, 22.43934, 5.58579],
			"rotation": {"angle": 45, "axis": "z", "origin": [8, 19.43934, 4.58579]},
			"faces": {
				"north": {"uv": [5.71429, 2.57143, 6.57143, 3.42857], "texture": "#1"},
				"east": {"uv": [9.14286, 10.57143, 9.42857, 11.42857], "texture": "#1"},
				"south": {"uv": [3.42857, 6, 4.28571, 6.85714], "texture": "#1"},
				"west": {"uv": [9.71429, 10.57143, 10, 11.42857], "texture": "#1"},
				"up": {"uv": [11.14286, 10.85714, 10.28571, 10.57143], "texture": "#1"},
				"down": {"uv": [0.85714, 10.85714, 0, 11.14286], "texture": "#1"}
			}
		},
		{
			"from": [8, 19.43934, 2.58579],
			"to": [11, 22.43934, 3.58579],
			"rotation": {"angle": 45, "axis": "z", "origin": [8, 19.43934, 2.58579]},
			"faces": {
				"north": {"uv": [5.71429, 2.57143, 6.57143, 3.42857], "texture": "#1"},
				"east": {"uv": [9.14286, 10.57143, 9.42857, 11.42857], "texture": "#1"},
				"south": {"uv": [3.42857, 6, 4.28571, 6.85714], "texture": "#1"},
				"west": {"uv": [9.71429, 10.57143, 10, 11.42857], "texture": "#1"},
				"up": {"uv": [11.14286, 10.85714, 10.28571, 10.57143], "texture": "#1"},
				"down": {"uv": [0.85714, 10.85714, 0, 11.14286], "texture": "#1"}
			}
		},
		{
			"from": [8.25, 19.68934, 3.58579],
			"to": [10.75, 22.18934, 4.58579],
			"rotation": {"angle": 45, "axis": "z", "origin": [8, 19.43934, 3.58579]},
			"faces": {
				"east": {"uv": [2, 10.85714, 2.28571, 11.57143], "texture": "#1"},
				"west": {"uv": [6, 10.85714, 6.28571, 11.57143], "texture": "#1"},
				"up": {"uv": [11.57143, 5.71429, 10.85714, 5.42857], "texture": "#1"},
				"down": {"uv": [7.28571, 10.85714, 6.57143, 11.14286], "texture": "#1"}
			}
		},
		{
			"from": [8.75, 20.18934, 5.58579],
			"to": [10.25, 21.68934, 6.58579],
			"rotation": {"angle": 45, "axis": "z", "origin": [8, 19.43934, 5.08579]},
			"faces": {
				"east": {"uv": [2, 12.85714, 2.28571, 13.28571], "texture": "#1"},
				"south": {"uv": [11.71429, 8.57143, 12.14286, 9], "texture": "#1"},
				"west": {"uv": [2.57143, 12.85714, 2.85714, 13.28571], "texture": "#1"},
				"up": {"uv": [13.28571, 2.85714, 12.85714, 2.57143], "texture": "#1"},
				"down": {"uv": [3.57143, 12.85714, 3.14286, 13.14286], "texture": "#1"}
			}
		},
		{
			"from": [8.75, 20.18934, 9.41421],
			"to": [10.25, 21.68934, 10.41421],
			"rotation": {"angle": 45, "axis": "z", "origin": [8, 19.43934, 10.91421]},
			"faces": {
				"north": {"uv": [12.14286, 8.57143, 11.71429, 9], "texture": "#1"},
				"east": {"uv": [2.28571, 12.85714, 2, 13.28571], "texture": "#1"},
				"west": {"uv": [2.85714, 12.85714, 2.57143, 13.28571], "texture": "#1"},
				"up": {"uv": [13.28571, 2.57143, 12.85714, 2.85714], "texture": "#1"},
				"down": {"uv": [3.57143, 13.14286, 3.14286, 12.85714], "texture": "#1"}
			}
		},
		{
			"from": [8, 19.43934, 10.41421],
			"to": [11, 22.43934, 11.41421],
			"rotation": {"angle": 45, "axis": "z", "origin": [8, 19.43934, 11.41421]},
			"faces": {
				"north": {"uv": [4.28571, 6, 3.42857, 6.85714], "texture": "#1"},
				"east": {"uv": [9.42857, 10.57143, 9.14286, 11.42857], "texture": "#1"},
				"south": {"uv": [6.57143, 2.57143, 5.71429, 3.42857], "texture": "#1"},
				"west": {"uv": [10, 10.57143, 9.71429, 11.42857], "texture": "#1"},
				"up": {"uv": [11.14286, 10.57143, 10.28571, 10.85714], "texture": "#1"},
				"down": {"uv": [0.85714, 11.14286, 0, 10.85714], "texture": "#1"}
			}
		},
		{
			"from": [8.25, 19.68934, 11.41421],
			"to": [10.75, 22.18934, 12.41421],
			"rotation": {"angle": 45, "axis": "z", "origin": [8, 19.43934, 12.41421]},
			"faces": {
				"east": {"uv": [2.28571, 10.85714, 2, 11.57143], "texture": "#1"},
				"west": {"uv": [6.28571, 10.85714, 6, 11.57143], "texture": "#1"},
				"up": {"uv": [11.57143, 5.42857, 10.85714, 5.71429], "texture": "#1"},
				"down": {"uv": [7.28571, 11.14286, 6.57143, 10.85714], "texture": "#1"}
			}
		},
		{
			"from": [8, 19.43934, 12.41421],
			"to": [11, 22.43934, 13.41421],
			"rotation": {"angle": 45, "axis": "z", "origin": [8, 19.43934, 13.41421]},
			"faces": {
				"north": {"uv": [4.28571, 6, 3.42857, 6.85714], "texture": "#1"},
				"east": {"uv": [9.42857, 10.57143, 9.14286, 11.42857], "texture": "#1"},
				"south": {"uv": [6.57143, 2.57143, 5.71429, 3.42857], "texture": "#1"},
				"west": {"uv": [10, 10.57143, 9.71429, 11.42857], "texture": "#1"},
				"up": {"uv": [11.14286, 10.57143, 10.28571, 10.85714], "texture": "#1"},
				"down": {"uv": [0.85714, 11.14286, 0, 10.85714], "texture": "#1"}
			}
		}
	],
	"gui_light": "front",
	"display": {
		"thirdperson_righthand": {
			"translation": [0, -2, 0.75]
		},
		"thirdperson_lefthand": {
			"translation": [0, -2, 0.75]
		},
		"firstperson_righthand": {
			"rotation": [10, 0, 0],
			"translation": [1.25, -2, 0],
			"scale": [0.7, 0.7, 0.7]
		},
		"firstperson_lefthand": {
			"rotation": [10, 0, 0],
			"translation": [1.25, -2, 0],
			"scale": [0.7, 0.7, 0.7]
		},
		"ground": {
			"rotation": [-45, 0, 0],
			"translation": [0, 3, 0],
			"scale": [0.7, 0.7, 0.7]
		},
		"gui": {
			"rotation": [-90, 45, 90],
			"translation": [2.25, -2.25, 0],
			"scale": [0.7, 0.7, 0.7]
		},
		"head": {
			"rotation": [0, -90, 0]
		},
		"fixed": {
			"rotation": [0, -90, 0],
			"translation": [0, 0, -1.75],
			"scale": [2, 2, 2]
		}
	},
	"groups": [
		{
			"name": "hammer",
			"origin": [8, 6, 9.75],
			"color": 0,
			"children": [
				0,
				1,
				2,
				3,
				4,
				5,
				6,
				7,
				8,
				9,
				10,
				11,
				12,
				13,
				14,
				15,
				16,
				17,
				18,
				19,
				20,
				21,
				22,
				23,
				24,
				25,
				26,
				27,
				28,
				29,
				30,
				31,
				32,
				33,
				34,
				35,
				36,
				37,
				38,
				39,
				40,
				41,
				42,
				43,
				44,
				45,
				46,
				47,
				48,
				49,
				50,
				51,
				52,
				53,
				54,
				55,
				56,
				57,
				58,
				59,
				60,
				61,
				62,
				63,
				64,
				65,
				66,
				67,
				68,
				69,
				70,
				71,
				72,
				73,
				74,
				75,
				76,
				77,
				78,
				79,
				80,
				81,
				82,
				83,
				84,
				85,
				86,
				87,
				88,
				89,
				90,
				91,
				92,
				93,
				94,
				95,
				96,
				97,
				98,
				99,
				100,
				101,
				102,
				103
			]
		}
	]
}