{
	"credit": "Pologony Creation Co.,Ltd.",
	"texture_size": [12, 12],
	"textures": {
		"2": "item/merrychristmas2024set/hoe",
		"3": "item/merrychristmas2024set/animated/hoe_1"
	},
	"elements": [
		{
			"from": [7.5, -2.75, 7.25],
			"to": [8.5, -1.25, 8.75],
			"rotation": {"angle": -45, "axis": "x", "origin": [8, -2, 8]},
			"faces": {
				"north": {"uv": [11.2, 5.6, 11.6, 6.2], "texture": "#2"},
				"east": {"uv": [7.6, 9.2, 8.2, 9.8], "texture": "#2"},
				"south": {"uv": [6, 11.2, 6.4, 11.8], "texture": "#2"},
				"west": {"uv": [8.8, 9.2, 9.4, 9.8], "texture": "#2"},
				"up": {"uv": [8.8, 11.8, 8.4, 11.2], "texture": "#2"},
				"down": {"uv": [11.6, 8.8, 11.2, 9.4], "texture": "#2"}
			}
		},
		{
			"from": [7.25, -2.5, 7.5],
			"to": [8.75, -1.5, 8.5],
			"rotation": {"angle": -45, "axis": "x", "origin": [8, -2, 8]},
			"faces": {
				"north": {"uv": [9.2, 11.2, 9.8, 11.6], "texture": "#2"},
				"east": {"uv": [11.2, 12.4, 11.6, 12.8], "texture": "#2"},
				"south": {"uv": [10.4, 11.2, 11, 11.6], "texture": "#2"},
				"west": {"uv": [12, 12.4, 12.4, 12.8], "texture": "#2"},
				"up": {"uv": [0.6, 12, 0, 11.6], "texture": "#2"},
				"down": {"uv": [12.2, 6.8, 11.6, 7.2], "texture": "#2"}
			}
		},
		{
			"from": [7.25, -1.43934, 7.25],
			"to": [8.75, -0.93934, 8.75],
			"rotation": {"angle": -45, "axis": "y", "origin": [8, -1.18934, 8]},
			"faces": {
				"north": {"uv": [13.2, 1.6, 13.8, 1.8], "texture": "#2"},
				"east": {"uv": [2.4, 13.2, 3, 13.4], "texture": "#2"},
				"south": {"uv": [3.6, 13.2, 4.2, 13.4], "texture": "#2"},
				"west": {"uv": [4.8, 13.2, 5.4, 13.4], "texture": "#2"},
				"up": {"uv": [10.2, 0.6, 9.6, 0], "texture": "#2"},
				"down": {"uv": [10.2, 8, 9.6, 8.6], "texture": "#2"}
			}
		},
		{
			"from": [7.25, 0.06066, 7.25],
			"to": [8.75, 0.56066, 8.75],
			"rotation": {"angle": -45, "axis": "y", "origin": [8, 0.31066, 8]},
			"faces": {
				"north": {"uv": [13.2, 5.2, 13.8, 5.4], "texture": "#2"},
				"east": {"uv": [8, 13.2, 8.6, 13.4], "texture": "#2"},
				"south": {"uv": [13.2, 8.4, 13.8, 8.6], "texture": "#2"},
				"west": {"uv": [10.4, 13.2, 11, 13.4], "texture": "#2"},
				"up": {"uv": [1.8, 10.6, 1.2, 10], "texture": "#2"},
				"down": {"uv": [10.6, 1.2, 10, 1.8], "texture": "#2"}
			}
		},
		{
			"from": [7.42678, -0.93934, 7.5],
			"to": [8.67678, 0.06066, 8.75],
			"rotation": {"angle": -45, "axis": "y", "origin": [8.17678, -0.68934, 8]},
			"faces": {
				"north": {"uv": [12.4, 0, 12.9, 0.4], "texture": "#2"},
				"east": {"uv": [0.8, 12.4, 1.3, 12.8], "texture": "#2"},
				"south": {"uv": [12.4, 0.8, 12.9, 1.2], "texture": "#2"},
				"west": {"uv": [2, 12.4, 2.5, 12.8], "texture": "#2"}
			}
		},
		{
			"from": [7.25, 13.12132, 7],
			"to": [8.75, 13.62132, 9],
			"rotation": {"angle": 45, "axis": "x", "origin": [8, 14.62132, 8]},
			"faces": {
				"east": {"uv": [12.8, 6.4, 13.6, 6.6], "texture": "#2"},
				"west": {"uv": [6.8, 12.8, 7.6, 13], "texture": "#2"},
				"up": {"uv": [8.6, 4, 8, 3.2], "texture": "#2"},
				"down": {"uv": [4.2, 8, 3.6, 8.8], "texture": "#2"}
			}
		},
		{
			"from": [7.25, 15.43198, 6.04289],
			"to": [8.75, 15.93198, 8.04289],
			"rotation": {"angle": -45, "axis": "x", "origin": [8, 15.68198, 7.29289]},
			"faces": {
				"east": {"uv": [9.2, 12.8, 10, 13], "texture": "#2"},
				"south": {"uv": [11.6, 13.2, 12.2, 13.4], "texture": "#2"},
				"west": {"uv": [12.8, 9.6, 13.6, 9.8], "texture": "#2"},
				"up": {"uv": [8.6, 5.2, 8, 4.4], "texture": "#2"},
				"down": {"uv": [5.4, 8, 4.8, 8.8], "texture": "#2"}
			}
		},
		{
			"from": [7.25, 13.12132, 6.5],
			"to": [8.75, 13.62132, 7],
			"rotation": {"angle": 45, "axis": "x", "origin": [8, 14.62132, 8]},
			"faces": {
				"north": {"uv": [13.6, 0, 14.2, 0.2], "texture": "#2"},
				"east": {"uv": [14.8, 6.8, 15, 7], "texture": "#2"},
				"west": {"uv": [7.2, 14.8, 7.4, 15], "texture": "#2"},
				"down": {"uv": [14.2, 0.8, 13.6, 1], "texture": "#2"}
			}
		},
		{
			"from": [7.25, 15.62132, 6.5],
			"to": [8.75, 16.12132, 7],
			"rotation": {"angle": 45, "axis": "x", "origin": [8, 14.62132, 8]},
			"faces": {
				"north": {"uv": [13.6, 2.4, 14.2, 2.6], "texture": "#2"},
				"east": {"uv": [8, 14.8, 8.2, 15], "texture": "#2"},
				"west": {"uv": [10, 14.8, 10.2, 15], "texture": "#2"},
				"up": {"uv": [14.2, 3.4, 13.6, 3.2], "texture": "#2"},
				"down": {"uv": [14.2, 4, 13.6, 4.2], "texture": "#2"}
			}
		},
		{
			"from": [7.25, 12.08579, 6.5],
			"to": [8.75, 12.58579, 7],
			"rotation": {"angle": 45, "axis": "x", "origin": [8, 11.08579, 8]},
			"faces": {
				"east": {"uv": [10.8, 14.8, 11, 15], "texture": "#2"},
				"south": {"uv": [6, 13.6, 6.6, 13.8], "texture": "#2"},
				"west": {"uv": [11.6, 14.8, 11.8, 15], "texture": "#2"},
				"down": {"uv": [14.2, 7.2, 13.6, 7.4], "texture": "#2"}
			}
		},
		{
			"from": [7.25, 15.62132, 7],
			"to": [8.75, 16.12132, 9],
			"rotation": {"angle": 45, "axis": "x", "origin": [8, 14.62132, 8]},
			"faces": {
				"east": {"uv": [12.8, 10.4, 13.6, 10.6], "texture": "#2"},
				"south": {"uv": [9.2, 13.6, 9.8, 13.8], "texture": "#2"},
				"west": {"uv": [12.8, 11.2, 13.6, 11.4], "texture": "#2"},
				"up": {"uv": [6.6, 8.8, 6, 8], "texture": "#2"},
				"down": {"uv": [7.8, 8, 7.2, 8.8], "texture": "#2"}
			}
		},
		{
			"from": [7.25, 13.12132, 7],
			"to": [8.75, 13.62132, 9],
			"rotation": {"angle": -45, "axis": "x", "origin": [8, 14.62132, 8]},
			"faces": {
				"east": {"uv": [12.8, 12, 13.6, 12.2], "texture": "#2"},
				"west": {"uv": [12.8, 12.8, 13.6, 13], "texture": "#2"},
				"up": {"uv": [9, 8.8, 8.4, 8], "texture": "#2"},
				"down": {"uv": [9.4, 1.2, 8.8, 2], "texture": "#2"}
			}
		},
		{
			"from": [7.25, 13.12132, 9],
			"to": [8.75, 13.62132, 9.5],
			"rotation": {"angle": -45, "axis": "x", "origin": [8, 14.62132, 8]},
			"faces": {
				"east": {"uv": [14.8, 12.4, 15, 12.6], "texture": "#2"},
				"south": {"uv": [12.8, 13.6, 13.4, 13.8], "texture": "#2"},
				"west": {"uv": [14.8, 13.2, 15, 13.4], "texture": "#2"},
				"down": {"uv": [0.6, 14, 0, 14.2], "texture": "#2"}
			}
		},
		{
			"from": [7.5, 13.37132, 6.75],
			"to": [8.5, 15.87132, 9.25],
			"rotation": {"angle": 45, "axis": "x", "origin": [8, 14.62132, 8]},
			"faces": {
				"east": {"uv": [4.8, 2.4, 5.8, 3.4], "texture": "#2"},
				"west": {"uv": [4.8, 4, 5.8, 5], "texture": "#2"}
			}
		},
		{
			"from": [7.25, 12.56066, 7.25],
			"to": [8.75, 13.06066, 8.75],
			"rotation": {"angle": -45, "axis": "y", "origin": [8, 12.81066, 8]},
			"faces": {
				"north": {"uv": [1.2, 14, 1.8, 14.2], "texture": "#2"},
				"east": {"uv": [2.4, 14, 3, 14.2], "texture": "#2"},
				"south": {"uv": [3.6, 14, 4.2, 14.2], "texture": "#2"},
				"west": {"uv": [4.8, 14, 5.4, 14.2], "texture": "#2"},
				"up": {"uv": [3, 10.6, 2.4, 10], "texture": "#2"},
				"down": {"uv": [10.6, 3.6, 10, 4.2], "texture": "#2"}
			}
		},
		{
			"from": [7.42678, 4.56066, 7.5],
			"to": [8.67678, 5.56066, 8.75],
			"rotation": {"angle": -45, "axis": "y", "origin": [8.17678, 5.31066, 8]},
			"faces": {
				"north": {"uv": [12.4, 2.8, 12.9, 3.2], "texture": "#2"},
				"east": {"uv": [3.2, 12.4, 3.7, 12.8], "texture": "#2"},
				"south": {"uv": [12.4, 3.6, 12.9, 4], "texture": "#2"},
				"west": {"uv": [4.4, 12.4, 4.9, 12.8], "texture": "#2"}
			}
		},
		{
			"from": [7.25, 4.06066, 7.25],
			"to": [8.75, 4.56066, 8.75],
			"rotation": {"angle": -45, "axis": "y", "origin": [8, 4.31066, 8]},
			"faces": {
				"north": {"uv": [14, 6, 14.6, 6.2], "texture": "#2"},
				"east": {"uv": [7.2, 14, 7.8, 14.2], "texture": "#2"},
				"south": {"uv": [14, 9.2, 14.6, 9.4], "texture": "#2"},
				"west": {"uv": [14, 10, 14.6, 10.2], "texture": "#2"},
				"up": {"uv": [5, 10.6, 4.4, 10], "texture": "#2"},
				"down": {"uv": [10.6, 4.8, 10, 5.4], "texture": "#2"}
			}
		},
		{
			"from": [7.25, 5.56066, 7.25],
			"to": [8.75, 6.06066, 8.75],
			"rotation": {"angle": -45, "axis": "y", "origin": [8, 5.81066, 8]},
			"faces": {
				"north": {"uv": [10.4, 14, 11, 14.2], "texture": "#2"},
				"east": {"uv": [14, 10.8, 14.6, 11], "texture": "#2"},
				"south": {"uv": [11.6, 14, 12.2, 14.2], "texture": "#2"},
				"west": {"uv": [14, 11.6, 14.6, 11.8], "texture": "#2"},
				"up": {"uv": [6.2, 10.6, 5.6, 10], "texture": "#2"},
				"down": {"uv": [10.6, 6, 10, 6.6], "texture": "#2"}
			}
		},
		{
			"from": [7.67678, 0.56066, 7.57322],
			"to": [8.67678, 4.06066, 8.57322],
			"rotation": {"angle": -45, "axis": "y", "origin": [8.17678, 2.81066, 7.82322]},
			"faces": {
				"north": {"uv": [1.2, 8, 1.6, 9.4], "texture": "#2"},
				"east": {"uv": [8, 1.2, 8.4, 2.6], "texture": "#2"},
				"south": {"uv": [2, 8, 2.4, 9.4], "texture": "#2"},
				"west": {"uv": [2.8, 8, 3.2, 9.4], "texture": "#2"}
			}
		},
		{
			"from": [7.42678, 2.06066, 7.5],
			"to": [8.67678, 2.56066, 8.75],
			"rotation": {"angle": -45, "axis": "y", "origin": [8.17678, 2.31066, 8]},
			"faces": {
				"north": {"uv": [14, 14, 14.5, 14.2], "texture": "#2"},
				"east": {"uv": [14.4, 1.6, 14.9, 1.8], "texture": "#2"},
				"south": {"uv": [14.4, 4.8, 14.9, 5], "texture": "#2"},
				"west": {"uv": [6, 14.4, 6.5, 14.6], "texture": "#2"},
				"up": {"uv": [11.7, 1.3, 11.2, 0.8], "texture": "#2"},
				"down": {"uv": [1.7, 11.2, 1.2, 11.7], "texture": "#2"}
			}
		},
		{
			"from": [5, 13.25, 7],
			"to": [7, 14.75, 9],
			"rotation": {"angle": 22.5, "axis": "z", "origin": [6, 15, 8.0625]},
			"faces": {
				"north": {"uv": [8.8, 5.6, 9.6, 6.2], "texture": "#2"},
				"east": {"uv": [8.8, 6.8, 9.6, 7.4], "texture": "#2"},
				"south": {"uv": [0, 9.2, 0.8, 9.8], "texture": "#2"},
				"west": {"uv": [9.2, 2.4, 10, 3], "texture": "#2"},
				"down": {"uv": [0.8, 8, 0, 8.8], "texture": "#2"}
			}
		},
		{
			"from": [4.875, 14.75, 6.875],
			"to": [7.125, 15.5, 9.125],
			"rotation": {"angle": 22.5, "axis": "z", "origin": [6, 15, 8.0625]},
			"faces": {
				"north": {"uv": [8.4, 10.4, 9.3, 10.7], "texture": "#2"},
				"east": {"uv": [10, 10.4, 10.9, 10.7], "texture": "#2"},
				"south": {"uv": [10.8, 0, 11.7, 0.3], "texture": "#2"},
				"west": {"uv": [10.8, 8, 11.7, 8.3], "texture": "#2"},
				"up": {"uv": [7.3, 0.9, 6.4, 0], "texture": "#2"},
				"down": {"uv": [7.3, 1.6, 6.4, 2.5], "texture": "#2"}
			}
		},
		{
			"from": [5.625, 15.5, 8.125],
			"to": [6.375, 16.25, 8.875],
			"rotation": {"angle": 22.5, "axis": "z", "origin": [6, 15, 8.0625]},
			"faces": {
				"east": {"uv": [14.4, 8, 14.7, 8.3], "texture": "#2"},
				"south": {"uv": [9.2, 14.4, 9.5, 14.7], "texture": "#2"},
				"west": {"uv": [12.8, 14.4, 13.1, 14.7], "texture": "#2"},
				"up": {"uv": [0.3, 15.1, 0, 14.8], "texture": "#2"}
			}
		},
		{
			"from": [5.625, 15.5, 7.125],
			"to": [6.375, 16.5, 8.125],
			"rotation": {"angle": 22.5, "axis": "z", "origin": [6, 15, 8.0625]},
			"faces": {
				"north": {"uv": [8.4, 14, 8.7, 14.4], "texture": "#2"},
				"east": {"uv": [0.8, 13.2, 1.2, 13.6], "texture": "#2"},
				"south": {"uv": [14, 12.4, 14.3, 12.8], "texture": "#2"},
				"west": {"uv": [1.6, 13.2, 2, 13.6], "texture": "#2"},
				"up": {"uv": [14.3, 13.6, 14, 13.2], "texture": "#2"}
			}
		},
		{
			"from": [6.5378, 15.31743, 7.3625],
			"to": [7.7878, 15.34743, 8.6125],
			"rotation": {"angle": 45, "axis": "z", "origin": [6, 15, 8.0625]},
			"faces": {
				"up": {"uv": [2.9, 11.7, 2.4, 11.2], "texture": "#2"},
				"down": {"uv": [11.7, 3.2, 11.2, 3.7], "texture": "#2"}
			}
		},
		{
			"from": [4.2122, 15.31743, 7.3625],
			"to": [5.4622, 15.34743, 8.6125],
			"rotation": {"angle": 0, "axis": "y", "origin": [6, 15, 8.0625]},
			"faces": {
				"up": {"uv": [4.1, 11.7, 3.6, 11.2], "texture": "#2"},
				"down": {"uv": [11.7, 4.4, 11.2, 4.9], "texture": "#2"}
			}
		},
		{
			"from": [9, 13.25, 7],
			"to": [11, 14.75, 9],
			"rotation": {"angle": -22.5, "axis": "z", "origin": [10, 15, 7.9375]},
			"faces": {
				"north": {"uv": [0, 9.2, 0.8, 9.8], "texture": "#2"},
				"east": {"uv": [9.2, 2.4, 10, 3], "texture": "#2"},
				"south": {"uv": [8.8, 5.6, 9.6, 6.2], "texture": "#2"},
				"west": {"uv": [8.8, 6.8, 9.6, 7.4], "texture": "#2"},
				"down": {"uv": [0, 8.8, 0.8, 8], "texture": "#2"}
			}
		},
		{
			"from": [8.875, 14.75, 6.875],
			"to": [11.125, 15.5, 9.125],
			"rotation": {"angle": -22.5, "axis": "z", "origin": [10, 15, 7.9375]},
			"faces": {
				"north": {"uv": [10.8, 0, 11.7, 0.3], "texture": "#2"},
				"east": {"uv": [10.8, 8, 11.7, 8.3], "texture": "#2"},
				"south": {"uv": [8.4, 10.4, 9.3, 10.7], "texture": "#2"},
				"west": {"uv": [10, 10.4, 10.9, 10.7], "texture": "#2"},
				"up": {"uv": [6.4, 0, 7.3, 0.9], "texture": "#2"},
				"down": {"uv": [6.4, 2.5, 7.3, 1.6], "texture": "#2"}
			}
		},
		{
			"from": [9.625, 15.5, 7.125],
			"to": [10.375, 16.25, 7.875],
			"rotation": {"angle": -22.5, "axis": "z", "origin": [10, 15, 7.9375]},
			"faces": {
				"north": {"uv": [9.2, 14.4, 9.5, 14.7], "texture": "#2"},
				"east": {"uv": [12.8, 14.4, 13.1, 14.7], "texture": "#2"},
				"west": {"uv": [14.4, 8, 14.7, 8.3], "texture": "#2"},
				"up": {"uv": [0, 14.8, 0.3, 15.1], "texture": "#2"}
			}
		},
		{
			"from": [9.625, 15.5, 7.875],
			"to": [10.375, 16.5, 8.875],
			"rotation": {"angle": -22.5, "axis": "z", "origin": [10, 15, 7.9375]},
			"faces": {
				"north": {"uv": [14, 12.4, 14.3, 12.8], "texture": "#2"},
				"east": {"uv": [1.6, 13.2, 2, 13.6], "texture": "#2"},
				"south": {"uv": [8.4, 14, 8.7, 14.4], "texture": "#2"},
				"west": {"uv": [0.8, 13.2, 1.2, 13.6], "texture": "#2"},
				"up": {"uv": [14, 13.2, 14.3, 13.6], "texture": "#2"}
			}
		},
		{
			"from": [8.2122, 15.31743, 7.3875],
			"to": [9.4622, 15.34743, 8.6375],
			"rotation": {"angle": -45, "axis": "z", "origin": [10, 15, 7.9375]},
			"faces": {
				"up": {"uv": [2.4, 11.2, 2.9, 11.7], "texture": "#2"},
				"down": {"uv": [11.2, 3.7, 11.7, 3.2], "texture": "#2"}
			}
		},
		{
			"from": [10.5378, 15.31743, 7.3875],
			"to": [11.7878, 15.34743, 8.6375],
			"rotation": {"angle": 0, "axis": "y", "origin": [10, 15, 7.9375]},
			"faces": {
				"up": {"uv": [3.6, 11.2, 4.1, 11.7], "texture": "#2"},
				"down": {"uv": [11.2, 4.9, 11.7, 4.4], "texture": "#2"}
			}
		},
		{
			"from": [6.75, 15.44656, 5.5125],
			"to": [9.25, 16.44656, 7.0125],
			"rotation": {"angle": -22.5, "axis": "x", "origin": [8.5625, 16.75906, 6.2625]},
			"faces": {
				"north": {"uv": [4.4, 9.2, 5.4, 9.6], "texture": "#2"},
				"east": {"uv": [11.6, 10, 12.2, 10.4], "texture": "#2"},
				"south": {"uv": [6, 9.2, 7, 9.6], "texture": "#2"},
				"west": {"uv": [11.6, 10.8, 12.2, 11.2], "texture": "#2"},
				"down": {"uv": [9, 0, 8, 0.6], "texture": "#2"}
			}
		},
		{
			"from": [6.625, 16.44656, 5.3875],
			"to": [9.375, 17.19656, 7.1375],
			"rotation": {"angle": -22.5, "axis": "x", "origin": [8.5625, 16.75906, 6.2625]},
			"faces": {
				"north": {"uv": [10, 7.2, 11.1, 7.5], "texture": "#2"},
				"east": {"uv": [12, 8.8, 12.7, 9.1], "texture": "#2"},
				"south": {"uv": [10.4, 2.4, 11.5, 2.7], "texture": "#2"},
				"west": {"uv": [9.2, 12, 9.9, 12.3], "texture": "#2"},
				"up": {"uv": [7.5, 3.9, 6.4, 3.2], "texture": "#2"},
				"down": {"uv": [7.5, 4.4, 6.4, 5.1], "texture": "#2"}
			}
		},
		{
			"from": [8.125, 17.00522, 5.92556],
			"to": [8.625, 17.50522, 6.67556],
			"rotation": {"angle": -22.5, "axis": "x", "origin": [7.3125, 16.56772, 5.80056]},
			"faces": {
				"north": {"uv": [13.6, 14.8, 13.8, 15], "texture": "#2"},
				"east": {"uv": [14.8, 4, 15.1, 4.2], "texture": "#2"},
				"south": {"uv": [14.4, 14.8, 14.6, 15], "texture": "#2"},
				"up": {"uv": [5, 15.1, 4.8, 14.8], "texture": "#2"}
			}
		},
		{
			"from": [7.375, 17.00522, 5.92556],
			"to": [8.125, 17.75522, 6.67556],
			"rotation": {"angle": -22.5, "axis": "x", "origin": [7.3125, 16.56772, 5.80056]},
			"faces": {
				"north": {"uv": [14.8, 0, 15.1, 0.3], "texture": "#2"},
				"east": {"uv": [0.8, 14.8, 1.1, 15.1], "texture": "#2"},
				"south": {"uv": [14.8, 0.8, 15.1, 1.1], "texture": "#2"},
				"west": {"uv": [1.6, 14.8, 1.9, 15.1], "texture": "#2"},
				"up": {"uv": [2.7, 15.1, 2.4, 14.8], "texture": "#2"}
			}
		},
		{
			"from": [7.65, 17.01875, 4.99862],
			"to": [8.4, 17.04875, 5.74862],
			"rotation": {"angle": 0, "axis": "y", "origin": [8.1, 16.75906, 6.2625]},
			"faces": {
				"up": {"uv": [15.1, 2.7, 14.8, 2.4], "texture": "#2"},
				"down": {"uv": [3.5, 14.8, 3.2, 15.1], "texture": "#2"}
			}
		},
		{
			"from": [7.65, 17.27294, 6.00281],
			"to": [8.4, 18.02294, 6.03281],
			"rotation": {"angle": 45, "axis": "x", "origin": [8.1, 16.75906, 6.2625]},
			"faces": {
				"north": {"uv": [14.8, 3.2, 15.1, 3.5], "texture": "#2"},
				"south": {"uv": [4, 14.8, 4.3, 15.1], "texture": "#2"}
			}
		},
		{
			"from": [6.75, 15.44656, 8.9875],
			"to": [9.25, 16.44656, 10.4875],
			"rotation": {"angle": 22.5, "axis": "x", "origin": [7.4375, 16.75906, 9.7375]},
			"faces": {
				"north": {"uv": [6, 9.2, 7, 9.6], "texture": "#2"},
				"east": {"uv": [11.6, 10.8, 12.2, 11.2], "texture": "#2"},
				"south": {"uv": [4.4, 9.2, 5.4, 9.6], "texture": "#2"},
				"west": {"uv": [11.6, 10, 12.2, 10.4], "texture": "#2"},
				"down": {"uv": [8, 0.6, 9, 0], "texture": "#2"}
			}
		},
		{
			"from": [6.625, 16.44656, 8.8625],
			"to": [9.375, 17.19656, 10.6125],
			"rotation": {"angle": 22.5, "axis": "x", "origin": [7.4375, 16.75906, 9.7375]},
			"faces": {
				"north": {"uv": [10.4, 2.4, 11.5, 2.7], "texture": "#2"},
				"east": {"uv": [9.2, 12, 9.9, 12.3], "texture": "#2"},
				"south": {"uv": [10, 7.2, 11.1, 7.5], "texture": "#2"},
				"west": {"uv": [12, 8.8, 12.7, 9.1], "texture": "#2"},
				"up": {"uv": [6.4, 3.2, 7.5, 3.9], "texture": "#2"},
				"down": {"uv": [6.4, 5.1, 7.5, 4.4], "texture": "#2"}
			}
		},
		{
			"from": [7.375, 17.00522, 9.32444],
			"to": [7.875, 17.50522, 10.07444],
			"rotation": {"angle": 22.5, "axis": "x", "origin": [8.6875, 16.56772, 10.19944]},
			"faces": {
				"north": {"uv": [14.4, 14.8, 14.6, 15], "texture": "#2"},
				"south": {"uv": [13.6, 14.8, 13.8, 15], "texture": "#2"},
				"west": {"uv": [14.8, 4, 15.1, 4.2], "texture": "#2"},
				"up": {"uv": [4.8, 14.8, 5, 15.1], "texture": "#2"}
			}
		},
		{
			"from": [7.875, 17.00522, 9.32444],
			"to": [8.625, 17.75522, 10.07444],
			"rotation": {"angle": 22.5, "axis": "x", "origin": [8.6875, 16.56772, 10.19944]},
			"faces": {
				"north": {"uv": [14.8, 0.8, 15.1, 1.1], "texture": "#2"},
				"east": {"uv": [1.6, 14.8, 1.9, 15.1], "texture": "#2"},
				"south": {"uv": [14.8, 0, 15.1, 0.3], "texture": "#2"},
				"west": {"uv": [0.8, 14.8, 1.1, 15.1], "texture": "#2"},
				"up": {"uv": [2.4, 14.8, 2.7, 15.1], "texture": "#2"}
			}
		},
		{
			"from": [7.6, 17.01875, 10.25138],
			"to": [8.35, 17.04875, 11.00138],
			"rotation": {"angle": 0, "axis": "y", "origin": [7.9, 16.75906, 9.7375]},
			"faces": {
				"up": {"uv": [14.8, 2.4, 15.1, 2.7], "texture": "#2"},
				"down": {"uv": [3.2, 15.1, 3.5, 14.8], "texture": "#2"}
			}
		},
		{
			"from": [7.6, 17.27294, 9.96719],
			"to": [8.35, 18.02294, 9.99719],
			"rotation": {"angle": -45, "axis": "x", "origin": [7.9, 16.75906, 9.7375]},
			"faces": {
				"north": {"uv": [4, 14.8, 4.3, 15.1], "texture": "#2"},
				"south": {"uv": [14.8, 3.2, 15.1, 3.5], "texture": "#2"}
			}
		},
		{
			"from": [5.75973, 13.02487, 10.21769],
			"to": [5.78973, 18.02487, 11.46769],
			"rotation": {"angle": -22.5, "axis": "y", "origin": [7.3818, 15.52487, 12.0418]},
			"faces": {
				"east": {"uv": [0.5, 5.6, 0, 7.6], "texture": "#2"},
				"west": {"uv": [0, 5.6, 0.5, 7.6], "texture": "#2"}
			}
		},
		{
			"from": [6.64078, 13.02487, 10.48887],
			"to": [6.67078, 18.02487, 11.73887],
			"rotation": {"angle": 22.5, "axis": "y", "origin": [7.3818, 15.52487, 12.0418]},
			"faces": {
				"east": {"uv": [1.7, 5.6, 1.2, 7.6], "texture": "#2"},
				"west": {"uv": [1.2, 5.6, 1.7, 7.6], "texture": "#2"}
			}
		},
		{
			"from": [6.81311, 13.02487, 11.47835],
			"to": [6.84311, 18.02487, 12.72835],
			"rotation": {"angle": 45, "axis": "y", "origin": [7.3818, 15.52487, 12.0418]},
			"faces": {
				"east": {"uv": [2.9, 5.6, 2.4, 7.6], "texture": "#2"},
				"west": {"uv": [2.4, 5.6, 2.9, 7.6], "texture": "#2"}
			}
		},
		{
			"from": [8.44631, 13.02487, 9.84515],
			"to": [9.69631, 18.02487, 9.87515],
			"rotation": {"angle": 45, "axis": "y", "origin": [7.3818, 15.52487, 12.0418]},
			"faces": {
				"north": {"uv": [3.6, 5.6, 4.1, 7.6], "texture": "#2"},
				"south": {"uv": [4.1, 5.6, 3.6, 7.6], "texture": "#2"}
			}
		},
		{
			"from": [7.11685, 13.02487, 12.88224],
			"to": [7.14685, 18.02487, 14.13224],
			"rotation": {"angle": 22.5, "axis": "y", "origin": [7.3818, 15.52487, 12.0418]},
			"faces": {
				"east": {"uv": [5.3, 5.6, 4.8, 7.6], "texture": "#2"},
				"west": {"uv": [4.8, 5.6, 5.3, 7.6], "texture": "#2"}
			}
		},
		{
			"from": [7.93471, 13.02487, 14.06303],
			"to": [7.96471, 18.02487, 15.31303],
			"rotation": {"angle": 0, "axis": "y", "origin": [7.3818, 15.52487, 12.0418]},
			"faces": {
				"east": {"uv": [6.5, 5.6, 6, 7.6], "texture": "#2"},
				"west": {"uv": [6, 5.6, 6.5, 7.6], "texture": "#2"}
			}
		},
		{
			"from": [6.30369, 13.02487, 9.84515],
			"to": [7.55369, 18.02487, 9.87515],
			"rotation": {"angle": -45, "axis": "y", "origin": [8.6182, 15.52487, 12.0418]},
			"faces": {
				"north": {"uv": [4.1, 5.6, 3.6, 7.6], "texture": "#2"},
				"south": {"uv": [3.6, 5.6, 4.1, 7.6], "texture": "#2"}
			}
		},
		{
			"from": [10.21027, 13.02487, 10.21769],
			"to": [10.24027, 18.02487, 11.46769],
			"rotation": {"angle": 22.5, "axis": "y", "origin": [8.6182, 15.52487, 12.0418]},
			"faces": {
				"east": {"uv": [0.5, 5.6, 0, 7.6], "texture": "#2"},
				"west": {"uv": [0, 5.6, 0.5, 7.6], "texture": "#2"}
			}
		},
		{
			"from": [9.32922, 13.02487, 10.48887],
			"to": [9.35922, 18.02487, 11.73887],
			"rotation": {"angle": -22.5, "axis": "y", "origin": [8.6182, 15.52487, 12.0418]},
			"faces": {
				"east": {"uv": [1.7, 5.6, 1.2, 7.6], "texture": "#2"},
				"west": {"uv": [1.2, 5.6, 1.7, 7.6], "texture": "#2"}
			}
		},
		{
			"from": [9.15689, 13.02487, 11.47835],
			"to": [9.18689, 18.02487, 12.72835],
			"rotation": {"angle": -45, "axis": "y", "origin": [8.6182, 15.52487, 12.0418]},
			"faces": {
				"east": {"uv": [2.9, 5.6, 2.4, 7.6], "texture": "#2"},
				"west": {"uv": [2.4, 5.6, 2.9, 7.6], "texture": "#2"}
			}
		},
		{
			"from": [8.85315, 13.02487, 12.88224],
			"to": [8.88315, 18.02487, 14.13224],
			"rotation": {"angle": -22.5, "axis": "y", "origin": [8.6182, 15.52487, 12.0418]},
			"faces": {
				"east": {"uv": [5.3, 5.6, 4.8, 7.6], "texture": "#2"},
				"west": {"uv": [4.8, 5.6, 5.3, 7.6], "texture": "#2"}
			}
		},
		{
			"from": [8.03529, 13.02487, 14.06303],
			"to": [8.06529, 18.02487, 15.31303],
			"rotation": {"angle": 0, "axis": "y", "origin": [8.6182, 15.52487, 12.0418]},
			"faces": {
				"east": {"uv": [6.5, 5.6, 6, 7.6], "texture": "#2"},
				"west": {"uv": [6, 5.6, 6.5, 7.6], "texture": "#2"}
			}
		},
		{
			"from": [7.25, 12, 5.5],
			"to": [8.75, 13, 7],
			"rotation": {"angle": 22.5, "axis": "x", "origin": [8, 13, 6.25]},
			"faces": {
				"north": {"uv": [11.6, 11.6, 12.2, 12], "texture": "#2"},
				"east": {"uv": [12, 2, 12.6, 2.4], "texture": "#2"},
				"south": {"uv": [12, 5.6, 12.6, 6], "texture": "#2"},
				"west": {"uv": [6.8, 12, 7.4, 12.4], "texture": "#2"},
				"up": {"uv": [10.6, 9.8, 10, 9.2], "texture": "#2"},
				"down": {"uv": [0.6, 10.4, 0, 11], "texture": "#2"}
			}
		},
		{
			"from": [7.375, 13, 5.625],
			"to": [8.625, 14, 6.875],
			"rotation": {"angle": 22.5, "axis": "x", "origin": [8, 13, 6.25]},
			"faces": {
				"north": {"uv": [12.4, 4.4, 12.9, 4.8], "texture": "#2"},
				"east": {"uv": [5.6, 12.4, 6.1, 12.8], "texture": "#2"},
				"south": {"uv": [12.4, 7.6, 12.9, 8], "texture": "#2"},
				"west": {"uv": [8, 12.4, 8.5, 12.8], "texture": "#2"},
				"up": {"uv": [5.3, 11.7, 4.8, 11.2], "texture": "#2"}
			}
		},
		{
			"from": [7.375, 13, 9.125],
			"to": [8.625, 14, 10.375],
			"rotation": {"angle": -22.5, "axis": "x", "origin": [8, 13, 9.75]},
			"faces": {
				"north": {"uv": [12.9, 7.6, 12.4, 8], "texture": "#2"},
				"east": {"uv": [6.1, 12.4, 5.6, 12.8], "texture": "#2"},
				"south": {"uv": [12.9, 4.4, 12.4, 4.8], "texture": "#2"},
				"west": {"uv": [8.5, 12.4, 8, 12.8], "texture": "#2"},
				"up": {"uv": [5.3, 11.2, 4.8, 11.7], "texture": "#2"}
			}
		},
		{
			"from": [7.25, 12, 9],
			"to": [8.75, 13, 10.5],
			"rotation": {"angle": -22.5, "axis": "x", "origin": [8, 13, 9.75]},
			"faces": {
				"north": {"uv": [12.6, 5.6, 12, 6], "texture": "#2"},
				"east": {"uv": [12.6, 2, 12, 2.4], "texture": "#2"},
				"south": {"uv": [12.2, 11.6, 11.6, 12], "texture": "#2"},
				"west": {"uv": [7.4, 12, 6.8, 12.4], "texture": "#2"},
				"up": {"uv": [10.6, 9.2, 10, 9.8], "texture": "#2"},
				"down": {"uv": [0.6, 11, 0, 10.4], "texture": "#2"}
			}
		},
		{
			"from": [7.625, 13.62132, 3.37868],
			"to": [8.375, 15.62132, 7.12868],
			"rotation": {"angle": 0, "axis": "y", "origin": [7.375, 13.62132, 3.12868]},
			"faces": {
				"east": {"uv": [4.4, 0, 5.9, 0.8], "texture": "#2"},
				"west": {"uv": [4.4, 1.2, 5.9, 2], "texture": "#2"},
				"up": {"uv": [3.9, 10.7, 3.6, 9.2], "texture": "#2"},
				"down": {"uv": [9.5, 3.6, 9.2, 5.1], "texture": "#2"}
			}
		},
		{
			"from": [7.6225, 13.15819, 2.04629],
			"to": [8.3775, 15.00819, 4.54629],
			"rotation": {"angle": -22.5, "axis": "x", "origin": [7.3725, 13.00819, 2.54629]},
			"faces": {
				"north": {"uv": [10.4, 12, 10.7, 12.7], "texture": "#2"},
				"east": {"uv": [7.2, 5.6, 8.2, 6.3], "texture": "#2"},
				"south": {"uv": [0, 12.4, 0.3, 13.1], "texture": "#2"},
				"west": {"uv": [7.2, 6.8, 8.2, 7.5], "texture": "#2"},
				"up": {"uv": [7.1, 11, 6.8, 10], "texture": "#2"},
				"down": {"uv": [7.9, 10.4, 7.6, 11.4], "texture": "#2"}
			}
		},
		{
			"from": [7.29289, 6.06066, 7.92678],
			"to": [8.54289, 12.56066, 9.17678],
			"rotation": {"angle": 45, "axis": "y", "origin": [7.29289, 6.06066, 8.17678]},
			"faces": {
				"north": {"uv": [0, 2.4, 0.5, 5], "texture": "#2"},
				"east": {"uv": [1.2, 2.4, 1.7, 5], "texture": "#2"},
				"south": {"uv": [2.4, 2.4, 2.9, 5], "texture": "#2"},
				"west": {"uv": [3.6, 2.4, 4.1, 5], "texture": "#2"}
			}
		},
		{
			"from": [7.985, 8.20948, -1.74647],
			"to": [8.015, 13.20948, 7.50353],
			"rotation": {"angle": -22.5, "axis": "x", "origin": [7.985, 10.95948, -1.74647]},
			"faces": {
				"east": {"uv": [3.7, 0, 0, 2], "texture": "#2"},
				"west": {"uv": [0, 0, 3.7, 2], "texture": "#2"}
			}
		},
		{
			"from": [7.23464, 12.75, 2.25],
			"to": [7.26464, 14.75, 6.25],
			"rotation": {"angle": 0, "axis": "y", "origin": [7.23464, 11.75, 2.25]},
			"faces": {
				"east": {"uv": [10.66667, 10.66667, 5.33333, 13.33333], "texture": "#3"},
				"west": {"uv": [5.33333, 10.66667, 10.66667, 13.33333], "texture": "#3"}
			}
		},
		{
			"from": [7.80866, 14.63582, 2.25],
			"to": [7.83866, 16.63582, 6.25],
			"rotation": {"angle": -22.5, "axis": "z", "origin": [7.80866, 16.13582, 4.25]},
			"faces": {
				"east": {"uv": [10.66667, 8, 5.33333, 10.66667], "texture": "#3"},
				"west": {"uv": [5.33333, 8, 10.66667, 10.66667], "texture": "#3"}
			}
		},
		{
			"from": [7.61732, 10.82612, 2.25],
			"to": [7.64732, 12.82612, 6.25],
			"rotation": {"angle": 22.5, "axis": "z", "origin": [7.61732, 11.82612, 4.25]},
			"faces": {
				"east": {"uv": [10.66667, 13.33333, 5.33333, 16], "texture": "#3"},
				"west": {"uv": [5.33333, 13.33333, 10.66667, 16], "texture": "#3"}
			}
		},
		{
			"from": [8.16362, 14.62434, 2.25],
			"to": [8.19362, 16.62434, 6.25],
			"rotation": {"angle": 22.5, "axis": "z", "origin": [8.16362, 16.12434, 4.25]},
			"faces": {
				"east": {"uv": [10.66667, 8, 16, 10.66667], "texture": "#3"},
				"west": {"uv": [16, 8, 10.66667, 10.66667], "texture": "#3"}
			}
		},
		{
			"from": [8.73536, 12.75, 2.25],
			"to": [8.76536, 14.75, 6.25],
			"rotation": {"angle": 0, "axis": "y", "origin": [8.73536, 11.75, 2.25]},
			"faces": {
				"east": {"uv": [10.66667, 10.66667, 16, 13.33333], "texture": "#3"},
				"west": {"uv": [16, 10.66667, 10.66667, 13.33333], "texture": "#3"}
			}
		},
		{
			"from": [8.35496, 10.8376, 2.25],
			"to": [8.38496, 12.8376, 6.25],
			"rotation": {"angle": -22.5, "axis": "z", "origin": [8.35496, 11.8376, 4.25]},
			"faces": {
				"east": {"uv": [10.66667, 13.33333, 16, 16], "texture": "#3"},
				"west": {"uv": [16, 13.33333, 10.66667, 16], "texture": "#3"}
			}
		},
		{
			"from": [8.16362, 14.12434, -1.75],
			"to": [8.19362, 16.12434, 2.25],
			"rotation": {"angle": 22.5, "axis": "z", "origin": [8.16362, 15.62434, 0.25]},
			"faces": {
				"east": {"uv": [0, 0, 5.33333, 2.66667], "texture": "#3"},
				"west": {"uv": [5.33333, 0, 0, 2.66667], "texture": "#3"}
			}
		},
		{
			"from": [8.73536, 10.25, -1.75],
			"to": [8.76536, 14.25, 2.25],
			"rotation": {"angle": 0, "axis": "y", "origin": [8.73536, 11.25, -1.75]},
			"faces": {
				"east": {"uv": [5.33333, 0, 10.66667, 5.33333], "texture": "#3"},
				"west": {"uv": [10.66667, 0, 5.33333, 5.33333], "texture": "#3"}
			}
		},
		{
			"from": [8.35496, 8.3376, -1.75],
			"to": [8.38496, 10.3376, 2.25],
			"rotation": {"angle": -22.5, "axis": "z", "origin": [8.35496, 9.3376, 0.25]},
			"faces": {
				"east": {"uv": [5.33333, 5.33333, 10.66667, 8], "texture": "#3"},
				"west": {"uv": [10.66667, 5.33333, 5.33333, 8], "texture": "#3"}
			}
		},
		{
			"from": [7.80866, 14.13582, -1.75],
			"to": [7.83866, 16.13582, 2.25],
			"rotation": {"angle": -22.5, "axis": "z", "origin": [7.80866, 15.63582, 0.25]},
			"faces": {
				"east": {"uv": [5.33333, 5.33333, 0, 8], "texture": "#3"},
				"west": {"uv": [0, 5.33333, 5.33333, 8], "texture": "#3"}
			}
		},
		{
			"from": [7.23464, 10.25, -1.75],
			"to": [7.26464, 14.25, 2.25],
			"rotation": {"angle": 0, "axis": "y", "origin": [7.23464, 11.25, -1.75]},
			"faces": {
				"east": {"uv": [5.33333, 8, 0, 13.33333], "texture": "#3"},
				"west": {"uv": [0, 8, 5.33333, 13.33333], "texture": "#3"}
			}
		},
		{
			"from": [7.61732, 8.32612, -1.75],
			"to": [7.64732, 10.32612, 2.25],
			"rotation": {"angle": 22.5, "axis": "z", "origin": [7.61732, 9.32612, 0.25]},
			"faces": {
				"east": {"uv": [5.33333, 13.33333, 0, 16], "texture": "#3"},
				"west": {"uv": [0, 13.33333, 5.33333, 16], "texture": "#3"}
			}
		}
	],
	"gui_light": "front",
	"display": {
		"thirdperson_righthand": {
			"translation": [0, 3.75, 0.75]
		},
		"thirdperson_lefthand": {
			"translation": [0, 3.75, 0.75]
		},
		"firstperson_righthand": {
			"rotation": [10, 0, 0],
			"translation": [2, 2, 0],
			"scale": [0.7, 0.7, 0.7]
		},
		"firstperson_lefthand": {
			"rotation": [10, 0, 0],
			"translation": [2, 2, 0],
			"scale": [0.7, 0.7, 0.7]
		},
		"ground": {
			"rotation": [-45, 0, 0],
			"translation": [0, 3, 0],
			"scale": [0.7, 0.7, 0.7]
		},
		"gui": {
			"rotation": [-90, 45, 90],
			"translation": [1, -1, 0],
			"scale": [0.7, 0.7, 0.7]
		},
		"head": {
			"rotation": [0, -90, 0]
		},
		"fixed": {
			"rotation": [0, -90, 0],
			"translation": [0, 0, -1.75],
			"scale": [2, 2, 2]
		}
	},
	"groups": [
		{
			"name": "hoe",
			"origin": [8, 6, 9.75],
			"color": 0,
			"children": [
				0,
				1,
				2,
				3,
				4,
				5,
				6,
				7,
				8,
				9,
				10,
				11,
				12,
				13,
				14,
				15,
				16,
				17,
				18,
				19,
				20,
				21,
				22,
				23,
				24,
				25,
				26,
				27,
				28,
				29,
				30,
				31,
				32,
				33,
				34,
				35,
				36,
				37,
				38,
				39,
				40,
				41,
				42,
				43,
				44,
				45,
				46,
				47,
				48,
				49,
				50,
				51,
				52,
				53,
				54,
				55,
				56,
				57,
				58,
				59,
				60,
				61,
				62,
				63,
				64,
				65,
				66,
				67,
				68,
				69,
				70,
				71,
				72,
				73,
				74,
				75
			]
		}
	]
}