{
    "credit": "Pologony Creation Co.,Ltd.",
    "texture_size": [
        12,
        12
    ],
    "textures": {
        "1": "item/merrychristmas2024set/animated/key_1",
        "5": "item/merrychristmas2024set/key",
        "particle": "item/merrychristmas2024set/animated/key_1"
    },
    "elements": [
        {
            "from": [
                7.5,
                11.09987,
                3.40013
            ],
            "to": [
                8.5,
                12.59987,
                4.90013
            ],
            "rotation": {
                "angle": -45,
                "axis": "x",
                "origin": [
                    8,
                    8,
                    8
                ]
            },
            "faces": {
                "north": {
                    "uv": [
                        0.44444,
                        9.77778,
                        0,
                        10.44444
                    ],
                    "rotation": 180,
                    "texture": "#5"
                },
                "east": {
                    "uv": [
                        5.77778,
                        6.66667,
                        6.44444,
                        7.33333
                    ],
                    "rotation": 270,
                    "texture": "#5"
                },
                "south": {
                    "uv": [
                        9.33333,
                        10,
                        8.88889,
                        9.33333
                    ],
                    "texture": "#5"
                },
                "west": {
                    "uv": [
                        0,
                        7.11111,
                        0.66667,
                        7.77778
                    ],
                    "rotation": 90,
                    "texture": "#5"
                },
                "up": {
                    "uv": [
                        5.33333,
                        9.33333,
                        5.77778,
                        10
                    ],
                    "rotation": 180,
                    "texture": "#5"
                },
                "down": {
                    "uv": [
                        8,
                        9.33333,
                        8.44444,
                        10
                    ],
                    "texture": "#5"
                }
            }
        },
        {
            "from": [
                7.25,
                11.34987,
                3.65013
            ],
            "to": [
                8.75,
                12.34987,
                4.65013
            ],
            "rotation": {
                "angle": -45,
                "axis": "x",
                "origin": [
                    8,
                    8,
                    8
                ]
            },
            "faces": {
                "north": {
                    "uv": [
                        10.44444,
                        9.33333,
                        9.77778,
                        9.77778
                    ],
                    "rotation": 180,
                    "texture": "#5"
                },
                "east": {
                    "uv": [
                        8.88889,
                        10.66667,
                        9.33333,
                        11.11111
                    ],
                    "rotation": 270,
                    "texture": "#5"
                },
                "south": {
                    "uv": [
                        10.44444,
                        8.88889,
                        9.77778,
                        8.44444
                    ],
                    "texture": "#5"
                },
                "west": {
                    "uv": [
                        4,
                        11.11111,
                        4.44444,
                        11.55556
                    ],
                    "rotation": 90,
                    "texture": "#5"
                },
                "up": {
                    "uv": [
                        9.77778,
                        6.66667,
                        10.44444,
                        7.11111
                    ],
                    "rotation": 180,
                    "texture": "#5"
                },
                "down": {
                    "uv": [
                        9.77778,
                        7.55556,
                        10.44444,
                        8
                    ],
                    "texture": "#5"
                }
            }
        },
        {
            "from": [
                7.25,
                7.25,
                3.11612
            ],
            "to": [
                8.75,
                8.75,
                3.61612
            ],
            "rotation": {
                "angle": -45,
                "axis": "z",
                "origin": [
                    8,
                    8,
                    8
                ]
            },
            "faces": {
                "north": {
                    "uv": [
                        7.77778,
                        4.88889,
                        7.11111,
                        5.55556
                    ],
                    "rotation": 180,
                    "texture": "#5"
                },
                "east": {
                    "uv": [
                        3.11111,
                        12,
                        3.77778,
                        12.22222
                    ],
                    "rotation": 270,
                    "texture": "#5"
                },
                "south": {
                    "uv": [
                        7.77778,
                        4.22222,
                        7.11111,
                        3.55556
                    ],
                    "texture": "#5"
                },
                "west": {
                    "uv": [
                        9.33333,
                        12,
                        10,
                        12.22222
                    ],
                    "rotation": 90,
                    "texture": "#5"
                },
                "up": {
                    "uv": [
                        1.77778,
                        12,
                        2.44444,
                        12.22222
                    ],
                    "rotation": 180,
                    "texture": "#5"
                },
                "down": {
                    "uv": [
                        6.22222,
                        12,
                        6.88889,
                        12.22222
                    ],
                    "texture": "#5"
                }
            }
        },
        {
            "from": [
                7.25,
                7.25,
                4.61612
            ],
            "to": [
                8.75,
                8.75,
                5.11612
            ],
            "rotation": {
                "angle": -45,
                "axis": "z",
                "origin": [
                    8,
                    8,
                    8
                ]
            },
            "faces": {
                "north": {
                    "uv": [
                        8.22222,
                        0.88889,
                        7.55556,
                        1.55556
                    ],
                    "rotation": 180,
                    "texture": "#5"
                },
                "east": {
                    "uv": [
                        12.44444,
                        3.55556,
                        13.11111,
                        3.77778
                    ],
                    "rotation": 270,
                    "texture": "#5"
                },
                "south": {
                    "uv": [
                        7.77778,
                        6.88889,
                        7.11111,
                        6.22222
                    ],
                    "texture": "#5"
                },
                "west": {
                    "uv": [
                        12.44444,
                        6.22222,
                        13.11111,
                        6.44444
                    ],
                    "rotation": 90,
                    "texture": "#5"
                },
                "up": {
                    "uv": [
                        12.44444,
                        2.66667,
                        13.11111,
                        2.88889
                    ],
                    "rotation": 180,
                    "texture": "#5"
                },
                "down": {
                    "uv": [
                        4.44444,
                        12.44444,
                        5.11111,
                        12.66667
                    ],
                    "texture": "#5"
                }
            }
        },
        {
            "from": [
                7.375,
                7.375,
                3.61612
            ],
            "to": [
                8.625,
                8.625,
                4.61612
            ],
            "rotation": {
                "angle": -45,
                "axis": "z",
                "origin": [
                    8,
                    8,
                    8
                ]
            },
            "faces": {
                "east": {
                    "uv": [
                        10.22222,
                        5.33333,
                        10.77778,
                        5.77778
                    ],
                    "rotation": 270,
                    "texture": "#5"
                },
                "west": {
                    "uv": [
                        9.77778,
                        10.22222,
                        10.33333,
                        10.66667
                    ],
                    "rotation": 90,
                    "texture": "#5"
                },
                "up": {
                    "uv": [
                        10.22222,
                        4.44444,
                        10.77778,
                        4.88889
                    ],
                    "rotation": 180,
                    "texture": "#5"
                },
                "down": {
                    "uv": [
                        6.22222,
                        10.22222,
                        6.77778,
                        10.66667
                    ],
                    "texture": "#5"
                }
            }
        },
        {
            "from": [
                7.25,
                9.95343,
                9.45343
            ],
            "to": [
                8.75,
                11.95343,
                9.95343
            ],
            "rotation": {
                "angle": 45,
                "axis": "x",
                "origin": [
                    8,
                    8,
                    8
                ]
            },
            "faces": {
                "north": {
                    "uv": [
                        2.44444,
                        4.88889,
                        1.77778,
                        5.77778
                    ],
                    "rotation": 180,
                    "texture": "#5"
                },
                "east": {
                    "uv": [
                        11.11111,
                        8,
                        12,
                        8.22222
                    ],
                    "rotation": 270,
                    "texture": "#5"
                },
                "south": {
                    "uv": [
                        5.55556,
                        2.22222,
                        4.88889,
                        1.33333
                    ],
                    "texture": "#5"
                },
                "west": {
                    "uv": [
                        11.11111,
                        8.88889,
                        12,
                        9.11111
                    ],
                    "rotation": 90,
                    "texture": "#5"
                }
            }
        },
        {
            "from": [
                7.25,
                4.04658,
                11.95343
            ],
            "to": [
                8.75,
                6.04658,
                12.45343
            ],
            "rotation": {
                "angle": -45,
                "axis": "x",
                "origin": [
                    8,
                    8,
                    8
                ]
            },
            "faces": {
                "north": {
                    "uv": [
                        5.11111,
                        4.88889,
                        4.44444,
                        5.77778
                    ],
                    "rotation": 180,
                    "texture": "#5"
                },
                "east": {
                    "uv": [
                        9.77778,
                        11.11111,
                        10.66667,
                        11.33333
                    ],
                    "rotation": 270,
                    "texture": "#5"
                },
                "south": {
                    "uv": [
                        3.77778,
                        5.77778,
                        3.11111,
                        4.88889
                    ],
                    "texture": "#5"
                },
                "west": {
                    "uv": [
                        11.11111,
                        9.77778,
                        12,
                        10
                    ],
                    "rotation": 90,
                    "texture": "#5"
                },
                "down": {
                    "uv": [
                        12.44444,
                        7.11111,
                        13.11111,
                        7.33333
                    ],
                    "texture": "#5"
                }
            }
        },
        {
            "from": [
                7.25,
                11.95343,
                9.45343
            ],
            "to": [
                8.75,
                12.45343,
                9.95343
            ],
            "rotation": {
                "angle": 45,
                "axis": "x",
                "origin": [
                    8,
                    8,
                    8
                ]
            },
            "faces": {
                "north": {
                    "uv": [
                        13.11111,
                        8.88889,
                        12.44444,
                        9.11111
                    ],
                    "rotation": 180,
                    "texture": "#5"
                },
                "east": {
                    "uv": [
                        14.22222,
                        0,
                        14.44444,
                        0.22222
                    ],
                    "rotation": 270,
                    "texture": "#5"
                },
                "west": {
                    "uv": [
                        14.22222,
                        0.88889,
                        14.44444,
                        1.11111
                    ],
                    "rotation": 90,
                    "texture": "#5"
                },
                "up": {
                    "uv": [
                        12.44444,
                        8,
                        13.11111,
                        8.22222
                    ],
                    "rotation": 180,
                    "texture": "#5"
                }
            }
        },
        {
            "from": [
                7.25,
                11.95343,
                11.95343
            ],
            "to": [
                8.75,
                12.45343,
                12.45343
            ],
            "rotation": {
                "angle": 45,
                "axis": "x",
                "origin": [
                    8,
                    8,
                    8
                ]
            },
            "faces": {
                "north": {
                    "uv": [
                        13.11111,
                        10.66667,
                        12.44444,
                        10.88889
                    ],
                    "rotation": 180,
                    "texture": "#5"
                },
                "east": {
                    "uv": [
                        14.22222,
                        1.77778,
                        14.44444,
                        2
                    ],
                    "rotation": 270,
                    "texture": "#5"
                },
                "south": {
                    "uv": [
                        11.33333,
                        12.66667,
                        10.66667,
                        12.44444
                    ],
                    "texture": "#5"
                },
                "west": {
                    "uv": [
                        4,
                        14.22222,
                        4.22222,
                        14.44444
                    ],
                    "rotation": 90,
                    "texture": "#5"
                },
                "up": {
                    "uv": [
                        12.44444,
                        9.77778,
                        13.11111,
                        10
                    ],
                    "rotation": 180,
                    "texture": "#5"
                }
            }
        },
        {
            "from": [
                7.25,
                9.45343,
                9.45343
            ],
            "to": [
                8.75,
                9.95343,
                9.95343
            ],
            "rotation": {
                "angle": 45,
                "axis": "x",
                "origin": [
                    8,
                    8,
                    8
                ]
            },
            "faces": {
                "north": {
                    "uv": [
                        12.66667,
                        12.44444,
                        12,
                        12.66667
                    ],
                    "rotation": 180,
                    "texture": "#5"
                },
                "east": {
                    "uv": [
                        14.22222,
                        4.44444,
                        14.44444,
                        4.66667
                    ],
                    "rotation": 270,
                    "texture": "#5"
                },
                "west": {
                    "uv": [
                        14.22222,
                        5.33333,
                        14.44444,
                        5.55556
                    ],
                    "rotation": 90,
                    "texture": "#5"
                },
                "down": {
                    "uv": [
                        12.44444,
                        11.55556,
                        13.11111,
                        11.77778
                    ],
                    "texture": "#5"
                }
            }
        },
        {
            "from": [
                7.25,
                9.95343,
                11.95343
            ],
            "to": [
                8.75,
                11.95343,
                12.45343
            ],
            "rotation": {
                "angle": 45,
                "axis": "x",
                "origin": [
                    8,
                    8,
                    8
                ]
            },
            "faces": {
                "north": {
                    "uv": [
                        6,
                        2.66667,
                        5.33333,
                        3.55556
                    ],
                    "rotation": 180,
                    "texture": "#5"
                },
                "east": {
                    "uv": [
                        11.11111,
                        10.66667,
                        12,
                        10.88889
                    ],
                    "rotation": 270,
                    "texture": "#5"
                },
                "south": {
                    "uv": [
                        6,
                        0.88889,
                        5.33333,
                        0
                    ],
                    "texture": "#5"
                },
                "west": {
                    "uv": [
                        11.55556,
                        0,
                        12.44444,
                        0.22222
                    ],
                    "rotation": 90,
                    "texture": "#5"
                },
                "down": {
                    "uv": [
                        12.88889,
                        0,
                        13.55556,
                        0.22222
                    ],
                    "texture": "#5"
                }
            }
        },
        {
            "from": [
                7.25,
                4.04657,
                9.45343
            ],
            "to": [
                8.75,
                6.04657,
                9.95343
            ],
            "rotation": {
                "angle": -45,
                "axis": "x",
                "origin": [
                    8,
                    8,
                    8
                ]
            },
            "faces": {
                "north": {
                    "uv": [
                        6.44444,
                        5.33333,
                        5.77778,
                        6.22222
                    ],
                    "rotation": 180,
                    "texture": "#5"
                },
                "east": {
                    "uv": [
                        11.55556,
                        0.88889,
                        12.44444,
                        1.11111
                    ],
                    "rotation": 270,
                    "texture": "#5"
                },
                "south": {
                    "uv": [
                        6.44444,
                        4.88889,
                        5.77778,
                        4
                    ],
                    "texture": "#5"
                },
                "west": {
                    "uv": [
                        11.55556,
                        1.77778,
                        12.44444,
                        2
                    ],
                    "rotation": 90,
                    "texture": "#5"
                }
            }
        },
        {
            "from": [
                7.25,
                3.54657,
                9.45343
            ],
            "to": [
                8.75,
                4.04657,
                9.95343
            ],
            "rotation": {
                "angle": -45,
                "axis": "x",
                "origin": [
                    8,
                    8,
                    8
                ]
            },
            "faces": {
                "north": {
                    "uv": [
                        2.44444,
                        12.88889,
                        1.77778,
                        13.11111
                    ],
                    "rotation": 180,
                    "texture": "#5"
                },
                "east": {
                    "uv": [
                        10.66667,
                        14.22222,
                        10.88889,
                        14.44444
                    ],
                    "rotation": 270,
                    "texture": "#5"
                },
                "west": {
                    "uv": [
                        11.55556,
                        14.22222,
                        11.77778,
                        14.44444
                    ],
                    "rotation": 90,
                    "texture": "#5"
                },
                "down": {
                    "uv": [
                        12.88889,
                        0.88889,
                        13.55556,
                        1.11111
                    ],
                    "texture": "#5"
                }
            }
        },
        {
            "from": [
                7.5,
                9.70343,
                9.70343
            ],
            "to": [
                8.5,
                12.20343,
                12.20343
            ],
            "rotation": {
                "angle": 45,
                "axis": "x",
                "origin": [
                    8,
                    8,
                    8
                ]
            },
            "faces": {
                "east": {
                    "uv": [
                        0,
                        0,
                        1.11111,
                        1.11111
                    ],
                    "rotation": 270,
                    "texture": "#5"
                },
                "west": {
                    "uv": [
                        0,
                        1.77778,
                        1.11111,
                        2.88889
                    ],
                    "rotation": 90,
                    "texture": "#5"
                }
            }
        },
        {
            "from": [
                7.25,
                7.25,
                10.11612
            ],
            "to": [
                8.75,
                8.75,
                10.61612
            ],
            "rotation": {
                "angle": -45,
                "axis": "z",
                "origin": [
                    8,
                    8,
                    8
                ]
            },
            "faces": {
                "north": {
                    "uv": [
                        3.33333,
                        7.55556,
                        2.66667,
                        8.22222
                    ],
                    "rotation": 180,
                    "texture": "#5"
                },
                "east": {
                    "uv": [
                        3.11111,
                        12.88889,
                        3.77778,
                        13.11111
                    ],
                    "rotation": 270,
                    "texture": "#5"
                },
                "south": {
                    "uv": [
                        2,
                        8.22222,
                        1.33333,
                        7.55556
                    ],
                    "texture": "#5"
                },
                "west": {
                    "uv": [
                        12.88889,
                        5.33333,
                        13.55556,
                        5.55556
                    ],
                    "rotation": 90,
                    "texture": "#5"
                },
                "up": {
                    "uv": [
                        12.88889,
                        1.77778,
                        13.55556,
                        2
                    ],
                    "rotation": 180,
                    "texture": "#5"
                },
                "down": {
                    "uv": [
                        12.88889,
                        4.44444,
                        13.55556,
                        4.66667
                    ],
                    "texture": "#5"
                }
            }
        },
        {
            "from": [
                7.375,
                7.375,
                9.11612
            ],
            "to": [
                8.625,
                8.625,
                10.11612
            ],
            "rotation": {
                "angle": -45,
                "axis": "z",
                "origin": [
                    8,
                    8,
                    8
                ]
            },
            "faces": {
                "east": {
                    "uv": [
                        7.55556,
                        10.66667,
                        8.11111,
                        11.11111
                    ],
                    "rotation": 270,
                    "texture": "#5"
                },
                "west": {
                    "uv": [
                        1.33333,
                        11.11111,
                        1.88889,
                        11.55556
                    ],
                    "rotation": 90,
                    "texture": "#5"
                },
                "up": {
                    "uv": [
                        4.88889,
                        10.66667,
                        5.44444,
                        11.11111
                    ],
                    "rotation": 180,
                    "texture": "#5"
                },
                "down": {
                    "uv": [
                        0,
                        11.11111,
                        0.55556,
                        11.55556
                    ],
                    "texture": "#5"
                }
            }
        },
        {
            "from": [
                7.25,
                7.25,
                8.61612
            ],
            "to": [
                8.75,
                8.75,
                9.11612
            ],
            "rotation": {
                "angle": -45,
                "axis": "z",
                "origin": [
                    8,
                    8,
                    8
                ]
            },
            "faces": {
                "north": {
                    "uv": [
                        7.77778,
                        7.55556,
                        7.11111,
                        8.22222
                    ],
                    "rotation": 180,
                    "texture": "#5"
                },
                "east": {
                    "uv": [
                        7.11111,
                        12.88889,
                        7.77778,
                        13.11111
                    ],
                    "rotation": 270,
                    "texture": "#5"
                },
                "south": {
                    "uv": [
                        4.66667,
                        8.22222,
                        4,
                        7.55556
                    ],
                    "texture": "#5"
                },
                "west": {
                    "uv": [
                        0,
                        13.33333,
                        0.66667,
                        13.55556
                    ],
                    "rotation": 90,
                    "texture": "#5"
                },
                "up": {
                    "uv": [
                        5.77778,
                        12.88889,
                        6.44444,
                        13.11111
                    ],
                    "rotation": 180,
                    "texture": "#5"
                },
                "down": {
                    "uv": [
                        8.44444,
                        12.88889,
                        9.11111,
                        13.11111
                    ],
                    "texture": "#5"
                }
            }
        },
        {
            "from": [
                7.5,
                7.5,
                5.11612
            ],
            "to": [
                8.5,
                8.5,
                8.61612
            ],
            "rotation": {
                "angle": -45,
                "axis": "z",
                "origin": [
                    8,
                    8,
                    8
                ]
            },
            "faces": {
                "east": {
                    "uv": [
                        4.44444,
                        2.66667,
                        4.88889,
                        4.22222
                    ],
                    "rotation": 270,
                    "texture": "#5"
                },
                "west": {
                    "uv": [
                        0.88889,
                        4.88889,
                        1.33333,
                        6.44444
                    ],
                    "rotation": 90,
                    "texture": "#5"
                },
                "up": {
                    "uv": [
                        3.55556,
                        2.66667,
                        4,
                        4.22222
                    ],
                    "rotation": 180,
                    "texture": "#5"
                },
                "down": {
                    "uv": [
                        0,
                        4.88889,
                        0.44444,
                        6.44444
                    ],
                    "texture": "#5"
                }
            }
        },
        {
            "from": [
                7.375,
                7.375,
                6.61612
            ],
            "to": [
                8.625,
                8.625,
                7.11612
            ],
            "rotation": {
                "angle": -45,
                "axis": "z",
                "origin": [
                    8,
                    8,
                    8
                ]
            },
            "faces": {
                "north": {
                    "uv": [
                        9,
                        8,
                        8.44444,
                        8.55556
                    ],
                    "rotation": 180,
                    "texture": "#5"
                },
                "east": {
                    "uv": [
                        1.33333,
                        13.77778,
                        1.88889,
                        14
                    ],
                    "rotation": 270,
                    "texture": "#5"
                },
                "south": {
                    "uv": [
                        9,
                        7.22222,
                        8.44444,
                        6.66667
                    ],
                    "texture": "#5"
                },
                "west": {
                    "uv": [
                        13.77778,
                        2.66667,
                        14.33333,
                        2.88889
                    ],
                    "rotation": 90,
                    "texture": "#5"
                },
                "up": {
                    "uv": [
                        12.88889,
                        13.33333,
                        13.44444,
                        13.55556
                    ],
                    "rotation": 180,
                    "texture": "#5"
                },
                "down": {
                    "uv": [
                        2.66667,
                        13.77778,
                        3.22222,
                        14
                    ],
                    "texture": "#5"
                }
            }
        },
        {
            "from": [
                5,
                6.75,
                11
            ],
            "to": [
                7,
                8.25,
                13
            ],
            "rotation": {
                "angle": 22.5,
                "axis": "z",
                "origin": [
                    6,
                    8.5,
                    12.0625
                ]
            },
            "faces": {
                "north": {
                    "uv": [
                        6.22222,
                        1.33333,
                        7.11111,
                        2
                    ],
                    "texture": "#5"
                },
                "east": {
                    "uv": [
                        1.77778,
                        6.22222,
                        2.66667,
                        6.88889
                    ],
                    "texture": "#5"
                },
                "south": {
                    "uv": [
                        3.11111,
                        6.22222,
                        4,
                        6.88889
                    ],
                    "texture": "#5"
                },
                "west": {
                    "uv": [
                        4.44444,
                        6.22222,
                        5.33333,
                        6.88889
                    ],
                    "texture": "#5"
                },
                "down": {
                    "uv": [
                        4.44444,
                        1.33333,
                        3.55556,
                        2.22222
                    ],
                    "texture": "#5"
                }
            }
        },
        {
            "from": [
                4.875,
                8.25,
                10.875
            ],
            "to": [
                7.125,
                9,
                13.125
            ],
            "rotation": {
                "angle": 22.5,
                "axis": "z",
                "origin": [
                    6,
                    8.5,
                    12.0625
                ]
            },
            "faces": {
                "north": {
                    "uv": [
                        8.44444,
                        3.11111,
                        9.44444,
                        3.44444
                    ],
                    "texture": "#5"
                },
                "east": {
                    "uv": [
                        8.44444,
                        4,
                        9.44444,
                        4.33333
                    ],
                    "texture": "#5"
                },
                "south": {
                    "uv": [
                        8.44444,
                        4.88889,
                        9.44444,
                        5.22222
                    ],
                    "texture": "#5"
                },
                "west": {
                    "uv": [
                        8.44444,
                        5.77778,
                        9.44444,
                        6.11111
                    ],
                    "texture": "#5"
                },
                "up": {
                    "uv": [
                        2.77778,
                        1,
                        1.77778,
                        0
                    ],
                    "texture": "#5"
                },
                "down": {
                    "uv": [
                        2.77778,
                        1.77778,
                        1.77778,
                        2.77778
                    ],
                    "texture": "#5"
                }
            }
        },
        {
            "from": [
                5.625,
                9,
                12.125
            ],
            "to": [
                6.375,
                9.75,
                12.875
            ],
            "rotation": {
                "angle": 22.5,
                "axis": "z",
                "origin": [
                    6,
                    8.5,
                    12.0625
                ]
            },
            "faces": {
                "east": {
                    "uv": [
                        13.77778,
                        3.55556,
                        14.11111,
                        3.88889
                    ],
                    "texture": "#5"
                },
                "south": {
                    "uv": [
                        5.33333,
                        13.77778,
                        5.66667,
                        14.11111
                    ],
                    "texture": "#5"
                },
                "west": {
                    "uv": [
                        6.22222,
                        13.77778,
                        6.55556,
                        14.11111
                    ],
                    "texture": "#5"
                },
                "up": {
                    "uv": [
                        14.11111,
                        6.55556,
                        13.77778,
                        6.22222
                    ],
                    "texture": "#5"
                }
            }
        },
        {
            "from": [
                5.625,
                9,
                11.125
            ],
            "to": [
                6.375,
                10,
                12.125
            ],
            "rotation": {
                "angle": 22.5,
                "axis": "z",
                "origin": [
                    6,
                    8.5,
                    12.0625
                ]
            },
            "faces": {
                "north": {
                    "uv": [
                        9.77778,
                        12.88889,
                        10.11111,
                        13.33333
                    ],
                    "texture": "#5"
                },
                "east": {
                    "uv": [
                        11.55556,
                        2.66667,
                        12,
                        3.11111
                    ],
                    "texture": "#5"
                },
                "south": {
                    "uv": [
                        4.44444,
                        13.33333,
                        4.77778,
                        13.77778
                    ],
                    "texture": "#5"
                },
                "west": {
                    "uv": [
                        11.55556,
                        3.55556,
                        12,
                        4
                    ],
                    "texture": "#5"
                },
                "up": {
                    "uv": [
                        11,
                        13.77778,
                        10.66667,
                        13.33333
                    ],
                    "texture": "#5"
                }
            }
        },
        {
            "from": [
                6.5378,
                8.81743,
                11.3625
            ],
            "to": [
                7.7878,
                8.84743,
                12.6125
            ],
            "rotation": {
                "angle": 45,
                "axis": "z",
                "origin": [
                    6,
                    8.5,
                    12.0625
                ]
            },
            "faces": {
                "up": {
                    "uv": [
                        9.44444,
                        1.44444,
                        8.88889,
                        0.88889
                    ],
                    "texture": "#5"
                },
                "down": {
                    "uv": [
                        1.88889,
                        8.88889,
                        1.33333,
                        9.44444
                    ],
                    "texture": "#5"
                }
            }
        },
        {
            "from": [
                4.2122,
                8.81743,
                11.3625
            ],
            "to": [
                5.4622,
                8.84743,
                12.6125
            ],
            "rotation": {
                "angle": 0,
                "axis": "y",
                "origin": [
                    6,
                    8.5,
                    12.0625
                ]
            },
            "faces": {
                "up": {
                    "uv": [
                        3.22222,
                        9.44444,
                        2.66667,
                        8.88889
                    ],
                    "texture": "#5"
                },
                "down": {
                    "uv": [
                        4.55556,
                        8.88889,
                        4,
                        9.44444
                    ],
                    "texture": "#5"
                }
            }
        },
        {
            "from": [
                9,
                6.75,
                11
            ],
            "to": [
                11,
                8.25,
                13
            ],
            "rotation": {
                "angle": -22.5,
                "axis": "z",
                "origin": [
                    10,
                    8.5,
                    12.0625
                ]
            },
            "faces": {
                "north": {
                    "uv": [
                        7.11111,
                        1.33333,
                        6.22222,
                        2
                    ],
                    "texture": "#5"
                },
                "east": {
                    "uv": [
                        5.33333,
                        6.22222,
                        4.44444,
                        6.88889
                    ],
                    "texture": "#5"
                },
                "south": {
                    "uv": [
                        4,
                        6.22222,
                        3.11111,
                        6.88889
                    ],
                    "texture": "#5"
                },
                "west": {
                    "uv": [
                        2.66667,
                        6.22222,
                        1.77778,
                        6.88889
                    ],
                    "texture": "#5"
                },
                "down": {
                    "uv": [
                        3.55556,
                        1.33333,
                        4.44444,
                        2.22222
                    ],
                    "texture": "#5"
                }
            }
        },
        {
            "from": [
                8.875,
                8.25,
                10.875
            ],
            "to": [
                11.125,
                9,
                13.125
            ],
            "rotation": {
                "angle": -22.5,
                "axis": "z",
                "origin": [
                    10,
                    8.5,
                    12.0625
                ]
            },
            "faces": {
                "north": {
                    "uv": [
                        9.44444,
                        3.11111,
                        8.44444,
                        3.44444
                    ],
                    "texture": "#5"
                },
                "east": {
                    "uv": [
                        9.44444,
                        5.77778,
                        8.44444,
                        6.11111
                    ],
                    "texture": "#5"
                },
                "south": {
                    "uv": [
                        9.44444,
                        4.88889,
                        8.44444,
                        5.22222
                    ],
                    "texture": "#5"
                },
                "west": {
                    "uv": [
                        9.44444,
                        4,
                        8.44444,
                        4.33333
                    ],
                    "texture": "#5"
                },
                "up": {
                    "uv": [
                        1.77778,
                        1,
                        2.77778,
                        0
                    ],
                    "texture": "#5"
                },
                "down": {
                    "uv": [
                        1.77778,
                        1.77778,
                        2.77778,
                        2.77778
                    ],
                    "texture": "#5"
                }
            }
        },
        {
            "from": [
                9.625,
                9,
                12.125
            ],
            "to": [
                10.375,
                9.75,
                12.875
            ],
            "rotation": {
                "angle": -22.5,
                "axis": "z",
                "origin": [
                    10,
                    8.5,
                    12.0625
                ]
            },
            "faces": {
                "east": {
                    "uv": [
                        6.55556,
                        13.77778,
                        6.22222,
                        14.11111
                    ],
                    "texture": "#5"
                },
                "south": {
                    "uv": [
                        5.66667,
                        13.77778,
                        5.33333,
                        14.11111
                    ],
                    "texture": "#5"
                },
                "west": {
                    "uv": [
                        14.11111,
                        3.55556,
                        13.77778,
                        3.88889
                    ],
                    "texture": "#5"
                },
                "up": {
                    "uv": [
                        13.77778,
                        6.55556,
                        14.11111,
                        6.22222
                    ],
                    "texture": "#5"
                }
            }
        },
        {
            "from": [
                9.625,
                9,
                11.125
            ],
            "to": [
                10.375,
                10,
                12.125
            ],
            "rotation": {
                "angle": -22.5,
                "axis": "z",
                "origin": [
                    10,
                    8.5,
                    12.0625
                ]
            },
            "faces": {
                "north": {
                    "uv": [
                        10.11111,
                        12.88889,
                        9.77778,
                        13.33333
                    ],
                    "texture": "#5"
                },
                "east": {
                    "uv": [
                        12,
                        3.55556,
                        11.55556,
                        4
                    ],
                    "texture": "#5"
                },
                "south": {
                    "uv": [
                        4.77778,
                        13.33333,
                        4.44444,
                        13.77778
                    ],
                    "texture": "#5"
                },
                "west": {
                    "uv": [
                        12,
                        2.66667,
                        11.55556,
                        3.11111
                    ],
                    "texture": "#5"
                },
                "up": {
                    "uv": [
                        10.66667,
                        13.77778,
                        11,
                        13.33333
                    ],
                    "texture": "#5"
                }
            }
        },
        {
            "from": [
                8.2122,
                8.81743,
                11.3625
            ],
            "to": [
                9.4622,
                8.84743,
                12.6125
            ],
            "rotation": {
                "angle": -45,
                "axis": "z",
                "origin": [
                    10,
                    8.5,
                    12.0625
                ]
            },
            "faces": {
                "up": {
                    "uv": [
                        8.88889,
                        1.44444,
                        9.44444,
                        0.88889
                    ],
                    "texture": "#5"
                },
                "down": {
                    "uv": [
                        1.33333,
                        8.88889,
                        1.88889,
                        9.44444
                    ],
                    "texture": "#5"
                }
            }
        },
        {
            "from": [
                10.5378,
                8.81743,
                11.3625
            ],
            "to": [
                11.7878,
                8.84743,
                12.6125
            ],
            "rotation": {
                "angle": 0,
                "axis": "y",
                "origin": [
                    10,
                    8.5,
                    12.0625
                ]
            },
            "faces": {
                "up": {
                    "uv": [
                        2.66667,
                        9.44444,
                        3.22222,
                        8.88889
                    ],
                    "texture": "#5"
                },
                "down": {
                    "uv": [
                        4,
                        8.88889,
                        4.55556,
                        9.44444
                    ],
                    "texture": "#5"
                }
            }
        },
        {
            "from": [
                8.75,
                5.03073,
                11.30448
            ],
            "to": [
                10.25,
                6.03073,
                12.80448
            ],
            "rotation": {
                "angle": 22.5,
                "axis": "z",
                "origin": [
                    9.5,
                    6.03073,
                    12.05448
                ]
            },
            "faces": {
                "north": {
                    "uv": [
                        10.22222,
                        2.66667,
                        10.88889,
                        3.11111
                    ],
                    "texture": "#5"
                },
                "east": {
                    "uv": [
                        10.22222,
                        0.88889,
                        10.88889,
                        1.33333
                    ],
                    "texture": "#5"
                },
                "south": {
                    "uv": [
                        10.22222,
                        1.77778,
                        10.88889,
                        2.22222
                    ],
                    "texture": "#5"
                },
                "west": {
                    "uv": [
                        2.22222,
                        10.22222,
                        2.88889,
                        10.66667
                    ],
                    "texture": "#5"
                },
                "up": {
                    "uv": [
                        6,
                        8.66667,
                        5.33333,
                        8
                    ],
                    "rotation": 90,
                    "texture": "#5"
                },
                "down": {
                    "uv": [
                        0.66667,
                        8.44444,
                        0,
                        9.11111
                    ],
                    "rotation": 270,
                    "texture": "#5"
                }
            }
        },
        {
            "from": [
                8.875,
                6.03073,
                11.42948
            ],
            "to": [
                10.125,
                7.03073,
                12.67948
            ],
            "rotation": {
                "angle": 22.5,
                "axis": "z",
                "origin": [
                    9.5,
                    6.03073,
                    12.05448
                ]
            },
            "faces": {
                "north": {
                    "uv": [
                        11.11111,
                        7.11111,
                        11.66667,
                        7.55556
                    ],
                    "texture": "#5"
                },
                "east": {
                    "uv": [
                        2.66667,
                        11.11111,
                        3.22222,
                        11.55556
                    ],
                    "texture": "#5"
                },
                "south": {
                    "uv": [
                        6.22222,
                        11.11111,
                        6.77778,
                        11.55556
                    ],
                    "texture": "#5"
                },
                "west": {
                    "uv": [
                        11.11111,
                        6.22222,
                        11.66667,
                        6.66667
                    ],
                    "texture": "#5"
                },
                "up": {
                    "uv": [
                        7.22222,
                        9.44444,
                        6.66667,
                        8.88889
                    ],
                    "rotation": 90,
                    "texture": "#5"
                }
            }
        },
        {
            "from": [
                5.75,
                5.03073,
                11.30448
            ],
            "to": [
                7.25,
                6.03073,
                12.80448
            ],
            "rotation": {
                "angle": -22.5,
                "axis": "z",
                "origin": [
                    6.5,
                    6.03073,
                    12.05448
                ]
            },
            "faces": {
                "north": {
                    "uv": [
                        10.88889,
                        2.66667,
                        10.22222,
                        3.11111
                    ],
                    "texture": "#5"
                },
                "east": {
                    "uv": [
                        2.88889,
                        10.22222,
                        2.22222,
                        10.66667
                    ],
                    "texture": "#5"
                },
                "south": {
                    "uv": [
                        10.88889,
                        1.77778,
                        10.22222,
                        2.22222
                    ],
                    "texture": "#5"
                },
                "west": {
                    "uv": [
                        10.88889,
                        0.88889,
                        10.22222,
                        1.33333
                    ],
                    "texture": "#5"
                },
                "up": {
                    "uv": [
                        6,
                        8,
                        5.33333,
                        8.66667
                    ],
                    "rotation": 90,
                    "texture": "#5"
                },
                "down": {
                    "uv": [
                        0.66667,
                        9.11111,
                        0,
                        8.44444
                    ],
                    "rotation": 270,
                    "texture": "#5"
                }
            }
        },
        {
            "from": [
                5.875,
                6.03073,
                11.42948
            ],
            "to": [
                7.125,
                7.03073,
                12.67948
            ],
            "rotation": {
                "angle": -22.5,
                "axis": "z",
                "origin": [
                    6.5,
                    6.03073,
                    12.05448
                ]
            },
            "faces": {
                "north": {
                    "uv": [
                        11.66667,
                        7.11111,
                        11.11111,
                        7.55556
                    ],
                    "texture": "#5"
                },
                "east": {
                    "uv": [
                        11.66667,
                        6.22222,
                        11.11111,
                        6.66667
                    ],
                    "texture": "#5"
                },
                "south": {
                    "uv": [
                        6.77778,
                        11.11111,
                        6.22222,
                        11.55556
                    ],
                    "texture": "#5"
                },
                "west": {
                    "uv": [
                        3.22222,
                        11.11111,
                        2.66667,
                        11.55556
                    ],
                    "texture": "#5"
                },
                "up": {
                    "uv": [
                        7.22222,
                        8.88889,
                        6.66667,
                        9.44444
                    ],
                    "rotation": 90,
                    "texture": "#5"
                }
            }
        },
        {
            "from": [
                7.75,
                5.875,
                1.80546
            ],
            "to": [
                8.25,
                7.875,
                2.30546
            ],
            "rotation": {
                "angle": 0,
                "axis": "y",
                "origin": [
                    8,
                    8,
                    8
                ]
            },
            "faces": {
                "north": {
                    "uv": [
                        8.66667,
                        11.55556,
                        8.44444,
                        12.44444
                    ],
                    "rotation": 180,
                    "texture": "#5"
                },
                "east": {
                    "uv": [
                        11.55556,
                        4.44444,
                        12.44444,
                        4.66667
                    ],
                    "rotation": 270,
                    "texture": "#5"
                },
                "south": {
                    "uv": [
                        7.77778,
                        12.44444,
                        7.55556,
                        11.55556
                    ],
                    "texture": "#5"
                },
                "west": {
                    "uv": [
                        4.88889,
                        11.55556,
                        5.77778,
                        11.77778
                    ],
                    "rotation": 90,
                    "texture": "#5"
                },
                "down": {
                    "uv": [
                        14.22222,
                        13.33333,
                        14.44444,
                        13.55556
                    ],
                    "texture": "#5"
                }
            }
        },
        {
            "from": [
                7.75,
                5.875,
                2.80546
            ],
            "to": [
                8.25,
                7.875,
                3.30546
            ],
            "rotation": {
                "angle": 0,
                "axis": "y",
                "origin": [
                    8,
                    8,
                    8
                ]
            },
            "faces": {
                "north": {
                    "uv": [
                        1.11111,
                        12,
                        0.88889,
                        12.88889
                    ],
                    "rotation": 180,
                    "texture": "#5"
                },
                "east": {
                    "uv": [
                        11.55556,
                        5.33333,
                        12.44444,
                        5.55556
                    ],
                    "rotation": 270,
                    "texture": "#5"
                },
                "south": {
                    "uv": [
                        0.22222,
                        12.88889,
                        0,
                        12
                    ],
                    "texture": "#5"
                },
                "west": {
                    "uv": [
                        11.11111,
                        11.55556,
                        12,
                        11.77778
                    ],
                    "rotation": 90,
                    "texture": "#5"
                },
                "down": {
                    "uv": [
                        0.88889,
                        14.66667,
                        1.11111,
                        14.88889
                    ],
                    "texture": "#5"
                }
            }
        },
        {
            "from": [
                7.75,
                6.375,
                2.30546
            ],
            "to": [
                8.25,
                7.875,
                2.80546
            ],
            "rotation": {
                "angle": 0,
                "axis": "y",
                "origin": [
                    8,
                    8,
                    8
                ]
            },
            "faces": {
                "east": {
                    "uv": [
                        11.55556,
                        13.33333,
                        12.22222,
                        13.55556
                    ],
                    "rotation": 270,
                    "texture": "#5"
                },
                "west": {
                    "uv": [
                        13.33333,
                        12.44444,
                        14,
                        12.66667
                    ],
                    "rotation": 90,
                    "texture": "#5"
                },
                "down": {
                    "uv": [
                        14.22222,
                        14.22222,
                        14.44444,
                        14.44444
                    ],
                    "texture": "#5"
                }
            }
        },
        {
            "from": [
                8.1,
                6.68579,
                3.5
            ],
            "to": [
                9.9,
                8.48579,
                10.5
            ],
            "rotation": {
                "angle": 45,
                "axis": "z",
                "origin": [
                    8,
                    6.58579,
                    3
                ]
            },
            "faces": {
                "east": {
                    "uv": [
                        0,
                        0,
                        9.33333,
                        2.66667
                    ],
                    "texture": "#1"
                },
                "west": {
                    "uv": [
                        0,
                        2.66667,
                        9.33333,
                        5.33333
                    ],
                    "texture": "#1"
                },
                "up": {
                    "uv": [
                        2.66667,
                        14.66667,
                        0,
                        5.33333
                    ],
                    "texture": "#1"
                },
                "down": {
                    "uv": [
                        5.33333,
                        5.33333,
                        2.66667,
                        14.66667
                    ],
                    "texture": "#1"
                }
            }
        }
    ],
    "gui_light": "front",
    "display": {
        "thirdperson_righthand": {
            "rotation": [
                90,
                0,
                0
            ],
            "translation": [
                0,
                5,
                0.75
            ]
        },
        "thirdperson_lefthand": {
            "rotation": [
                90,
                0,
                0
            ],
            "translation": [
                0,
                5,
                0.75
            ]
        },
        "firstperson_righthand": {
            "rotation": [
                64,
                0,
                -12
            ],
            "translation": [
                1.25,
                5.5,
                1.75
            ],
            "scale": [
                0.7,
                0.7,
                0.7
            ]
        },
        "firstperson_lefthand": {
            "rotation": [
                64,
                0,
                -12
            ],
            "translation": [
                1.25,
                5.5,
                1.75
            ],
            "scale": [
                0.7,
                0.7,
                0.7
            ]
        },
        "ground": {
            "rotation": [
                45,
                0,
                0
            ],
            "translation": [
                0,
                3,
                0
            ],
            "scale": [
                0.7,
                0.7,
                0.7
            ]
        },
        "gui": {
            "rotation": [
                -90,
                135,
                90
            ],
            "translation": [
                0.75,
                0.75,
                0
            ],
            "scale": [
                1.5,
                1.5,
                1.5
            ]
        },
        "head": {
            "rotation": [
                0,
                -90,
                0
            ]
        },
        "fixed": {
            "rotation": [
                0,
                -90,
                0
            ],
            "translation": [
                0,
                0,
                -1.75
            ],
            "scale": [
                2,
                2,
                2
            ]
        }
    },
    "groups": [
        {
            "name": "sword",
            "origin": [
                8,
                6,
                9.75
            ],
            "color": 0,
            "children": [
                0,
                1,
                2,
                3,
                4,
                5,
                6,
                7,
                8,
                9,
                10,
                11,
                12,
                13,
                14,
                15,
                16,
                17,
                18,
                19,
                20,
                21,
                22,
                23,
                24,
                25,
                26,
                27,
                28,
                29,
                30,
                31,
                32,
                33,
                34,
                35,
                36,
                37,
                38
            ]
        }
    ]
}