{
	"credit": "Pologony Creation Co.,Ltd.",
	"textures": {
		"1": "item/merrychristmas2024set/animated/pickaxe_1",
		"3": "item/merrychristmas2024set/pickaxe",
		"particle": "item/merrychristmas2024set/animated/pickaxe_1"
	},
	"elements": [
		{
			"from": [7.5, -2.75, 7.25],
			"to": [8.5, -1.25, 8.75],
			"rotation": {"angle": -45, "axis": "x", "origin": [8, -2, 8]},
			"faces": {
				"north": {"uv": [3.6, 11.2, 4, 11.8], "texture": "#3"},
				"east": {"uv": [9.2, 6.4, 9.8, 7], "texture": "#3"},
				"south": {"uv": [8.8, 11.2, 9.2, 11.8], "texture": "#3"},
				"west": {"uv": [9.6, 2, 10.2, 2.6], "texture": "#3"},
				"up": {"uv": [10, 11.8, 9.6, 11.2], "texture": "#3"},
				"down": {"uv": [11.6, 9.6, 11.2, 10.2], "texture": "#3"}
			}
		},
		{
			"from": [7.25, -2.5, 7.5],
			"to": [8.75, -1.5, 8.5],
			"rotation": {"angle": -45, "axis": "x", "origin": [8, -2, 8]},
			"faces": {
				"north": {"uv": [11.2, 10.8, 11.8, 11.2], "texture": "#3"},
				"east": {"uv": [6, 12.4, 6.4, 12.8], "texture": "#3"},
				"south": {"uv": [1.2, 11.6, 1.8, 12], "texture": "#3"},
				"west": {"uv": [10, 12.4, 10.4, 12.8], "texture": "#3"},
				"up": {"uv": [12.2, 2.4, 11.6, 2], "texture": "#3"},
				"down": {"uv": [12.2, 2.8, 11.6, 3.2], "texture": "#3"}
			}
		},
		{
			"from": [7.25, -1.43934, 7.25],
			"to": [8.75, -0.93934, 8.75],
			"rotation": {"angle": -45, "axis": "y", "origin": [8, -1.18934, 8]},
			"faces": {
				"north": {"uv": [1.2, 13.2, 1.8, 13.4], "texture": "#3"},
				"east": {"uv": [2.4, 13.2, 3, 13.4], "texture": "#3"},
				"south": {"uv": [3.6, 13.2, 4.2, 13.4], "texture": "#3"},
				"west": {"uv": [4.8, 13.2, 5.4, 13.4], "texture": "#3"},
				"up": {"uv": [10.2, 3.8, 9.6, 3.2], "texture": "#3"},
				"down": {"uv": [5, 9.6, 4.4, 10.2], "texture": "#3"}
			}
		},
		{
			"from": [7.25, 0.06066, 7.25],
			"to": [8.75, 0.56066, 8.75],
			"rotation": {"angle": -45, "axis": "y", "origin": [8, 0.31066, 8]},
			"faces": {
				"north": {"uv": [13.2, 5.2, 13.8, 5.4], "texture": "#3"},
				"east": {"uv": [13.2, 6, 13.8, 6.2], "texture": "#3"},
				"south": {"uv": [13.2, 6.8, 13.8, 7], "texture": "#3"},
				"west": {"uv": [7.6, 13.2, 8.2, 13.4], "texture": "#3"},
				"up": {"uv": [6.2, 10.2, 5.6, 9.6], "texture": "#3"},
				"down": {"uv": [7.4, 9.6, 6.8, 10.2], "texture": "#3"}
			}
		},
		{
			"from": [7.42678, -0.93934, 7.5],
			"to": [8.67678, 0.06066, 8.75],
			"rotation": {"angle": -45, "axis": "y", "origin": [8.17678, -0.68934, 8]},
			"faces": {
				"north": {"uv": [12, 9.2, 12.5, 9.6], "texture": "#3"},
				"east": {"uv": [12, 10, 12.5, 10.4], "texture": "#3"},
				"south": {"uv": [0, 12.4, 0.5, 12.8], "texture": "#3"},
				"west": {"uv": [12.4, 0, 12.9, 0.4], "texture": "#3"}
			}
		},
		{
			"from": [7.25, 13.12132, 7],
			"to": [8.75, 13.62132, 9],
			"rotation": {"angle": 45, "axis": "x", "origin": [8, 14.62132, 8]},
			"faces": {
				"east": {"uv": [10.8, 12.4, 11.6, 12.6], "texture": "#3"},
				"west": {"uv": [12.4, 10.8, 13.2, 11], "texture": "#3"},
				"up": {"uv": [2.2, 8.8, 1.6, 8], "texture": "#3"},
				"down": {"uv": [3.4, 8, 2.8, 8.8], "texture": "#3"}
			}
		},
		{
			"from": [7.25, 15.43198, 6.04289],
			"to": [8.75, 15.93198, 8.04289],
			"rotation": {"angle": -45, "axis": "x", "origin": [8, 15.68198, 7.29289]},
			"faces": {
				"east": {"uv": [12, 12.4, 12.8, 12.6], "texture": "#3"},
				"south": {"uv": [8.8, 13.2, 9.4, 13.4], "texture": "#3"},
				"west": {"uv": [12.8, 2, 13.6, 2.2], "texture": "#3"},
				"up": {"uv": [4.6, 8.8, 4, 8], "texture": "#3"},
				"down": {"uv": [9, 2, 8.4, 2.8], "texture": "#3"}
			}
		},
		{
			"from": [7.25, 13.12132, 6.5],
			"to": [8.75, 13.62132, 7],
			"rotation": {"angle": 45, "axis": "x", "origin": [8, 14.62132, 8]},
			"faces": {
				"north": {"uv": [13.2, 8.8, 13.8, 9], "texture": "#3"},
				"east": {"uv": [4, 14.8, 4.2, 15], "texture": "#3"},
				"west": {"uv": [14.8, 4, 15, 4.2], "texture": "#3"},
				"down": {"uv": [13.8, 9.6, 13.2, 9.8], "texture": "#3"}
			}
		},
		{
			"from": [7.25, 15.62132, 6.5],
			"to": [8.75, 16.12132, 7],
			"rotation": {"angle": 45, "axis": "x", "origin": [8, 14.62132, 8]},
			"faces": {
				"north": {"uv": [10, 13.2, 10.6, 13.4], "texture": "#3"},
				"east": {"uv": [4.8, 14.8, 5, 15], "texture": "#3"},
				"west": {"uv": [6.8, 14.8, 7, 15], "texture": "#3"},
				"up": {"uv": [11.8, 13.4, 11.2, 13.2], "texture": "#3"},
				"down": {"uv": [13, 13.2, 12.4, 13.4], "texture": "#3"}
			}
		},
		{
			"from": [7.25, 12.08579, 6.5],
			"to": [8.75, 12.58579, 7],
			"rotation": {"angle": 45, "axis": "x", "origin": [8, 11.08579, 8]},
			"faces": {
				"east": {"uv": [7.6, 14.8, 7.8, 15], "texture": "#3"},
				"south": {"uv": [13.2, 12.4, 13.8, 12.6], "texture": "#3"},
				"west": {"uv": [8.4, 14.8, 8.6, 15], "texture": "#3"},
				"down": {"uv": [14.2, 0, 13.6, 0.2], "texture": "#3"}
			}
		},
		{
			"from": [7.25, 15.62132, 7],
			"to": [8.75, 16.12132, 9],
			"rotation": {"angle": 45, "axis": "x", "origin": [8, 14.62132, 8]},
			"faces": {
				"east": {"uv": [12.8, 2.8, 13.6, 3], "texture": "#3"},
				"south": {"uv": [13.6, 3.6, 14.2, 3.8], "texture": "#3"},
				"west": {"uv": [12.8, 8, 13.6, 8.2], "texture": "#3"},
				"up": {"uv": [9, 4, 8.4, 3.2], "texture": "#3"},
				"down": {"uv": [5.8, 8.4, 5.2, 9.2], "texture": "#3"}
			}
		},
		{
			"from": [7.25, 13.12132, 7],
			"to": [8.75, 13.62132, 9],
			"rotation": {"angle": -45, "axis": "x", "origin": [8, 14.62132, 8]},
			"faces": {
				"east": {"uv": [12.8, 11.6, 13.6, 11.8], "texture": "#3"},
				"west": {"uv": [0, 13.2, 0.8, 13.4], "texture": "#3"},
				"up": {"uv": [7, 9.2, 6.4, 8.4], "texture": "#3"},
				"down": {"uv": [9, 7.6, 8.4, 8.4], "texture": "#3"}
			}
		},
		{
			"from": [7.25, 13.12132, 9],
			"to": [8.75, 13.62132, 9.5],
			"rotation": {"angle": -45, "axis": "x", "origin": [8, 14.62132, 8]},
			"faces": {
				"east": {"uv": [9.2, 14.8, 9.4, 15], "texture": "#3"},
				"south": {"uv": [13.6, 4.4, 14.2, 4.6], "texture": "#3"},
				"west": {"uv": [10, 14.8, 10.2, 15], "texture": "#3"},
				"down": {"uv": [6.6, 13.6, 6, 13.8], "texture": "#3"}
			}
		},
		{
			"from": [7.5, 13.37132, 6.75],
			"to": [8.5, 15.87132, 9.25],
			"rotation": {"angle": 45, "axis": "x", "origin": [8, 14.62132, 8]},
			"faces": {
				"east": {"uv": [4.8, 0, 5.8, 1], "texture": "#3"},
				"west": {"uv": [4.8, 1.6, 5.8, 2.6], "texture": "#3"}
			}
		},
		{
			"from": [7.25, 12.56066, 7.25],
			"to": [8.75, 13.06066, 8.75],
			"rotation": {"angle": -45, "axis": "y", "origin": [8, 12.81066, 8]},
			"faces": {
				"north": {"uv": [13.6, 10.4, 14.2, 10.6], "texture": "#3"},
				"east": {"uv": [13.6, 13.2, 14.2, 13.4], "texture": "#3"},
				"south": {"uv": [0, 14, 0.6, 14.2], "texture": "#3"},
				"west": {"uv": [14, 0.8, 14.6, 1], "texture": "#3"},
				"up": {"uv": [10.2, 8.2, 9.6, 7.6], "texture": "#3"},
				"down": {"uv": [10.2, 8.8, 9.6, 9.4], "texture": "#3"}
			}
		},
		{
			"from": [7.42678, 4.56066, 7.5],
			"to": [8.67678, 5.56066, 8.75],
			"rotation": {"angle": -45, "axis": "y", "origin": [8.17678, 5.31066, 8]},
			"faces": {
				"north": {"uv": [1.2, 12.4, 1.7, 12.8], "texture": "#3"},
				"east": {"uv": [2.4, 12.4, 2.9, 12.8], "texture": "#3"},
				"south": {"uv": [3.6, 12.4, 4.1, 12.8], "texture": "#3"},
				"west": {"uv": [12.4, 3.6, 12.9, 4], "texture": "#3"}
			}
		},
		{
			"from": [7.25, 4.06066, 7.25],
			"to": [8.75, 4.56066, 8.75],
			"rotation": {"angle": -45, "axis": "y", "origin": [8, 4.31066, 8]},
			"faces": {
				"north": {"uv": [1.2, 14, 1.8, 14.2], "texture": "#3"},
				"east": {"uv": [14, 1.6, 14.6, 1.8], "texture": "#3"},
				"south": {"uv": [2.4, 14, 3, 14.2], "texture": "#3"},
				"west": {"uv": [14, 2.4, 14.6, 2.6], "texture": "#3"},
				"up": {"uv": [0.6, 10.6, 0, 10], "texture": "#3"},
				"down": {"uv": [10.6, 0, 10, 0.6], "texture": "#3"}
			}
		},
		{
			"from": [7.25, 5.56066, 7.25],
			"to": [8.75, 6.06066, 8.75],
			"rotation": {"angle": -45, "axis": "y", "origin": [8, 5.81066, 8]},
			"faces": {
				"north": {"uv": [3.6, 14, 4.2, 14.2], "texture": "#3"},
				"east": {"uv": [4.8, 14, 5.4, 14.2], "texture": "#3"},
				"south": {"uv": [7.2, 14, 7.8, 14.2], "texture": "#3"},
				"west": {"uv": [14, 7.6, 14.6, 7.8], "texture": "#3"},
				"up": {"uv": [10.6, 5, 10, 4.4], "texture": "#3"},
				"down": {"uv": [8.6, 10, 8, 10.6], "texture": "#3"}
			}
		},
		{
			"from": [7.67678, 0.56066, 7.57322],
			"to": [8.67678, 4.06066, 8.57322],
			"rotation": {"angle": -45, "axis": "y", "origin": [8.17678, 2.81066, 7.82322]},
			"faces": {
				"north": {"uv": [7.6, 7.6, 8, 9], "texture": "#3"},
				"east": {"uv": [0, 8, 0.4, 9.4], "texture": "#3"},
				"south": {"uv": [8, 0, 8.4, 1.4], "texture": "#3"},
				"west": {"uv": [0.8, 8, 1.2, 9.4], "texture": "#3"}
			}
		},
		{
			"from": [7.42678, 2.06066, 7.5],
			"to": [8.67678, 2.56066, 8.75],
			"rotation": {"angle": -45, "axis": "y", "origin": [8.17678, 2.31066, 8]},
			"faces": {
				"north": {"uv": [10.8, 14, 11.3, 14.2], "texture": "#3"},
				"east": {"uv": [14, 11.2, 14.5, 11.4], "texture": "#3"},
				"south": {"uv": [12, 14, 12.5, 14.2], "texture": "#3"},
				"west": {"uv": [13.2, 14, 13.7, 14.2], "texture": "#3"},
				"up": {"uv": [11.3, 7.7, 10.8, 7.2], "texture": "#3"},
				"down": {"uv": [11.3, 8.4, 10.8, 8.9], "texture": "#3"}
			}
		},
		{
			"from": [5, 13.25, 7],
			"to": [7, 14.75, 9],
			"rotation": {"angle": 22.5, "axis": "z", "origin": [6, 15, 8.0625]},
			"faces": {
				"north": {"uv": [8.8, 0, 9.6, 0.6], "texture": "#3"},
				"east": {"uv": [8.8, 4.4, 9.6, 5], "texture": "#3"},
				"south": {"uv": [8.4, 8.8, 9.2, 9.4], "texture": "#3"},
				"west": {"uv": [1.6, 9.2, 2.4, 9.8], "texture": "#3"},
				"down": {"uv": [8.4, 5.2, 7.6, 6], "texture": "#3"}
			}
		},
		{
			"from": [4.875, 14.75, 6.875],
			"to": [7.125, 15.5, 9.125],
			"rotation": {"angle": 22.5, "axis": "z", "origin": [6, 15, 8.0625]},
			"faces": {
				"north": {"uv": [10.4, 6.4, 11.3, 6.7], "texture": "#3"},
				"east": {"uv": [10.8, 3.6, 11.7, 3.9], "texture": "#3"},
				"south": {"uv": [4.4, 10.8, 5.3, 11.1], "texture": "#3"},
				"west": {"uv": [6, 10.8, 6.9, 11.1], "texture": "#3"},
				"up": {"uv": [6.9, 6.5, 6, 5.6], "texture": "#3"},
				"down": {"uv": [7.3, 0, 6.4, 0.9], "texture": "#3"}
			}
		},
		{
			"from": [5.625, 15.5, 8.125],
			"to": [6.375, 16.25, 8.875],
			"rotation": {"angle": 22.5, "axis": "z", "origin": [6, 15, 8.0625]},
			"faces": {
				"east": {"uv": [14.4, 5.2, 14.7, 5.5], "texture": "#3"},
				"south": {"uv": [6, 14.4, 6.3, 14.7], "texture": "#3"},
				"west": {"uv": [14.4, 6, 14.7, 6.3], "texture": "#3"},
				"up": {"uv": [14.7, 7.1, 14.4, 6.8], "texture": "#3"}
			}
		},
		{
			"from": [5.625, 15.5, 7.125],
			"to": [6.375, 16.5, 8.125],
			"rotation": {"angle": 22.5, "axis": "z", "origin": [6, 15, 8.0625]},
			"faces": {
				"north": {"uv": [8.4, 14, 8.7, 14.4], "texture": "#3"},
				"east": {"uv": [6.8, 12.8, 7.2, 13.2], "texture": "#3"},
				"south": {"uv": [9.2, 14, 9.5, 14.4], "texture": "#3"},
				"west": {"uv": [13.2, 0.8, 13.6, 1.2], "texture": "#3"},
				"up": {"uv": [10.3, 14.4, 10, 14], "texture": "#3"}
			}
		},
		{
			"from": [6.5378, 15.31743, 7.3625],
			"to": [7.7878, 15.34743, 8.6125],
			"rotation": {"angle": 45, "axis": "z", "origin": [6, 15, 8.0625]},
			"faces": {
				"up": {"uv": [0.5, 11.7, 0, 11.2], "texture": "#3"},
				"down": {"uv": [11.7, 0, 11.2, 0.5], "texture": "#3"}
			}
		},
		{
			"from": [4.2122, 15.31743, 7.3625],
			"to": [5.4622, 15.34743, 8.6125],
			"rotation": {"angle": 0, "axis": "y", "origin": [6, 15, 8.0625]},
			"faces": {
				"up": {"uv": [2.9, 11.7, 2.4, 11.2], "texture": "#3"},
				"down": {"uv": [11.7, 4.4, 11.2, 4.9], "texture": "#3"}
			}
		},
		{
			"from": [8.2122, 15.31743, 7.3875],
			"to": [9.4622, 15.34743, 8.6375],
			"rotation": {"angle": -45, "axis": "z", "origin": [10, 15, 7.9375]},
			"faces": {
				"up": {"uv": [0, 11.2, 0.5, 11.7], "texture": "#3"},
				"down": {"uv": [11.2, 0.5, 11.7, 0], "texture": "#3"}
			}
		},
		{
			"from": [9.625, 15.5, 7.875],
			"to": [10.375, 16.5, 8.875],
			"rotation": {"angle": -22.5, "axis": "z", "origin": [10, 15, 7.9375]},
			"faces": {
				"north": {"uv": [9.2, 14, 9.5, 14.4], "texture": "#3"},
				"east": {"uv": [13.2, 0.8, 13.6, 1.2], "texture": "#3"},
				"south": {"uv": [8.4, 14, 8.7, 14.4], "texture": "#3"},
				"west": {"uv": [6.8, 12.8, 7.2, 13.2], "texture": "#3"},
				"up": {"uv": [10, 14, 10.3, 14.4], "texture": "#3"}
			}
		},
		{
			"from": [9.625, 15.5, 7.125],
			"to": [10.375, 16.25, 7.875],
			"rotation": {"angle": -22.5, "axis": "z", "origin": [10, 15, 7.9375]},
			"faces": {
				"north": {"uv": [6, 14.4, 6.3, 14.7], "texture": "#3"},
				"east": {"uv": [14.4, 6, 14.7, 6.3], "texture": "#3"},
				"west": {"uv": [14.4, 5.2, 14.7, 5.5], "texture": "#3"},
				"up": {"uv": [14.4, 6.8, 14.7, 7.1], "texture": "#3"}
			}
		},
		{
			"from": [10.5378, 15.31743, 7.3875],
			"to": [11.7878, 15.34743, 8.6375],
			"rotation": {"angle": 0, "axis": "y", "origin": [10, 15, 7.9375]},
			"faces": {
				"up": {"uv": [2.4, 11.2, 2.9, 11.7], "texture": "#3"},
				"down": {"uv": [11.2, 4.9, 11.7, 4.4], "texture": "#3"}
			}
		},
		{
			"from": [8.875, 14.75, 6.875],
			"to": [11.125, 15.5, 9.125],
			"rotation": {"angle": -22.5, "axis": "z", "origin": [10, 15, 7.9375]},
			"faces": {
				"north": {"uv": [4.4, 10.8, 5.3, 11.1], "texture": "#3"},
				"east": {"uv": [6, 10.8, 6.9, 11.1], "texture": "#3"},
				"south": {"uv": [10.4, 6.4, 11.3, 6.7], "texture": "#3"},
				"west": {"uv": [10.8, 3.6, 11.7, 3.9], "texture": "#3"},
				"up": {"uv": [6, 5.6, 6.9, 6.5], "texture": "#3"},
				"down": {"uv": [6.4, 0.9, 7.3, 0], "texture": "#3"}
			}
		},
		{
			"from": [9, 13.25, 7],
			"to": [11, 14.75, 9],
			"rotation": {"angle": -22.5, "axis": "z", "origin": [10, 15, 7.9375]},
			"faces": {
				"north": {"uv": [8.4, 8.8, 9.2, 9.4], "texture": "#3"},
				"east": {"uv": [1.6, 9.2, 2.4, 9.8], "texture": "#3"},
				"south": {"uv": [8.8, 0, 9.6, 0.6], "texture": "#3"},
				"west": {"uv": [8.8, 4.4, 9.6, 5], "texture": "#3"},
				"down": {"uv": [7.6, 6, 8.4, 5.2], "texture": "#3"}
			}
		},
		{
			"from": [6.75, 15.44656, 5.5125],
			"to": [9.25, 16.44656, 7.0125],
			"rotation": {"angle": -22.5, "axis": "x", "origin": [8.5625, 16.75906, 6.2625]},
			"faces": {
				"north": {"uv": [8.8, 1.2, 9.8, 1.6], "texture": "#3"},
				"east": {"uv": [4.4, 11.6, 5, 12], "texture": "#3"},
				"south": {"uv": [8.8, 5.6, 9.8, 6], "texture": "#3"},
				"west": {"uv": [5.6, 11.6, 6.2, 12], "texture": "#3"},
				"down": {"uv": [8.6, 6.4, 7.6, 7], "texture": "#3"}
			}
		},
		{
			"from": [6.625, 16.44656, 5.3875],
			"to": [9.375, 17.19656, 7.1375],
			"rotation": {"angle": -22.5, "axis": "x", "origin": [8.5625, 16.75906, 6.2625]},
			"faces": {
				"north": {"uv": [10.4, 1.2, 11.5, 1.5], "texture": "#3"},
				"east": {"uv": [12, 6.4, 12.7, 6.7], "texture": "#3"},
				"south": {"uv": [10.4, 5.6, 11.5, 5.9], "texture": "#3"},
				"west": {"uv": [12, 7.2, 12.7, 7.5], "texture": "#3"},
				"up": {"uv": [7.5, 2.3, 6.4, 1.6], "texture": "#3"},
				"down": {"uv": [7.9, 2.8, 6.8, 3.5], "texture": "#3"}
			}
		},
		{
			"from": [8.125, 17.00522, 5.92556],
			"to": [8.625, 17.50522, 6.67556],
			"rotation": {"angle": -22.5, "axis": "x", "origin": [7.3125, 16.56772, 5.80056]},
			"faces": {
				"north": {"uv": [14.8, 10, 15, 10.2], "texture": "#3"},
				"east": {"uv": [3.2, 14.8, 3.5, 15], "texture": "#3"},
				"south": {"uv": [10.8, 14.8, 11, 15], "texture": "#3"},
				"up": {"uv": [15, 3.5, 14.8, 3.2], "texture": "#3"}
			}
		},
		{
			"from": [7.375, 17.00522, 5.92556],
			"to": [8.125, 17.75522, 6.67556],
			"rotation": {"angle": -22.5, "axis": "x", "origin": [7.3125, 16.56772, 5.80056]},
			"faces": {
				"north": {"uv": [14.4, 8.4, 14.7, 8.7], "texture": "#3"},
				"east": {"uv": [14.4, 9.2, 14.7, 9.5], "texture": "#3"},
				"south": {"uv": [14.4, 12, 14.7, 12.3], "texture": "#3"},
				"west": {"uv": [14.4, 14, 14.7, 14.3], "texture": "#3"},
				"up": {"uv": [0.3, 15.1, 0, 14.8], "texture": "#3"}
			}
		},
		{
			"from": [7.65, 17.01875, 4.99862],
			"to": [8.4, 17.04875, 5.74862],
			"rotation": {"angle": 0, "axis": "y", "origin": [8.1, 16.75906, 6.2625]},
			"faces": {
				"up": {"uv": [15.1, 0.3, 14.8, 0], "texture": "#3"},
				"down": {"uv": [1.1, 14.8, 0.8, 15.1], "texture": "#3"}
			}
		},
		{
			"from": [7.65, 17.27294, 6.00281],
			"to": [8.4, 18.02294, 6.03281],
			"rotation": {"angle": 45, "axis": "x", "origin": [8.1, 16.75906, 6.2625]},
			"faces": {
				"north": {"uv": [1.6, 14.8, 1.9, 15.1], "texture": "#3"},
				"south": {"uv": [2.4, 14.8, 2.7, 15.1], "texture": "#3"}
			}
		},
		{
			"from": [7.6, 17.27294, 9.96719],
			"to": [8.35, 18.02294, 9.99719],
			"rotation": {"angle": -45, "axis": "x", "origin": [7.9, 16.75906, 9.7375]},
			"faces": {
				"north": {"uv": [2.4, 14.8, 2.7, 15.1], "texture": "#3"},
				"south": {"uv": [1.6, 14.8, 1.9, 15.1], "texture": "#3"}
			}
		},
		{
			"from": [7.875, 17.00522, 9.32444],
			"to": [8.625, 17.75522, 10.07444],
			"rotation": {"angle": 22.5, "axis": "x", "origin": [8.6875, 16.56772, 10.19944]},
			"faces": {
				"north": {"uv": [14.4, 12, 14.7, 12.3], "texture": "#3"},
				"east": {"uv": [14.4, 14, 14.7, 14.3], "texture": "#3"},
				"south": {"uv": [14.4, 8.4, 14.7, 8.7], "texture": "#3"},
				"west": {"uv": [14.4, 9.2, 14.7, 9.5], "texture": "#3"},
				"up": {"uv": [0, 14.8, 0.3, 15.1], "texture": "#3"}
			}
		},
		{
			"from": [7.375, 17.00522, 9.32444],
			"to": [7.875, 17.50522, 10.07444],
			"rotation": {"angle": 22.5, "axis": "x", "origin": [8.6875, 16.56772, 10.19944]},
			"faces": {
				"north": {"uv": [10.8, 14.8, 11, 15], "texture": "#3"},
				"south": {"uv": [14.8, 10, 15, 10.2], "texture": "#3"},
				"west": {"uv": [3.2, 14.8, 3.5, 15], "texture": "#3"},
				"up": {"uv": [14.8, 3.2, 15, 3.5], "texture": "#3"}
			}
		},
		{
			"from": [7.6, 17.01875, 10.25138],
			"to": [8.35, 17.04875, 11.00138],
			"rotation": {"angle": 0, "axis": "y", "origin": [7.9, 16.75906, 9.7375]},
			"faces": {
				"up": {"uv": [14.8, 0, 15.1, 0.3], "texture": "#3"},
				"down": {"uv": [0.8, 15.1, 1.1, 14.8], "texture": "#3"}
			}
		},
		{
			"from": [6.625, 16.44656, 8.8625],
			"to": [9.375, 17.19656, 10.6125],
			"rotation": {"angle": 22.5, "axis": "x", "origin": [7.4375, 16.75906, 9.7375]},
			"faces": {
				"north": {"uv": [10.4, 5.6, 11.5, 5.9], "texture": "#3"},
				"east": {"uv": [12, 7.2, 12.7, 7.5], "texture": "#3"},
				"south": {"uv": [10.4, 1.2, 11.5, 1.5], "texture": "#3"},
				"west": {"uv": [12, 6.4, 12.7, 6.7], "texture": "#3"},
				"up": {"uv": [6.4, 1.6, 7.5, 2.3], "texture": "#3"},
				"down": {"uv": [6.8, 3.5, 7.9, 2.8], "texture": "#3"}
			}
		},
		{
			"from": [6.75, 15.44656, 8.9875],
			"to": [9.25, 16.44656, 10.4875],
			"rotation": {"angle": 22.5, "axis": "x", "origin": [7.4375, 16.75906, 9.7375]},
			"faces": {
				"north": {"uv": [8.8, 5.6, 9.8, 6], "texture": "#3"},
				"east": {"uv": [5.6, 11.6, 6.2, 12], "texture": "#3"},
				"south": {"uv": [8.8, 1.2, 9.8, 1.6], "texture": "#3"},
				"west": {"uv": [4.4, 11.6, 5, 12], "texture": "#3"},
				"down": {"uv": [7.6, 7, 8.6, 6.4], "texture": "#3"}
			}
		},
		{
			"from": [4.79459, 13.02487, 9.79244],
			"to": [4.82459, 18.02487, 11.04244],
			"rotation": {"angle": -45, "axis": "y", "origin": [6.18769, 15.52487, 11.66209]},
			"faces": {
				"east": {"uv": [0.5, 5.6, 0, 7.6], "texture": "#3"},
				"west": {"uv": [0, 5.6, 0.5, 7.6], "texture": "#3"}
			}
		},
		{
			"from": [5.64078, 13.02487, 10.23887],
			"to": [5.67078, 18.02487, 11.48887],
			"rotation": {"angle": 0, "axis": "y", "origin": [6.18769, 15.52487, 11.66209]},
			"faces": {
				"east": {"uv": [1.7, 5.6, 1.2, 7.6], "texture": "#3"},
				"west": {"uv": [1.2, 5.6, 1.7, 7.6], "texture": "#3"}
			}
		},
		{
			"from": [5.7487, 13.02487, 11.29276],
			"to": [5.7787, 18.02487, 12.54276],
			"rotation": {"angle": 22.5, "axis": "y", "origin": [6.18769, 15.52487, 11.66209]},
			"faces": {
				"east": {"uv": [2.9, 5.6, 2.4, 7.6], "texture": "#3"},
				"west": {"uv": [2.4, 5.6, 2.9, 7.6], "texture": "#3"}
			}
		},
		{
			"from": [7.3819, 13.02487, 9.65956],
			"to": [8.6319, 18.02487, 9.68956],
			"rotation": {"angle": 22.5, "axis": "y", "origin": [6.18769, 15.52487, 11.66209]},
			"faces": {
				"north": {"uv": [5.6, 3.2, 6.1, 5.2], "texture": "#3"},
				"south": {"uv": [6.1, 3.2, 5.6, 5.2], "texture": "#3"}
			}
		},
		{
			"from": [6.11685, 13.02487, 12.63224],
			"to": [6.14685, 18.02487, 13.88224],
			"rotation": {"angle": 0, "axis": "y", "origin": [6.18769, 15.52487, 11.66209]},
			"faces": {
				"east": {"uv": [4.1, 5.6, 3.6, 7.6], "texture": "#3"},
				"west": {"uv": [3.6, 5.6, 4.1, 7.6], "texture": "#3"}
			}
		},
		{
			"from": [6.96957, 13.02487, 13.72887],
			"to": [6.99957, 18.02487, 14.97887],
			"rotation": {"angle": -22.5, "axis": "y", "origin": [6.18769, 15.52487, 11.66209]},
			"faces": {
				"east": {"uv": [5.3, 5.6, 4.8, 7.6], "texture": "#3"},
				"west": {"uv": [4.8, 5.6, 5.3, 7.6], "texture": "#3"}
			}
		},
		{
			"from": [11.17541, 13.02487, 9.79244],
			"to": [11.20541, 18.02487, 11.04244],
			"rotation": {"angle": 45, "axis": "y", "origin": [9.81231, 15.52487, 11.66209]},
			"faces": {
				"east": {"uv": [0.5, 5.6, 0, 7.6], "texture": "#3"},
				"west": {"uv": [0, 5.6, 0.5, 7.6], "texture": "#3"}
			}
		},
		{
			"from": [10.32922, 13.02487, 10.23887],
			"to": [10.35922, 18.02487, 11.48887],
			"rotation": {"angle": 0, "axis": "y", "origin": [9.81231, 15.52487, 11.66209]},
			"faces": {
				"east": {"uv": [1.7, 5.6, 1.2, 7.6], "texture": "#3"},
				"west": {"uv": [1.2, 5.6, 1.7, 7.6], "texture": "#3"}
			}
		},
		{
			"from": [10.2213, 13.02487, 11.29276],
			"to": [10.2513, 18.02487, 12.54276],
			"rotation": {"angle": -22.5, "axis": "y", "origin": [9.81231, 15.52487, 11.66209]},
			"faces": {
				"east": {"uv": [2.9, 5.6, 2.4, 7.6], "texture": "#3"},
				"west": {"uv": [2.4, 5.6, 2.9, 7.6], "texture": "#3"}
			}
		},
		{
			"from": [7.3681, 13.02487, 9.65956],
			"to": [8.6181, 18.02487, 9.68956],
			"rotation": {"angle": -22.5, "axis": "y", "origin": [9.81231, 15.52487, 11.66209]},
			"faces": {
				"north": {"uv": [6.1, 3.2, 5.6, 5.2], "texture": "#3"},
				"south": {"uv": [5.6, 3.2, 6.1, 5.2], "texture": "#3"}
			}
		},
		{
			"from": [9.85315, 13.02487, 12.63224],
			"to": [9.88315, 18.02487, 13.88224],
			"rotation": {"angle": 0, "axis": "y", "origin": [9.81231, 15.52487, 11.66209]},
			"faces": {
				"east": {"uv": [4.1, 5.6, 3.6, 7.6], "texture": "#3"},
				"west": {"uv": [3.6, 5.6, 4.1, 7.6], "texture": "#3"}
			}
		},
		{
			"from": [9.00043, 13.02487, 13.72887],
			"to": [9.03043, 18.02487, 14.97887],
			"rotation": {"angle": 22.5, "axis": "y", "origin": [9.81231, 15.52487, 11.66209]},
			"faces": {
				"east": {"uv": [5.3, 5.6, 4.8, 7.6], "texture": "#3"},
				"west": {"uv": [4.8, 5.6, 5.3, 7.6], "texture": "#3"}
			}
		},
		{
			"from": [4.79459, 13.02487, 4.95756],
			"to": [4.82459, 18.02487, 6.20756],
			"rotation": {"angle": 45, "axis": "y", "origin": [6.18769, 15.52487, 4.33791]},
			"faces": {
				"east": {"uv": [0, 5.6, 0.5, 7.6], "texture": "#3"},
				"west": {"uv": [0.5, 5.6, 0, 7.6], "texture": "#3"}
			}
		},
		{
			"from": [5.64078, 13.02487, 4.51113],
			"to": [5.67078, 18.02487, 5.76113],
			"rotation": {"angle": 0, "axis": "y", "origin": [6.18769, 15.52487, 4.33791]},
			"faces": {
				"east": {"uv": [1.2, 5.6, 1.7, 7.6], "texture": "#3"},
				"west": {"uv": [1.7, 5.6, 1.2, 7.6], "texture": "#3"}
			}
		},
		{
			"from": [5.7487, 13.02487, 3.45724],
			"to": [5.7787, 18.02487, 4.70724],
			"rotation": {"angle": -22.5, "axis": "y", "origin": [6.18769, 15.52487, 4.33791]},
			"faces": {
				"east": {"uv": [2.4, 5.6, 2.9, 7.6], "texture": "#3"},
				"west": {"uv": [2.9, 5.6, 2.4, 7.6], "texture": "#3"}
			}
		},
		{
			"from": [7.3819, 13.02487, 6.31044],
			"to": [8.6319, 18.02487, 6.34044],
			"rotation": {"angle": -22.5, "axis": "y", "origin": [6.18769, 15.52487, 4.33791]},
			"faces": {
				"north": {"uv": [5.6, 3.2, 6.1, 5.2], "texture": "#3"},
				"south": {"uv": [6.1, 3.2, 5.6, 5.2], "texture": "#3"}
			}
		},
		{
			"from": [6.11685, 13.02487, 2.11776],
			"to": [6.14685, 18.02487, 3.36776],
			"rotation": {"angle": 0, "axis": "y", "origin": [6.18769, 15.52487, 4.33791]},
			"faces": {
				"east": {"uv": [3.6, 5.6, 4.1, 7.6], "texture": "#3"},
				"west": {"uv": [4.1, 5.6, 3.6, 7.6], "texture": "#3"}
			}
		},
		{
			"from": [6.96957, 13.02487, 1.02113],
			"to": [6.99957, 18.02487, 2.27113],
			"rotation": {"angle": 22.5, "axis": "y", "origin": [6.18769, 15.52487, 4.33791]},
			"faces": {
				"east": {"uv": [4.8, 5.6, 5.3, 7.6], "texture": "#3"},
				"west": {"uv": [5.3, 5.6, 4.8, 7.6], "texture": "#3"}
			}
		},
		{
			"from": [9.00043, 13.02487, 1.02113],
			"to": [9.03043, 18.02487, 2.27113],
			"rotation": {"angle": -22.5, "axis": "y", "origin": [9.81231, 15.52487, 4.33791]},
			"faces": {
				"east": {"uv": [4.8, 5.6, 5.3, 7.6], "texture": "#3"},
				"west": {"uv": [5.3, 5.6, 4.8, 7.6], "texture": "#3"}
			}
		},
		{
			"from": [9.85315, 13.02487, 2.11776],
			"to": [9.88315, 18.02487, 3.36776],
			"rotation": {"angle": 0, "axis": "y", "origin": [9.81231, 15.52487, 4.33791]},
			"faces": {
				"east": {"uv": [3.6, 5.6, 4.1, 7.6], "texture": "#3"},
				"west": {"uv": [4.1, 5.6, 3.6, 7.6], "texture": "#3"}
			}
		},
		{
			"from": [7.3681, 13.02487, 6.31044],
			"to": [8.6181, 18.02487, 6.34044],
			"rotation": {"angle": 22.5, "axis": "y", "origin": [9.81231, 15.52487, 4.33791]},
			"faces": {
				"north": {"uv": [6.1, 3.2, 5.6, 5.2], "texture": "#3"},
				"south": {"uv": [5.6, 3.2, 6.1, 5.2], "texture": "#3"}
			}
		},
		{
			"from": [10.2213, 13.02487, 3.45724],
			"to": [10.2513, 18.02487, 4.70724],
			"rotation": {"angle": 22.5, "axis": "y", "origin": [9.81231, 15.52487, 4.33791]},
			"faces": {
				"east": {"uv": [2.4, 5.6, 2.9, 7.6], "texture": "#3"},
				"west": {"uv": [2.9, 5.6, 2.4, 7.6], "texture": "#3"}
			}
		},
		{
			"from": [10.32922, 13.02487, 4.51113],
			"to": [10.35922, 18.02487, 5.76113],
			"rotation": {"angle": 0, "axis": "y", "origin": [9.81231, 15.52487, 4.33791]},
			"faces": {
				"east": {"uv": [1.2, 5.6, 1.7, 7.6], "texture": "#3"},
				"west": {"uv": [1.7, 5.6, 1.2, 7.6], "texture": "#3"}
			}
		},
		{
			"from": [11.17541, 13.02487, 4.95756],
			"to": [11.20541, 18.02487, 6.20756],
			"rotation": {"angle": -45, "axis": "y", "origin": [9.81231, 15.52487, 4.33791]},
			"faces": {
				"east": {"uv": [0, 5.6, 0.5, 7.6], "texture": "#3"},
				"west": {"uv": [0.5, 5.6, 0, 7.6], "texture": "#3"}
			}
		},
		{
			"from": [7.25, 12, 5.5],
			"to": [8.75, 13, 7],
			"rotation": {"angle": 22.5, "axis": "x", "origin": [8, 13, 6.25]},
			"faces": {
				"north": {"uv": [10.4, 11.6, 11, 12], "texture": "#3"},
				"east": {"uv": [11.6, 11.6, 12.2, 12], "texture": "#3"},
				"south": {"uv": [12, 1.2, 12.6, 1.6], "texture": "#3"},
				"west": {"uv": [12, 5.6, 12.6, 6], "texture": "#3"},
				"up": {"uv": [9.8, 10.6, 9.2, 10], "texture": "#3"},
				"down": {"uv": [1.8, 10.4, 1.2, 11], "texture": "#3"}
			}
		},
		{
			"from": [7.375, 13, 5.625],
			"to": [8.625, 14, 6.875],
			"rotation": {"angle": 22.5, "axis": "x", "origin": [8, 13, 6.25]},
			"faces": {
				"north": {"uv": [12.4, 4.4, 12.9, 4.8], "texture": "#3"},
				"east": {"uv": [4.8, 12.4, 5.3, 12.8], "texture": "#3"},
				"south": {"uv": [7.6, 12.4, 8.1, 12.8], "texture": "#3"},
				"west": {"uv": [8.8, 12.4, 9.3, 12.8], "texture": "#3"},
				"up": {"uv": [8.1, 11.7, 7.6, 11.2], "texture": "#3"}
			}
		},
		{
			"from": [7.375, 13, 9.125],
			"to": [8.625, 14, 10.375],
			"rotation": {"angle": -22.5, "axis": "x", "origin": [8, 13, 9.75]},
			"faces": {
				"north": {"uv": [8.1, 12.4, 7.6, 12.8], "texture": "#3"},
				"east": {"uv": [5.3, 12.4, 4.8, 12.8], "texture": "#3"},
				"south": {"uv": [12.9, 4.4, 12.4, 4.8], "texture": "#3"},
				"west": {"uv": [9.3, 12.4, 8.8, 12.8], "texture": "#3"},
				"up": {"uv": [8.1, 11.2, 7.6, 11.7], "texture": "#3"}
			}
		},
		{
			"from": [7.25, 12, 9],
			"to": [8.75, 13, 10.5],
			"rotation": {"angle": -22.5, "axis": "x", "origin": [8, 13, 9.75]},
			"faces": {
				"north": {"uv": [12.6, 1.2, 12, 1.6], "texture": "#3"},
				"east": {"uv": [12.2, 11.6, 11.6, 12], "texture": "#3"},
				"south": {"uv": [11, 11.6, 10.4, 12], "texture": "#3"},
				"west": {"uv": [12.6, 5.6, 12, 6], "texture": "#3"},
				"up": {"uv": [9.8, 10, 9.2, 10.6], "texture": "#3"},
				"down": {"uv": [1.8, 11, 1.2, 10.4], "texture": "#3"}
			}
		},
		{
			"from": [7.625, 13.62132, 3.37868],
			"to": [8.375, 15.62132, 7.12868],
			"rotation": {"angle": 0, "axis": "y", "origin": [7.375, 13.62132, 3.12868]},
			"faces": {
				"east": {"uv": [3.6, 3.2, 5.1, 4], "texture": "#3"},
				"west": {"uv": [3.6, 4.4, 5.1, 5.2], "texture": "#3"},
				"up": {"uv": [3.1, 10.7, 2.8, 9.2], "texture": "#3"},
				"down": {"uv": [3.9, 9.2, 3.6, 10.7], "texture": "#3"}
			}
		},
		{
			"from": [7.6225, 13.15819, 2.04629],
			"to": [8.3775, 15.00819, 4.54629],
			"rotation": {"angle": -22.5, "axis": "x", "origin": [7.3725, 13.00819, 2.54629]},
			"faces": {
				"north": {"uv": [6.8, 11.6, 7.1, 12.3], "texture": "#3"},
				"east": {"uv": [6.8, 4, 7.8, 4.7], "texture": "#3"},
				"south": {"uv": [12, 8, 12.3, 8.7], "texture": "#3"},
				"west": {"uv": [6, 7.2, 7, 7.9], "texture": "#3"},
				"up": {"uv": [10.7, 11, 10.4, 10], "texture": "#3"},
				"down": {"uv": [11.1, 2, 10.8, 3], "texture": "#3"}
			}
		},
		{
			"from": [7.29289, 6.06066, 7.92678],
			"to": [8.54289, 12.56066, 9.17678],
			"rotation": {"angle": 45, "axis": "y", "origin": [7.29289, 6.06066, 8.17678]},
			"faces": {
				"north": {"uv": [0, 2.4, 0.5, 5], "texture": "#3"},
				"east": {"uv": [1.2, 2.4, 1.7, 5], "texture": "#3"},
				"south": {"uv": [2.4, 2.4, 2.9, 5], "texture": "#3"},
				"west": {"uv": [3.6, 0, 4.1, 2.6], "texture": "#3"}
			}
		},
		{
			"from": [7.985, 10.62132, -1.92132],
			"to": [8.015, 15.62132, 4.32868],
			"rotation": {"angle": 0, "axis": "y", "origin": [7.985, 12.62132, 2.07868]},
			"faces": {
				"east": {"uv": [2.5, 0, 0, 2], "texture": "#3"},
				"west": {"uv": [0, 0, 2.5, 2], "texture": "#3"}
			}
		},
		{
			"from": [7.625, 13.62132, 8.87132],
			"to": [8.375, 15.62132, 12.62132],
			"rotation": {"angle": 0, "axis": "y", "origin": [7.375, 13.62132, 12.87132]},
			"faces": {
				"east": {"uv": [5.1, 3.2, 3.6, 4], "texture": "#3"},
				"west": {"uv": [5.1, 4.4, 3.6, 5.2], "texture": "#3"},
				"up": {"uv": [3.1, 9.2, 2.8, 10.7], "texture": "#3"},
				"down": {"uv": [3.9, 10.7, 3.6, 9.2], "texture": "#3"}
			}
		},
		{
			"from": [7.6225, 13.15819, 11.45371],
			"to": [8.3775, 15.00819, 13.95371],
			"rotation": {"angle": 22.5, "axis": "x", "origin": [7.3725, 13.00819, 13.45371]},
			"faces": {
				"north": {"uv": [12.3, 8, 12, 8.7], "texture": "#3"},
				"east": {"uv": [7.8, 4, 6.8, 4.7], "texture": "#3"},
				"south": {"uv": [7.1, 11.6, 6.8, 12.3], "texture": "#3"},
				"west": {"uv": [7, 7.2, 6, 7.9], "texture": "#3"},
				"up": {"uv": [10.7, 10, 10.4, 11], "texture": "#3"},
				"down": {"uv": [11.1, 3, 10.8, 2], "texture": "#3"}
			}
		},
		{
			"from": [7.985, 10.62132, 11.67132],
			"to": [8.015, 15.62132, 17.92132],
			"rotation": {"angle": 0, "axis": "y", "origin": [7.985, 12.62132, 13.92132]},
			"faces": {
				"east": {"uv": [0, 0, 2.5, 2], "texture": "#3"},
				"west": {"uv": [2.5, 0, 0, 2], "texture": "#3"}
			}
		},
		{
			"from": [7.97228, 10.96372, -1.25],
			"to": [8.00228, 12.96372, 5.75],
			"rotation": {"angle": -22.5, "axis": "z", "origin": [7.97228, 10.96372, -0.25]},
			"faces": {
				"east": {"uv": [0, 4, 7, 6], "texture": "#1"},
				"west": {"uv": [7, 4, 0, 6], "texture": "#1"}
			}
		},
		{
			"from": [8.73537, 12.8, -1.25],
			"to": [8.76537, 14.8, 5.75],
			"rotation": {"angle": 0, "axis": "y", "origin": [8.73537, 12.8, -0.25]},
			"faces": {
				"east": {"uv": [0, 2, 7, 4], "texture": "#1"},
				"west": {"uv": [7, 2, 0, 4], "texture": "#1"}
			}
		},
		{
			"from": [8.73765, 14.78852, -1.25],
			"to": [8.76765, 16.78852, 5.75],
			"rotation": {"angle": 22.5, "axis": "z", "origin": [8.73765, 14.78852, -0.25]},
			"faces": {
				"east": {"uv": [0, 0, 7, 2], "texture": "#1"},
				"west": {"uv": [7, 0, 0, 2], "texture": "#1"}
			}
		},
		{
			"from": [7.99999, 10.95224, -1.25],
			"to": [8.02999, 12.95224, 5.75],
			"rotation": {"angle": 22.5, "axis": "z", "origin": [7.99999, 10.95224, -0.25]},
			"faces": {
				"east": {"uv": [7, 10, 0, 12], "texture": "#1"},
				"west": {"uv": [0, 10, 7, 12], "texture": "#1"}
			}
		},
		{
			"from": [7.23463, 14.8, -1.25],
			"to": [7.26463, 16.8, 5.75],
			"rotation": {"angle": -22.5, "axis": "z", "origin": [7.23463, 14.8, -0.25]},
			"faces": {
				"east": {"uv": [0, 6, 7, 8], "texture": "#1"},
				"west": {"uv": [0, 6, 7, 8], "texture": "#1"}
			}
		},
		{
			"from": [7.23463, 12.8, -1.25],
			"to": [7.26463, 14.8, 5.75],
			"rotation": {"angle": 0, "axis": "y", "origin": [7.23463, 12.8, -0.25]},
			"faces": {
				"east": {"uv": [7, 8, 0, 10], "texture": "#1"},
				"west": {"uv": [0, 8, 7, 10], "texture": "#1"}
			}
		},
		{
			"from": [7.23463, 14.8, 10.25],
			"to": [7.26463, 16.8, 17.25],
			"rotation": {"angle": -22.5, "axis": "z", "origin": [7.23463, 14.8, 16.25]},
			"faces": {
				"east": {"uv": [7, 6, 0, 8], "texture": "#1"},
				"west": {"uv": [7, 6, 0, 8], "texture": "#1"}
			}
		},
		{
			"from": [7.23463, 12.8, 10.25],
			"to": [7.26463, 14.8, 17.25],
			"rotation": {"angle": 0, "axis": "y", "origin": [7.23463, 12.8, 16.25]},
			"faces": {
				"east": {"uv": [0, 8, 7, 10], "texture": "#1"},
				"west": {"uv": [7, 8, 0, 10], "texture": "#1"}
			}
		},
		{
			"from": [7.99999, 10.95224, 10.25],
			"to": [8.02999, 12.95224, 17.25],
			"rotation": {"angle": 22.5, "axis": "z", "origin": [7.99999, 10.95224, 16.25]},
			"faces": {
				"east": {"uv": [0, 10, 7, 12], "texture": "#1"},
				"west": {"uv": [7, 10, 0, 12], "texture": "#1"}
			}
		},
		{
			"from": [7.97228, 10.96372, 10.25],
			"to": [8.00228, 12.96372, 17.25],
			"rotation": {"angle": -22.5, "axis": "z", "origin": [7.97228, 10.96372, 16.25]},
			"faces": {
				"east": {"uv": [7, 4, 0, 6], "texture": "#1"},
				"west": {"uv": [0, 4, 7, 6], "texture": "#1"}
			}
		},
		{
			"from": [8.73537, 12.8, 10.25],
			"to": [8.76537, 14.8, 17.25],
			"rotation": {"angle": 0, "axis": "y", "origin": [8.73537, 12.8, 16.25]},
			"faces": {
				"east": {"uv": [7, 2, 0, 4], "texture": "#1"},
				"west": {"uv": [0, 2, 7, 4], "texture": "#1"}
			}
		},
		{
			"from": [8.73765, 14.78852, 10.25],
			"to": [8.76765, 16.78852, 17.25],
			"rotation": {"angle": 22.5, "axis": "z", "origin": [8.73765, 14.78852, 16.25]},
			"faces": {
				"east": {"uv": [7, 0, 0, 2], "texture": "#1"},
				"west": {"uv": [0, 0, 7, 2], "texture": "#1"}
			}
		}
	],
	"gui_light": "front",
	"display": {
		"thirdperson_righthand": {
			"translation": [0, 3.75, 0.75]
		},
		"thirdperson_lefthand": {
			"translation": [0, 3.75, 0.75]
		},
		"firstperson_righthand": {
			"rotation": [10, 0, 0],
			"translation": [2, 2, 0],
			"scale": [0.7, 0.7, 0.7]
		},
		"firstperson_lefthand": {
			"rotation": [10, 0, 0],
			"translation": [2, 2, 0],
			"scale": [0.7, 0.7, 0.7]
		},
		"ground": {
			"rotation": [-45, 0, 0],
			"translation": [0, 3, 0],
			"scale": [0.7, 0.7, 0.7]
		},
		"gui": {
			"rotation": [-90, 45, 90],
			"translation": [1, -1, 0],
			"scale": [0.7, 0.7, 0.7]
		},
		"head": {
			"rotation": [0, -90, 0]
		},
		"fixed": {
			"rotation": [0, -90, 0],
			"translation": [0, 0, -1.75],
			"scale": [2, 2, 2]
		}
	},
	"groups": [
		{
			"name": "pickaxe",
			"origin": [8, 6, 9.75],
			"color": 0,
			"children": [
				0,
				1,
				2,
				3,
				4,
				5,
				6,
				7,
				8,
				9,
				10,
				11,
				12,
				13,
				14,
				15,
				16,
				17,
				18,
				19,
				20,
				21,
				22,
				23,
				24,
				25,
				26,
				27,
				28,
				29,
				30,
				31,
				32,
				33,
				34,
				35,
				36,
				37,
				38,
				39,
				40,
				41,
				42,
				43,
				44,
				45,
				46,
				47,
				48,
				49,
				50,
				51,
				52,
				53,
				54,
				55,
				56,
				57,
				58,
				59,
				60,
				61,
				62,
				63,
				64,
				65,
				66,
				67,
				68,
				69,
				70,
				71,
				72,
				73,
				74,
				75,
				76,
				77,
				78,
				79,
				80,
				81,
				82,
				83,
				84,
				85,
				86,
				87,
				88,
				89,
				90
			]
		}
	]
}