{
	"credit": "Pologony Creation Co.,Ltd.",
	"texture_size": [44, 44],
	"textures": {
		"3": "item/merrychristmas2024set/animated/hoe_1",
		"4": "item/merrychristmas2024set/scythe"
	},
	"elements": [
		{
			"from": [7.25, 20.06066, 7],
			"to": [8.75, 20.56066, 9],
			"rotation": {"angle": 45, "axis": "x", "origin": [8, 21.56066, 8]},
			"faces": {
				"east": {"uv": [13.45455, 2.18182, 14.18182, 2.36364], "texture": "#4"},
				"west": {"uv": [13.45455, 2.90909, 14.18182, 3.09091], "texture": "#4"},
				"up": {"uv": [2.72727, 9.45455, 2.18182, 8.72727], "texture": "#4"},
				"down": {"uv": [9.27273, 7.63636, 8.72727, 8.36364], "texture": "#4"}
			}
		},
		{
			"from": [7.25, 22.37132, 6.04289],
			"to": [8.75, 22.87132, 8.04289],
			"rotation": {"angle": -45, "axis": "x", "origin": [8, 22.62132, 7.29289]},
			"faces": {
				"east": {"uv": [3.27273, 13.45455, 4, 13.63636], "texture": "#4"},
				"south": {"uv": [0, 13.81818, 0.54545, 14], "texture": "#4"},
				"west": {"uv": [13.45455, 4.36364, 14.18182, 4.54545], "texture": "#4"},
				"up": {"uv": [9.27273, 9.45455, 8.72727, 8.72727], "texture": "#4"},
				"down": {"uv": [3.81818, 9.09091, 3.27273, 9.81818], "texture": "#4"}
			}
		},
		{
			"from": [7.25, 20.06066, 6.5],
			"to": [8.75, 20.56066, 7],
			"rotation": {"angle": 45, "axis": "x", "origin": [8, 21.56066, 8]},
			"faces": {
				"north": {"uv": [1.09091, 13.81818, 1.63636, 14], "texture": "#4"},
				"east": {"uv": [2.18182, 15.63636, 2.36364, 15.81818], "texture": "#4"},
				"west": {"uv": [15.63636, 2.18182, 15.81818, 2.36364], "texture": "#4"},
				"down": {"uv": [14.36364, 3.63636, 13.81818, 3.81818], "texture": "#4"}
			}
		},
		{
			"from": [7.25, 22.56066, 6.5],
			"to": [8.75, 23.06066, 7],
			"rotation": {"angle": 45, "axis": "x", "origin": [8, 21.56066, 8]},
			"faces": {
				"north": {"uv": [4.36364, 13.81818, 4.90909, 14], "texture": "#4"},
				"east": {"uv": [2.90909, 15.63636, 3.09091, 15.81818], "texture": "#4"},
				"west": {"uv": [15.63636, 2.90909, 15.81818, 3.09091], "texture": "#4"},
				"up": {"uv": [14.36364, 5.27273, 13.81818, 5.09091], "texture": "#4"},
				"down": {"uv": [14.36364, 6.54545, 13.81818, 6.72727], "texture": "#4"}
			}
		},
		{
			"from": [7.25, 19.02513, 6.5],
			"to": [8.75, 19.52513, 7],
			"rotation": {"angle": 45, "axis": "x", "origin": [8, 18.02513, 8]},
			"faces": {
				"east": {"uv": [3.63636, 15.63636, 3.81818, 15.81818], "texture": "#4"},
				"south": {"uv": [13.81818, 7.27273, 14.36364, 7.45455], "texture": "#4"},
				"west": {"uv": [15.63636, 4.36364, 15.81818, 4.54545], "texture": "#4"},
				"down": {"uv": [14.36364, 8, 13.81818, 8.18182], "texture": "#4"}
			}
		},
		{
			"from": [7.25, 22.56066, 7],
			"to": [8.75, 23.06066, 9],
			"rotation": {"angle": 45, "axis": "x", "origin": [8, 21.56066, 8]},
			"faces": {
				"east": {"uv": [13.45455, 5.81818, 14.18182, 6], "texture": "#4"},
				"south": {"uv": [13.81818, 8.72727, 14.36364, 8.90909], "texture": "#4"},
				"west": {"uv": [6.90909, 13.45455, 7.63636, 13.63636], "texture": "#4"},
				"up": {"uv": [4.90909, 9.81818, 4.36364, 9.09091], "texture": "#4"},
				"down": {"uv": [9.63636, 4.72727, 9.09091, 5.45455], "texture": "#4"}
			}
		},
		{
			"from": [7.25, 20.06066, 7],
			"to": [8.75, 20.56066, 9],
			"rotation": {"angle": -45, "axis": "x", "origin": [8, 21.56066, 8]},
			"faces": {
				"east": {"uv": [8, 13.45455, 8.72727, 13.63636], "texture": "#4"},
				"west": {"uv": [10.18182, 13.45455, 10.90909, 13.63636], "texture": "#4"},
				"up": {"uv": [6, 9.81818, 5.45455, 9.09091], "texture": "#4"},
				"down": {"uv": [9.63636, 5.81818, 9.09091, 6.54545], "texture": "#4"}
			}
		},
		{
			"from": [7.25, 20.06066, 9],
			"to": [8.75, 20.56066, 9.5],
			"rotation": {"angle": -45, "axis": "x", "origin": [8, 21.56066, 8]},
			"faces": {
				"east": {"uv": [15.63636, 5.81818, 15.81818, 6], "texture": "#4"},
				"south": {"uv": [9.09091, 13.81818, 9.63636, 14], "texture": "#4"},
				"west": {"uv": [6.18182, 15.63636, 6.36364, 15.81818], "texture": "#4"},
				"down": {"uv": [14.36364, 9.45455, 13.81818, 9.63636], "texture": "#4"}
			}
		},
		{
			"from": [7.5, 20.31066, 6.75],
			"to": [8.5, 22.81066, 9.25],
			"rotation": {"angle": 45, "axis": "x", "origin": [8, 21.56066, 8]},
			"faces": {
				"east": {"uv": [0, 4, 0.90909, 4.90909], "texture": "#4"},
				"west": {"uv": [4, 2.18182, 4.90909, 3.09091], "texture": "#4"}
			}
		},
		{
			"from": [5, 20.18934, 7],
			"to": [7, 21.68934, 9],
			"rotation": {"angle": 22.5, "axis": "z", "origin": [6, 21.93934, 8.0625]},
			"faces": {
				"north": {"uv": [9.45455, 0, 10.18182, 0.54545], "texture": "#4"},
				"east": {"uv": [9.45455, 1.09091, 10.18182, 1.63636], "texture": "#4"},
				"south": {"uv": [9.45455, 2.18182, 10.18182, 2.72727], "texture": "#4"},
				"west": {"uv": [9.45455, 3.27273, 10.18182, 3.81818], "texture": "#4"},
				"down": {"uv": [0.72727, 7.63636, 0, 8.36364], "texture": "#4"}
			}
		},
		{
			"from": [4.875, 21.68934, 6.875],
			"to": [7.125, 22.43934, 9.125],
			"rotation": {"angle": 22.5, "axis": "z", "origin": [6, 21.93934, 8.0625]},
			"faces": {
				"north": {"uv": [0, 11.63636, 0.81818, 11.90909], "texture": "#4"},
				"east": {"uv": [11.63636, 0, 12.45455, 0.27273], "texture": "#4"},
				"south": {"uv": [11.63636, 0.72727, 12.45455, 1], "texture": "#4"},
				"west": {"uv": [1.45455, 11.63636, 2.27273, 11.90909], "texture": "#4"},
				"up": {"uv": [7.72727, 7.36364, 6.90909, 6.54545], "texture": "#4"},
				"down": {"uv": [8.09091, 0, 7.27273, 0.81818], "texture": "#4"}
			}
		},
		{
			"from": [5.625, 22.43934, 8.125],
			"to": [6.375, 23.18934, 8.875],
			"rotation": {"angle": 22.5, "axis": "z", "origin": [6, 21.93934, 8.0625]},
			"faces": {
				"east": {"uv": [5.45455, 15.27273, 5.72727, 15.54545], "texture": "#4"},
				"south": {"uv": [8.72727, 15.27273, 9, 15.54545], "texture": "#4"},
				"west": {"uv": [9.45455, 15.27273, 9.72727, 15.54545], "texture": "#4"},
				"up": {"uv": [15.54545, 11.18182, 15.27273, 10.90909], "texture": "#4"}
			}
		},
		{
			"from": [5.625, 22.43934, 7.125],
			"to": [6.375, 23.43934, 8.125],
			"rotation": {"angle": 22.5, "axis": "z", "origin": [6, 21.93934, 8.0625]},
			"faces": {
				"north": {"uv": [12.36364, 13.45455, 12.63636, 13.81818], "texture": "#4"},
				"east": {"uv": [7.27273, 3.63636, 7.63636, 4], "texture": "#4"},
				"south": {"uv": [6.18182, 13.81818, 6.45455, 14.18182], "texture": "#4"},
				"west": {"uv": [9.09091, 6.90909, 9.45455, 7.27273], "texture": "#4"},
				"up": {"uv": [14.09091, 10.54545, 13.81818, 10.18182], "texture": "#4"}
			}
		},
		{
			"from": [6.5378, 22.25677, 7.3625],
			"to": [7.7878, 22.28677, 8.6125],
			"rotation": {"angle": 45, "axis": "z", "origin": [6, 21.93934, 8.0625]},
			"faces": {
				"up": {"uv": [5.54545, 11.72727, 5.09091, 11.27273], "texture": "#4"},
				"down": {"uv": [12.09091, 1.45455, 11.63636, 1.90909], "texture": "#4"}
			}
		},
		{
			"from": [4.2122, 22.25677, 7.3625],
			"to": [5.4622, 22.28677, 8.6125],
			"rotation": {"angle": 0, "axis": "y", "origin": [6, 21.93934, 8.0625]},
			"faces": {
				"up": {"uv": [12.09091, 3, 11.63636, 2.54545], "texture": "#4"},
				"down": {"uv": [12.09091, 6.18182, 11.63636, 6.63636], "texture": "#4"}
			}
		},
		{
			"from": [9, 20.18934, 7],
			"to": [11, 21.68934, 9],
			"rotation": {"angle": -22.5, "axis": "z", "origin": [10, 21.93934, 7.9375]},
			"faces": {
				"north": {"uv": [9.45455, 2.18182, 10.18182, 2.72727], "texture": "#4"},
				"east": {"uv": [9.45455, 3.27273, 10.18182, 3.81818], "texture": "#4"},
				"south": {"uv": [9.45455, 0, 10.18182, 0.54545], "texture": "#4"},
				"west": {"uv": [9.45455, 1.09091, 10.18182, 1.63636], "texture": "#4"},
				"down": {"uv": [0, 8.36364, 0.72727, 7.63636], "texture": "#4"}
			}
		},
		{
			"from": [8.875, 21.68934, 6.875],
			"to": [11.125, 22.43934, 9.125],
			"rotation": {"angle": -22.5, "axis": "z", "origin": [10, 21.93934, 7.9375]},
			"faces": {
				"north": {"uv": [11.63636, 0.72727, 12.45455, 1], "texture": "#4"},
				"east": {"uv": [1.45455, 11.63636, 2.27273, 11.90909], "texture": "#4"},
				"south": {"uv": [0, 11.63636, 0.81818, 11.90909], "texture": "#4"},
				"west": {"uv": [11.63636, 0, 12.45455, 0.27273], "texture": "#4"},
				"up": {"uv": [6.90909, 6.54545, 7.72727, 7.36364], "texture": "#4"},
				"down": {"uv": [7.27273, 0.81818, 8.09091, 0], "texture": "#4"}
			}
		},
		{
			"from": [9.625, 22.43934, 7.125],
			"to": [10.375, 23.18934, 7.875],
			"rotation": {"angle": -22.5, "axis": "z", "origin": [10, 21.93934, 7.9375]},
			"faces": {
				"north": {"uv": [8.72727, 15.27273, 9, 15.54545], "texture": "#4"},
				"east": {"uv": [9.45455, 15.27273, 9.72727, 15.54545], "texture": "#4"},
				"west": {"uv": [5.45455, 15.27273, 5.72727, 15.54545], "texture": "#4"},
				"up": {"uv": [15.27273, 10.90909, 15.54545, 11.18182], "texture": "#4"}
			}
		},
		{
			"from": [9.625, 22.43934, 7.875],
			"to": [10.375, 23.43934, 8.875],
			"rotation": {"angle": -22.5, "axis": "z", "origin": [10, 21.93934, 7.9375]},
			"faces": {
				"north": {"uv": [6.18182, 13.81818, 6.45455, 14.18182], "texture": "#4"},
				"east": {"uv": [9.09091, 6.90909, 9.45455, 7.27273], "texture": "#4"},
				"south": {"uv": [12.36364, 13.45455, 12.63636, 13.81818], "texture": "#4"},
				"west": {"uv": [7.27273, 3.63636, 7.63636, 4], "texture": "#4"},
				"up": {"uv": [13.81818, 10.18182, 14.09091, 10.54545], "texture": "#4"}
			}
		},
		{
			"from": [8.2122, 22.25677, 7.3875],
			"to": [9.4622, 22.28677, 8.6375],
			"rotation": {"angle": -45, "axis": "z", "origin": [10, 21.93934, 7.9375]},
			"faces": {
				"up": {"uv": [5.09091, 11.27273, 5.54545, 11.72727], "texture": "#4"},
				"down": {"uv": [11.63636, 1.90909, 12.09091, 1.45455], "texture": "#4"}
			}
		},
		{
			"from": [10.5378, 22.25677, 7.3875],
			"to": [11.7878, 22.28677, 8.6375],
			"rotation": {"angle": 0, "axis": "y", "origin": [10, 21.93934, 7.9375]},
			"faces": {
				"up": {"uv": [11.63636, 2.54545, 12.09091, 3], "texture": "#4"},
				"down": {"uv": [11.63636, 6.63636, 12.09091, 6.18182], "texture": "#4"}
			}
		},
		{
			"from": [6.75, 22.3859, 5.5125],
			"to": [9.25, 23.3859, 7.0125],
			"rotation": {"angle": -22.5, "axis": "x", "origin": [8.5625, 23.6984, 6.2625]},
			"faces": {
				"north": {"uv": [8, 9.81818, 8.90909, 10.18182], "texture": "#4"},
				"east": {"uv": [11.63636, 3.63636, 12.18182, 4], "texture": "#4"},
				"south": {"uv": [9.81818, 8.72727, 10.72727, 9.09091], "texture": "#4"},
				"west": {"uv": [11.27273, 11.63636, 11.81818, 12], "texture": "#4"},
				"down": {"uv": [6.72727, 8, 5.81818, 8.54545], "texture": "#4"}
			}
		},
		{
			"from": [6.625, 23.3859, 5.3875],
			"to": [9.375, 24.1359, 7.1375],
			"rotation": {"angle": -22.5, "axis": "x", "origin": [8.5625, 23.6984, 6.2625]},
			"faces": {
				"north": {"uv": [11.27273, 5.45455, 12.27273, 5.72727], "texture": "#4"},
				"east": {"uv": [12.72727, 3.63636, 13.36364, 3.90909], "texture": "#4"},
				"south": {"uv": [11.27273, 8.72727, 12.27273, 9], "texture": "#4"},
				"west": {"uv": [12.72727, 5.09091, 13.36364, 5.36364], "texture": "#4"},
				"up": {"uv": [8.27273, 2.09091, 7.27273, 1.45455], "texture": "#4"},
				"down": {"uv": [8.27273, 2.54545, 7.27273, 3.18182], "texture": "#4"}
			}
		},
		{
			"from": [8.125, 23.94456, 5.92556],
			"to": [8.625, 24.44456, 6.67556],
			"rotation": {"angle": -22.5, "axis": "x", "origin": [7.3125, 23.50706, 5.80056]},
			"faces": {
				"north": {"uv": [6.90909, 15.63636, 7.09091, 15.81818], "texture": "#4"},
				"east": {"uv": [14.90909, 15.27273, 15.18182, 15.45455], "texture": "#4"},
				"south": {"uv": [7.63636, 15.63636, 7.81818, 15.81818], "texture": "#4"},
				"up": {"uv": [15.81818, 1.72727, 15.63636, 1.45455], "texture": "#4"}
			}
		},
		{
			"from": [7.375, 23.94456, 5.92556],
			"to": [8.125, 24.69456, 6.67556],
			"rotation": {"angle": -22.5, "axis": "x", "origin": [7.3125, 23.50706, 5.80056]},
			"faces": {
				"north": {"uv": [11.27273, 15.27273, 11.54545, 15.54545], "texture": "#4"},
				"east": {"uv": [15.27273, 11.63636, 15.54545, 11.90909], "texture": "#4"},
				"south": {"uv": [12, 15.27273, 12.27273, 15.54545], "texture": "#4"},
				"west": {"uv": [15.27273, 12.36364, 15.54545, 12.63636], "texture": "#4"},
				"up": {"uv": [13, 15.54545, 12.72727, 15.27273], "texture": "#4"}
			}
		},
		{
			"from": [7.65, 23.95809, 4.99862],
			"to": [8.4, 23.98809, 5.74862],
			"rotation": {"angle": 0, "axis": "y", "origin": [8.1, 23.6984, 6.2625]},
			"faces": {
				"up": {"uv": [15.54545, 13.36364, 15.27273, 13.09091], "texture": "#4"},
				"down": {"uv": [13.72727, 15.27273, 13.45455, 15.54545], "texture": "#4"}
			}
		},
		{
			"from": [7.65, 24.21228, 6.00281],
			"to": [8.4, 24.96228, 6.03281],
			"rotation": {"angle": 45, "axis": "x", "origin": [8.1, 23.6984, 6.2625]},
			"faces": {
				"north": {"uv": [15.27273, 13.81818, 15.54545, 14.09091], "texture": "#4"},
				"south": {"uv": [14.18182, 15.27273, 14.45455, 15.54545], "texture": "#4"}
			}
		},
		{
			"from": [7.6, 24.21228, 9.96719],
			"to": [8.35, 24.96228, 9.99719],
			"rotation": {"angle": -45, "axis": "x", "origin": [7.9, 23.6984, 9.7375]},
			"faces": {
				"north": {"uv": [14.18182, 15.27273, 14.45455, 15.54545], "texture": "#4"},
				"south": {"uv": [15.27273, 13.81818, 15.54545, 14.09091], "texture": "#4"}
			}
		},
		{
			"from": [7.875, 23.94456, 9.32444],
			"to": [8.625, 24.69456, 10.07444],
			"rotation": {"angle": 22.5, "axis": "x", "origin": [8.6875, 23.50706, 10.19944]},
			"faces": {
				"north": {"uv": [12, 15.27273, 12.27273, 15.54545], "texture": "#4"},
				"east": {"uv": [15.27273, 12.36364, 15.54545, 12.63636], "texture": "#4"},
				"south": {"uv": [11.27273, 15.27273, 11.54545, 15.54545], "texture": "#4"},
				"west": {"uv": [15.27273, 11.63636, 15.54545, 11.90909], "texture": "#4"},
				"up": {"uv": [12.72727, 15.27273, 13, 15.54545], "texture": "#4"}
			}
		},
		{
			"from": [7.375, 23.94456, 9.32444],
			"to": [7.875, 24.44456, 10.07444],
			"rotation": {"angle": 22.5, "axis": "x", "origin": [8.6875, 23.50706, 10.19944]},
			"faces": {
				"north": {"uv": [7.63636, 15.63636, 7.81818, 15.81818], "texture": "#4"},
				"south": {"uv": [6.90909, 15.63636, 7.09091, 15.81818], "texture": "#4"},
				"west": {"uv": [14.90909, 15.27273, 15.18182, 15.45455], "texture": "#4"},
				"up": {"uv": [15.63636, 1.45455, 15.81818, 1.72727], "texture": "#4"}
			}
		},
		{
			"from": [6.625, 23.3859, 8.8625],
			"to": [9.375, 24.1359, 10.6125],
			"rotation": {"angle": 22.5, "axis": "x", "origin": [7.4375, 23.6984, 9.7375]},
			"faces": {
				"north": {"uv": [11.27273, 8.72727, 12.27273, 9], "texture": "#4"},
				"east": {"uv": [12.72727, 5.09091, 13.36364, 5.36364], "texture": "#4"},
				"south": {"uv": [11.27273, 5.45455, 12.27273, 5.72727], "texture": "#4"},
				"west": {"uv": [12.72727, 3.63636, 13.36364, 3.90909], "texture": "#4"},
				"up": {"uv": [7.27273, 1.45455, 8.27273, 2.09091], "texture": "#4"},
				"down": {"uv": [7.27273, 3.18182, 8.27273, 2.54545], "texture": "#4"}
			}
		},
		{
			"from": [7.6, 23.95809, 10.25138],
			"to": [8.35, 23.98809, 11.00138],
			"rotation": {"angle": 0, "axis": "y", "origin": [7.9, 23.6984, 9.7375]},
			"faces": {
				"up": {"uv": [15.27273, 13.09091, 15.54545, 13.36364], "texture": "#4"},
				"down": {"uv": [13.45455, 15.54545, 13.72727, 15.27273], "texture": "#4"}
			}
		},
		{
			"from": [6.75, 22.3859, 8.9875],
			"to": [9.25, 23.3859, 10.4875],
			"rotation": {"angle": 22.5, "axis": "x", "origin": [7.4375, 23.6984, 9.7375]},
			"faces": {
				"north": {"uv": [9.81818, 8.72727, 10.72727, 9.09091], "texture": "#4"},
				"east": {"uv": [11.27273, 11.63636, 11.81818, 12], "texture": "#4"},
				"south": {"uv": [8, 9.81818, 8.90909, 10.18182], "texture": "#4"},
				"west": {"uv": [11.63636, 3.63636, 12.18182, 4], "texture": "#4"},
				"down": {"uv": [5.81818, 8.54545, 6.72727, 8], "texture": "#4"}
			}
		},
		{
			"from": [5.75973, 19.96421, 10.21769],
			"to": [5.78973, 24.96421, 11.46769],
			"rotation": {"angle": -22.5, "axis": "y", "origin": [7.3818, 22.46421, 12.0418]},
			"faces": {
				"east": {"uv": [4.45455, 3.63636, 4, 5.45455], "texture": "#4"},
				"west": {"uv": [4, 3.63636, 4.45455, 5.45455], "texture": "#4"}
			}
		},
		{
			"from": [6.64078, 19.96421, 10.48887],
			"to": [6.67078, 24.96421, 11.73887],
			"rotation": {"angle": 22.5, "axis": "y", "origin": [7.3818, 22.46421, 12.0418]},
			"faces": {
				"east": {"uv": [1.90909, 4.36364, 1.45455, 6.18182], "texture": "#4"},
				"west": {"uv": [1.45455, 4.36364, 1.90909, 6.18182], "texture": "#4"}
			}
		},
		{
			"from": [6.81311, 19.96421, 11.47835],
			"to": [6.84311, 24.96421, 12.72835],
			"rotation": {"angle": 45, "axis": "y", "origin": [7.3818, 22.46421, 12.0418]},
			"faces": {
				"east": {"uv": [3, 4.36364, 2.54545, 6.18182], "texture": "#4"},
				"west": {"uv": [2.54545, 4.36364, 3, 6.18182], "texture": "#4"}
			}
		},
		{
			"from": [8.44631, 19.96421, 9.84515],
			"to": [9.69631, 24.96421, 9.87515],
			"rotation": {"angle": 45, "axis": "y", "origin": [7.3818, 22.46421, 12.0418]},
			"faces": {
				"north": {"uv": [5.09091, 0, 5.54545, 1.81818], "texture": "#4"},
				"south": {"uv": [5.54545, 0, 5.09091, 1.81818], "texture": "#4"}
			}
		},
		{
			"from": [7.11685, 19.96421, 12.88224],
			"to": [7.14685, 24.96421, 14.13224],
			"rotation": {"angle": 22.5, "axis": "y", "origin": [7.3818, 22.46421, 12.0418]},
			"faces": {
				"east": {"uv": [5.54545, 3.63636, 5.09091, 5.45455], "texture": "#4"},
				"west": {"uv": [5.09091, 3.63636, 5.54545, 5.45455], "texture": "#4"}
			}
		},
		{
			"from": [7.93471, 19.96421, 14.06303],
			"to": [7.96471, 24.96421, 15.31303],
			"rotation": {"angle": 0, "axis": "y", "origin": [7.3818, 22.46421, 12.0418]},
			"faces": {
				"east": {"uv": [0.45455, 5.45455, 0, 7.27273], "texture": "#4"},
				"west": {"uv": [0, 5.45455, 0.45455, 7.27273], "texture": "#4"}
			}
		},
		{
			"from": [6.30369, 19.96421, 9.84515],
			"to": [7.55369, 24.96421, 9.87515],
			"rotation": {"angle": -45, "axis": "y", "origin": [8.6182, 22.46421, 12.0418]},
			"faces": {
				"north": {"uv": [5.54545, 0, 5.09091, 1.81818], "texture": "#4"},
				"south": {"uv": [5.09091, 0, 5.54545, 1.81818], "texture": "#4"}
			}
		},
		{
			"from": [10.21027, 19.96421, 10.21769],
			"to": [10.24027, 24.96421, 11.46769],
			"rotation": {"angle": 22.5, "axis": "y", "origin": [8.6182, 22.46421, 12.0418]},
			"faces": {
				"east": {"uv": [4.45455, 3.63636, 4, 5.45455], "texture": "#4"},
				"west": {"uv": [4, 3.63636, 4.45455, 5.45455], "texture": "#4"}
			}
		},
		{
			"from": [9.32922, 19.96421, 10.48887],
			"to": [9.35922, 24.96421, 11.73887],
			"rotation": {"angle": -22.5, "axis": "y", "origin": [8.6182, 22.46421, 12.0418]},
			"faces": {
				"east": {"uv": [1.90909, 4.36364, 1.45455, 6.18182], "texture": "#4"},
				"west": {"uv": [1.45455, 4.36364, 1.90909, 6.18182], "texture": "#4"}
			}
		},
		{
			"from": [9.15689, 19.96421, 11.47835],
			"to": [9.18689, 24.96421, 12.72835],
			"rotation": {"angle": -45, "axis": "y", "origin": [8.6182, 22.46421, 12.0418]},
			"faces": {
				"east": {"uv": [3, 4.36364, 2.54545, 6.18182], "texture": "#4"},
				"west": {"uv": [2.54545, 4.36364, 3, 6.18182], "texture": "#4"}
			}
		},
		{
			"from": [8.85315, 19.96421, 12.88224],
			"to": [8.88315, 24.96421, 14.13224],
			"rotation": {"angle": -22.5, "axis": "y", "origin": [8.6182, 22.46421, 12.0418]},
			"faces": {
				"east": {"uv": [5.54545, 3.63636, 5.09091, 5.45455], "texture": "#4"},
				"west": {"uv": [5.09091, 3.63636, 5.54545, 5.45455], "texture": "#4"}
			}
		},
		{
			"from": [8.03529, 19.96421, 14.06303],
			"to": [8.06529, 24.96421, 15.31303],
			"rotation": {"angle": 0, "axis": "y", "origin": [8.6182, 22.46421, 12.0418]},
			"faces": {
				"east": {"uv": [0.45455, 5.45455, 0, 7.27273], "texture": "#4"},
				"west": {"uv": [0, 5.45455, 0.45455, 7.27273], "texture": "#4"}
			}
		},
		{
			"from": [7.25, 18.93934, 5.5],
			"to": [8.75, 19.93934, 7],
			"rotation": {"angle": 22.5, "axis": "x", "origin": [8, 19.93934, 6.25]},
			"faces": {
				"north": {"uv": [6.18182, 12, 6.72727, 12.36364], "texture": "#4"},
				"east": {"uv": [8.36364, 12, 8.90909, 12.36364], "texture": "#4"},
				"south": {"uv": [0, 12.36364, 0.54545, 12.72727], "texture": "#4"},
				"west": {"uv": [1.09091, 12.36364, 1.63636, 12.72727], "texture": "#4"},
				"up": {"uv": [10, 10.36364, 9.45455, 9.81818], "texture": "#4"},
				"down": {"uv": [3.45455, 10.18182, 2.90909, 10.72727], "texture": "#4"}
			}
		},
		{
			"from": [7.375, 19.93934, 5.625],
			"to": [8.625, 20.93934, 6.875],
			"rotation": {"angle": 22.5, "axis": "x", "origin": [8, 19.93934, 6.25]},
			"faces": {
				"north": {"uv": [6.90909, 12.72727, 7.36364, 13.09091], "texture": "#4"},
				"east": {"uv": [12.72727, 6.90909, 13.18182, 7.27273], "texture": "#4"},
				"south": {"uv": [12.72727, 7.63636, 13.18182, 8], "texture": "#4"},
				"west": {"uv": [8, 12.72727, 8.45455, 13.09091], "texture": "#4"},
				"up": {"uv": [7.72727, 12.09091, 7.27273, 11.63636], "texture": "#4"}
			}
		},
		{
			"from": [7.375, 19.93934, 9.125],
			"to": [8.625, 20.93934, 10.375],
			"rotation": {"angle": -22.5, "axis": "x", "origin": [8, 19.93934, 9.75]},
			"faces": {
				"north": {"uv": [13.18182, 7.63636, 12.72727, 8], "texture": "#4"},
				"east": {"uv": [13.18182, 6.90909, 12.72727, 7.27273], "texture": "#4"},
				"south": {"uv": [7.36364, 12.72727, 6.90909, 13.09091], "texture": "#4"},
				"west": {"uv": [8.45455, 12.72727, 8, 13.09091], "texture": "#4"},
				"up": {"uv": [7.72727, 11.63636, 7.27273, 12.09091], "texture": "#4"}
			}
		},
		{
			"from": [7.25, 18.93934, 9],
			"to": [8.75, 19.93934, 10.5],
			"rotation": {"angle": -22.5, "axis": "x", "origin": [8, 19.93934, 9.75]},
			"faces": {
				"north": {"uv": [0.54545, 12.36364, 0, 12.72727], "texture": "#4"},
				"east": {"uv": [8.90909, 12, 8.36364, 12.36364], "texture": "#4"},
				"south": {"uv": [6.72727, 12, 6.18182, 12.36364], "texture": "#4"},
				"west": {"uv": [1.63636, 12.36364, 1.09091, 12.72727], "texture": "#4"},
				"up": {"uv": [10, 9.81818, 9.45455, 10.36364], "texture": "#4"},
				"down": {"uv": [3.45455, 10.72727, 2.90909, 10.18182], "texture": "#4"}
			}
		},
		{
			"from": [7.625, 20.56066, 3.37868],
			"to": [8.375, 22.56066, 7.12868],
			"rotation": {"angle": 0, "axis": "y", "origin": [7.375, 20.56066, 3.12868]},
			"faces": {
				"east": {"uv": [2.18182, 2.18182, 3.54545, 2.90909], "texture": "#4"},
				"west": {"uv": [2.18182, 3.27273, 3.54545, 4], "texture": "#4"},
				"up": {"uv": [10.09091, 8.27273, 9.81818, 6.90909], "texture": "#4"},
				"down": {"uv": [7.54545, 9.81818, 7.27273, 11.18182], "texture": "#4"}
			}
		},
		{
			"from": [7.6225, 20.09753, 2.04629],
			"to": [8.3775, 21.94753, 4.54629],
			"rotation": {"angle": -22.5, "axis": "x", "origin": [7.3725, 19.94753, 2.54629]},
			"faces": {
				"north": {"uv": [12.72727, 5.81818, 13, 6.45455], "texture": "#4"},
				"east": {"uv": [3.27273, 8, 4.18182, 8.63636], "texture": "#4"},
				"south": {"uv": [6.18182, 12.72727, 6.45455, 13.36364], "texture": "#4"},
				"west": {"uv": [8, 3.63636, 8.90909, 4.27273], "texture": "#4"},
				"up": {"uv": [5.72727, 3.09091, 5.45455, 2.18182], "texture": "#4"},
				"down": {"uv": [6.45455, 4.36364, 6.18182, 5.27273], "texture": "#4"}
			}
		},
		{
			"from": [7.985, 15.14882, -4.74647],
			"to": [8.015, 20.14882, 7.50353],
			"rotation": {"angle": -22.5, "axis": "x", "origin": [7.985, 17.89882, -1.74647]},
			"faces": {
				"east": {"uv": [4.45455, 0, 0, 1.81818], "texture": "#4"},
				"west": {"uv": [0, 0, 4.45455, 1.81818], "texture": "#4"}
			}
		},
		{
			"from": [7.23464, 19.68934, 2.25],
			"to": [7.26464, 21.68934, 6.25],
			"rotation": {"angle": 0, "axis": "y", "origin": [7.23464, 18.68934, 2.25]},
			"faces": {
				"east": {"uv": [10.66667, 10.66667, 5.33333, 13.33333], "texture": "#3"},
				"west": {"uv": [5.33333, 10.66667, 10.66667, 13.33333], "texture": "#3"}
			}
		},
		{
			"from": [7.80866, 21.57516, 2.25],
			"to": [7.83866, 23.57516, 6.25],
			"rotation": {"angle": -22.5, "axis": "z", "origin": [7.80866, 23.07516, 4.25]},
			"faces": {
				"east": {"uv": [10.66667, 8, 5.33333, 10.66667], "texture": "#3"},
				"west": {"uv": [5.33333, 8, 10.66667, 10.66667], "texture": "#3"}
			}
		},
		{
			"from": [7.61732, 17.76546, 2.25],
			"to": [7.64732, 19.76546, 6.25],
			"rotation": {"angle": 22.5, "axis": "z", "origin": [7.61732, 18.76546, 4.25]},
			"faces": {
				"east": {"uv": [10.66667, 13.33333, 5.33333, 16], "texture": "#3"},
				"west": {"uv": [5.33333, 13.33333, 10.66667, 16], "texture": "#3"}
			}
		},
		{
			"from": [8.16362, 21.56368, 2.25],
			"to": [8.19362, 23.56368, 6.25],
			"rotation": {"angle": 22.5, "axis": "z", "origin": [8.16362, 23.06368, 4.25]},
			"faces": {
				"east": {"uv": [10.66667, 8, 16, 10.66667], "texture": "#3"},
				"west": {"uv": [16, 8, 10.66667, 10.66667], "texture": "#3"}
			}
		},
		{
			"from": [8.73536, 19.68934, 2.25],
			"to": [8.76536, 21.68934, 6.25],
			"rotation": {"angle": 0, "axis": "y", "origin": [8.73536, 18.68934, 2.25]},
			"faces": {
				"east": {"uv": [10.66667, 10.66667, 16, 13.33333], "texture": "#3"},
				"west": {"uv": [16, 10.66667, 10.66667, 13.33333], "texture": "#3"}
			}
		},
		{
			"from": [8.35496, 17.77694, 2.25],
			"to": [8.38496, 19.77694, 6.25],
			"rotation": {"angle": -22.5, "axis": "z", "origin": [8.35496, 18.77694, 4.25]},
			"faces": {
				"east": {"uv": [10.66667, 13.33333, 16, 16], "texture": "#3"},
				"west": {"uv": [16, 13.33333, 10.66667, 16], "texture": "#3"}
			}
		},
		{
			"from": [8.16362, 21.06368, -1.75],
			"to": [8.19362, 23.06368, 2.25],
			"rotation": {"angle": 22.5, "axis": "z", "origin": [8.16362, 22.56368, 0.25]},
			"faces": {
				"east": {"uv": [0, 0, 5.33333, 2.66667], "texture": "#3"},
				"west": {"uv": [5.33333, 0, 0, 2.66667], "texture": "#3"}
			}
		},
		{
			"from": [8.73536, 17.18934, -1.75],
			"to": [8.76536, 21.18934, 2.25],
			"rotation": {"angle": 0, "axis": "y", "origin": [8.73536, 18.18934, -1.75]},
			"faces": {
				"east": {"uv": [5.33333, 0, 10.66667, 5.33333], "texture": "#3"},
				"west": {"uv": [10.66667, 0, 5.33333, 5.33333], "texture": "#3"}
			}
		},
		{
			"from": [8.35496, 15.27694, -1.75],
			"to": [8.38496, 17.27694, 2.25],
			"rotation": {"angle": -22.5, "axis": "z", "origin": [8.35496, 16.27694, 0.25]},
			"faces": {
				"east": {"uv": [5.33333, 5.33333, 10.66667, 8], "texture": "#3"},
				"west": {"uv": [10.66667, 5.33333, 5.33333, 8], "texture": "#3"}
			}
		},
		{
			"from": [7.80866, 21.07516, -1.75],
			"to": [7.83866, 23.07516, 2.25],
			"rotation": {"angle": -22.5, "axis": "z", "origin": [7.80866, 22.57516, 0.25]},
			"faces": {
				"east": {"uv": [5.33333, 5.33333, 0, 8], "texture": "#3"},
				"west": {"uv": [0, 5.33333, 5.33333, 8], "texture": "#3"}
			}
		},
		{
			"from": [7.23464, 17.18934, -1.75],
			"to": [7.26464, 21.18934, 2.25],
			"rotation": {"angle": 0, "axis": "y", "origin": [7.23464, 18.18934, -1.75]},
			"faces": {
				"east": {"uv": [5.33333, 8, 0, 13.33333], "texture": "#3"},
				"west": {"uv": [0, 8, 5.33333, 13.33333], "texture": "#3"}
			}
		},
		{
			"from": [7.61732, 15.26546, -1.75],
			"to": [7.64732, 17.26546, 2.25],
			"rotation": {"angle": 22.5, "axis": "z", "origin": [7.61732, 16.26546, 0.25]},
			"faces": {
				"east": {"uv": [5.33333, 13.33333, 0, 16], "texture": "#3"},
				"west": {"uv": [0, 13.33333, 5.33333, 16], "texture": "#3"}
			}
		},
		{
			"from": [7.6225, 25.56066, 7],
			"to": [8.3775, 27.56066, 9],
			"rotation": {"angle": -45, "axis": "x", "origin": [7.9975, 26.56066, 8]},
			"faces": {
				"north": {"uv": [5.45455, 12.36364, 5.72727, 13.09091], "texture": "#4"},
				"east": {"uv": [4.72727, 8, 5.45455, 8.72727], "texture": "#4"},
				"south": {"uv": [12.36364, 12.36364, 12.63636, 13.09091], "texture": "#4"},
				"west": {"uv": [8, 4.72727, 8.72727, 5.45455], "texture": "#4"},
				"up": {"uv": [13, 2.18182, 12.72727, 1.45455], "texture": "#4"},
				"down": {"uv": [13, 2.54545, 12.72727, 3.27273], "texture": "#4"}
			}
		},
		{
			"from": [7.625, 22.56066, 7],
			"to": [8.375, 26.56066, 9],
			"rotation": {"angle": 0, "axis": "y", "origin": [8, 25.06066, 8]},
			"faces": {
				"north": {"uv": [6.54545, 9.09091, 6.81818, 10.54545], "texture": "#4"},
				"east": {"uv": [0, 2.18182, 0.72727, 3.63636], "texture": "#4"},
				"south": {"uv": [2.18182, 9.81818, 2.45455, 11.27273], "texture": "#4"},
				"west": {"uv": [1.09091, 2.18182, 1.81818, 3.63636], "texture": "#4"}
			}
		},
		{
			"from": [7.29289, -3.25, 7.92678],
			"to": [8.54289, 1.75, 9.17678],
			"rotation": {"angle": 45, "axis": "y", "origin": [7.29289, 1, 8.17678]},
			"faces": {
				"north": {"uv": [3.63636, 5.81818, 4.09091, 7.63636], "texture": "#4"},
				"east": {"uv": [4.72727, 5.81818, 5.18182, 7.63636], "texture": "#4"},
				"south": {"uv": [5.81818, 5.81818, 6.27273, 7.63636], "texture": "#4"},
				"west": {"uv": [6.18182, 0, 6.63636, 1.81818], "texture": "#4"}
			}
		},
		{
			"from": [7.29289, 14.75, 7.92678],
			"to": [8.54289, 19.5, 9.17678],
			"rotation": {"angle": 45, "axis": "y", "origin": [7.29289, 16, 8.17678]},
			"faces": {
				"north": {"uv": [6.18182, 2.18182, 6.63636, 3.90909], "texture": "#4"},
				"east": {"uv": [1.09091, 6.54545, 1.54545, 8.27273], "texture": "#4"},
				"south": {"uv": [2.18182, 6.54545, 2.63636, 8.27273], "texture": "#4"},
				"west": {"uv": [6.90909, 4.36364, 7.36364, 6.09091], "texture": "#4"}
			}
		},
		{
			"from": [7.25, 3.25, 7.25],
			"to": [8.75, 3.75, 8.75],
			"rotation": {"angle": -45, "axis": "y", "origin": [8, 3.5, 8]},
			"faces": {
				"north": {"uv": [14.90909, 6.54545, 15.45455, 6.72727], "texture": "#4"},
				"east": {"uv": [14.90909, 7.27273, 15.45455, 7.45455], "texture": "#4"},
				"south": {"uv": [7.63636, 14.90909, 8.18182, 15.09091], "texture": "#4"},
				"west": {"uv": [14.90909, 8, 15.45455, 8.18182], "texture": "#4"},
				"up": {"uv": [4.54545, 11.81818, 4, 11.27273], "texture": "#4"},
				"down": {"uv": [11.81818, 4.36364, 11.27273, 4.90909], "texture": "#4"}
			}
		},
		{
			"from": [7.25, 1.75, 7.25],
			"to": [8.75, 2.25, 8.75],
			"rotation": {"angle": -45, "axis": "y", "origin": [8, 2, 8]},
			"faces": {
				"north": {"uv": [3.27273, 14.90909, 3.81818, 15.09091], "texture": "#4"},
				"east": {"uv": [14.90909, 3.63636, 15.45455, 3.81818], "texture": "#4"},
				"south": {"uv": [14.90909, 5.09091, 15.45455, 5.27273], "texture": "#4"},
				"west": {"uv": [6.54545, 14.90909, 7.09091, 15.09091], "texture": "#4"},
				"up": {"uv": [9.63636, 11.45455, 9.09091, 10.90909], "texture": "#4"},
				"down": {"uv": [3.45455, 11.27273, 2.90909, 11.81818], "texture": "#4"}
			}
		},
		{
			"from": [7.42678, 5.25, 7.5],
			"to": [8.67678, 5.75, 8.75],
			"rotation": {"angle": -45, "axis": "y", "origin": [8.17678, 5.5, 8]},
			"faces": {
				"north": {"uv": [15.27273, 0, 15.72727, 0.18182], "texture": "#4"},
				"east": {"uv": [15.27273, 0.72727, 15.72727, 0.90909], "texture": "#4"},
				"south": {"uv": [1.09091, 15.27273, 1.54545, 15.45455], "texture": "#4"},
				"west": {"uv": [4.36364, 15.27273, 4.81818, 15.45455], "texture": "#4"},
				"up": {"uv": [10.63636, 12.09091, 10.18182, 11.63636], "texture": "#4"},
				"down": {"uv": [12.09091, 10.54545, 11.63636, 11], "texture": "#4"}
			}
		},
		{
			"from": [7.67678, 3.75, 7.57322],
			"to": [8.67678, 7.25, 8.57322],
			"rotation": {"angle": -45, "axis": "y", "origin": [8.17678, 6, 7.82322]},
			"faces": {
				"north": {"uv": [8.72727, 0, 9.09091, 1.27273], "texture": "#4"},
				"east": {"uv": [0.72727, 8.72727, 1.09091, 10], "texture": "#4"},
				"south": {"uv": [1.45455, 8.72727, 1.81818, 10], "texture": "#4"},
				"west": {"uv": [8.72727, 1.81818, 9.09091, 3.09091], "texture": "#4"}
			}
		},
		{
			"from": [7.42678, 2.25, 7.5],
			"to": [8.67678, 3.25, 8.75],
			"rotation": {"angle": -45, "axis": "y", "origin": [8.17678, 2.5, 8]},
			"faces": {
				"north": {"uv": [13.09091, 12.36364, 13.54545, 12.72727], "texture": "#4"},
				"east": {"uv": [13.09091, 13.09091, 13.54545, 13.45455], "texture": "#4"},
				"south": {"uv": [13.45455, 1.45455, 13.90909, 1.81818], "texture": "#4"},
				"west": {"uv": [2.18182, 13.45455, 2.63636, 13.81818], "texture": "#4"}
			}
		},
		{
			"from": [7.42678, 10.75, 7.5],
			"to": [8.67678, 11.25, 8.75],
			"rotation": {"angle": -45, "axis": "y", "origin": [8.17678, 11, 8]},
			"faces": {
				"north": {"uv": [14.90909, 8.72727, 15.36364, 8.90909], "texture": "#4"},
				"east": {"uv": [14.90909, 9.45455, 15.36364, 9.63636], "texture": "#4"},
				"south": {"uv": [10.18182, 14.90909, 10.63636, 15.09091], "texture": "#4"},
				"west": {"uv": [0, 15.27273, 0.45455, 15.45455], "texture": "#4"},
				"up": {"uv": [12.09091, 7.72727, 11.63636, 7.27273], "texture": "#4"},
				"down": {"uv": [12.09091, 9.45455, 11.63636, 9.90909], "texture": "#4"}
			}
		},
		{
			"from": [7.67678, 9.25, 7.57322],
			"to": [8.67678, 12.75, 8.57322],
			"rotation": {"angle": -45, "axis": "y", "origin": [8.17678, 11.5, 7.82322]},
			"faces": {
				"north": {"uv": [7.27273, 8, 7.63636, 9.27273], "texture": "#4"},
				"east": {"uv": [8, 8, 8.36364, 9.27273], "texture": "#4"},
				"south": {"uv": [8.36364, 5.81818, 8.72727, 7.09091], "texture": "#4"},
				"west": {"uv": [0, 8.72727, 0.36364, 10], "texture": "#4"}
			}
		},
		{
			"from": [7.25, 14.25, 7.25],
			"to": [8.75, 14.75, 8.75],
			"rotation": {"angle": -45, "axis": "y", "origin": [8, 14.5, 8]},
			"faces": {
				"north": {"uv": [12.36364, 14.54545, 12.90909, 14.72727], "texture": "#4"},
				"east": {"uv": [13.45455, 14.54545, 14, 14.72727], "texture": "#4"},
				"south": {"uv": [14.54545, 14.54545, 15.09091, 14.72727], "texture": "#4"},
				"west": {"uv": [2.18182, 14.90909, 2.72727, 15.09091], "texture": "#4"},
				"up": {"uv": [11.09091, 11.09091, 10.54545, 10.54545], "texture": "#4"},
				"down": {"uv": [6.72727, 10.90909, 6.18182, 11.45455], "texture": "#4"}
			}
		},
		{
			"from": [7.25, 12.75, 7.25],
			"to": [8.75, 13.25, 8.75],
			"rotation": {"angle": -45, "axis": "y", "origin": [8, 13, 8]},
			"faces": {
				"north": {"uv": [14.54545, 5.81818, 15.09091, 6], "texture": "#4"},
				"east": {"uv": [9.09091, 14.54545, 9.63636, 14.72727], "texture": "#4"},
				"south": {"uv": [14.54545, 10.18182, 15.09091, 10.36364], "texture": "#4"},
				"west": {"uv": [11.27273, 14.54545, 11.81818, 14.72727], "texture": "#4"},
				"up": {"uv": [8.54545, 11.09091, 8, 10.54545], "texture": "#4"},
				"down": {"uv": [11.09091, 9.45455, 10.54545, 10], "texture": "#4"}
			}
		},
		{
			"from": [7.42678, 13.25, 7.5],
			"to": [8.67678, 14.25, 8.75],
			"rotation": {"angle": -45, "axis": "y", "origin": [8.17678, 14, 8]},
			"faces": {
				"north": {"uv": [1.09091, 13.09091, 1.54545, 13.45455], "texture": "#4"},
				"east": {"uv": [4.36364, 13.09091, 4.81818, 13.45455], "texture": "#4"},
				"south": {"uv": [9.09091, 13.09091, 9.54545, 13.45455], "texture": "#4"},
				"west": {"uv": [11.27273, 13.09091, 11.72727, 13.45455], "texture": "#4"}
			}
		},
		{
			"from": [7.25, 19.5, 7.25],
			"to": [8.75, 20, 8.75],
			"rotation": {"angle": -45, "axis": "y", "origin": [8, 19.75, 8]},
			"faces": {
				"north": {"uv": [14.54545, 2.90909, 15.09091, 3.09091], "texture": "#4"},
				"east": {"uv": [4.36364, 14.54545, 4.90909, 14.72727], "texture": "#4"},
				"south": {"uv": [14.54545, 4.36364, 15.09091, 4.54545], "texture": "#4"},
				"west": {"uv": [5.45455, 14.54545, 6, 14.72727], "texture": "#4"},
				"up": {"uv": [11.09091, 7.09091, 10.54545, 6.54545], "texture": "#4"},
				"down": {"uv": [11.09091, 7.63636, 10.54545, 8.18182], "texture": "#4"}
			}
		},
		{
			"from": [7.25, 19.02513, 6.5],
			"to": [8.75, 19.52513, 7],
			"rotation": {"angle": 45, "axis": "x", "origin": [8, 18.02513, 8]},
			"faces": {
				"east": {"uv": [10.18182, 15.63636, 10.36364, 15.81818], "texture": "#4"},
				"south": {"uv": [14.54545, 1.45455, 15.09091, 1.63636], "texture": "#4"},
				"west": {"uv": [15.63636, 10.18182, 15.81818, 10.36364], "texture": "#4"},
				"down": {"uv": [15.09091, 2.18182, 14.54545, 2.36364], "texture": "#4"}
			}
		},
		{
			"from": [7.25, -5.25, 7.25],
			"to": [8.75, -4.75, 8.75],
			"rotation": {"angle": -45, "axis": "y", "origin": [8, -5, 8]},
			"faces": {
				"north": {"uv": [14.18182, 13.09091, 14.72727, 13.27273], "texture": "#4"},
				"east": {"uv": [14.18182, 13.81818, 14.72727, 14], "texture": "#4"},
				"south": {"uv": [0, 14.54545, 0.54545, 14.72727], "texture": "#4"},
				"west": {"uv": [1.09091, 14.54545, 1.63636, 14.72727], "texture": "#4"},
				"up": {"uv": [11.09091, 2.72727, 10.54545, 2.18182], "texture": "#4"},
				"down": {"uv": [11.09091, 3.27273, 10.54545, 3.81818], "texture": "#4"}
			}
		},
		{
			"from": [7.42678, -4.75, 7.5],
			"to": [8.67678, -3.75, 8.75],
			"rotation": {"angle": -45, "axis": "y", "origin": [8.17678, -4.5, 8]},
			"faces": {
				"north": {"uv": [12.72727, 10.54545, 13.18182, 10.90909], "texture": "#4"},
				"east": {"uv": [0, 13.09091, 0.45455, 13.45455], "texture": "#4"},
				"south": {"uv": [13.09091, 0, 13.54545, 0.36364], "texture": "#4"},
				"west": {"uv": [13.09091, 0.72727, 13.54545, 1.09091], "texture": "#4"}
			}
		},
		{
			"from": [7.25, -3.75, 7.25],
			"to": [8.75, -3.25, 8.75],
			"rotation": {"angle": -45, "axis": "y", "origin": [8, -3.5, 8]},
			"faces": {
				"north": {"uv": [10.18182, 14.18182, 10.72727, 14.36364], "texture": "#4"},
				"east": {"uv": [14.18182, 10.90909, 14.72727, 11.09091], "texture": "#4"},
				"south": {"uv": [14.18182, 11.63636, 14.72727, 11.81818], "texture": "#4"},
				"west": {"uv": [14.18182, 12.36364, 14.72727, 12.54545], "texture": "#4"},
				"up": {"uv": [1.63636, 11.09091, 1.09091, 10.54545], "texture": "#4"},
				"down": {"uv": [11.09091, 1.09091, 10.54545, 1.63636], "texture": "#4"}
			}
		},
		{
			"from": [7.42678, 7.75, 7.5],
			"to": [8.67678, 8.75, 8.75],
			"rotation": {"angle": -45, "axis": "y", "origin": [8.17678, 8, 8]},
			"faces": {
				"north": {"uv": [12.72727, 8.36364, 13.18182, 8.72727], "texture": "#4"},
				"east": {"uv": [12.72727, 9.09091, 13.18182, 9.45455], "texture": "#4"},
				"south": {"uv": [12.72727, 9.81818, 13.18182, 10.18182], "texture": "#4"},
				"west": {"uv": [10.18182, 12.72727, 10.63636, 13.09091], "texture": "#4"}
			}
		},
		{
			"from": [7.25, 8.75, 7.25],
			"to": [8.75, 9.25, 8.75],
			"rotation": {"angle": -45, "axis": "y", "origin": [8, 9, 8]},
			"faces": {
				"north": {"uv": [2.18182, 14.18182, 2.72727, 14.36364], "texture": "#4"},
				"east": {"uv": [3.27273, 14.18182, 3.81818, 14.36364], "texture": "#4"},
				"south": {"uv": [6.90909, 14.18182, 7.45455, 14.36364], "texture": "#4"},
				"west": {"uv": [8, 14.18182, 8.54545, 14.36364], "texture": "#4"},
				"up": {"uv": [0.54545, 11.09091, 0, 10.54545], "texture": "#4"},
				"down": {"uv": [11.09091, 0, 10.54545, 0.54545], "texture": "#4"}
			}
		},
		{
			"from": [7.25, 7.25, 7.25],
			"to": [8.75, 7.75, 8.75],
			"rotation": {"angle": -45, "axis": "y", "origin": [8, 7.5, 8]},
			"faces": {
				"north": {"uv": [11.27273, 13.81818, 11.81818, 14], "texture": "#4"},
				"east": {"uv": [13.09091, 13.81818, 13.63636, 14], "texture": "#4"},
				"south": {"uv": [14.18182, 0, 14.72727, 0.18182], "texture": "#4"},
				"west": {"uv": [14.18182, 0.72727, 14.72727, 0.90909], "texture": "#4"},
				"up": {"uv": [5.63636, 10.72727, 5.09091, 10.18182], "texture": "#4"},
				"down": {"uv": [10.72727, 5.45455, 10.18182, 6], "texture": "#4"}
			}
		},
		{
			"from": [7.25, -6.25, 7.5],
			"to": [8.75, -5.25, 8.5],
			"rotation": {"angle": -45, "axis": "x", "origin": [8, -5.75, 8]},
			"faces": {
				"north": {"uv": [4.36364, 12.36364, 4.90909, 12.72727], "texture": "#4"},
				"east": {"uv": [5.45455, 13.45455, 5.81818, 13.81818], "texture": "#4"},
				"south": {"uv": [12.36364, 4.36364, 12.90909, 4.72727], "texture": "#4"},
				"west": {"uv": [13.45455, 11.27273, 13.81818, 11.63636], "texture": "#4"},
				"up": {"uv": [11.81818, 12.72727, 11.27273, 12.36364], "texture": "#4"},
				"down": {"uv": [12.90909, 11.63636, 12.36364, 12], "texture": "#4"}
			}
		},
		{
			"from": [7.5, -6.5, 7.25],
			"to": [8.5, -5, 8.75],
			"rotation": {"angle": -45, "axis": "x", "origin": [8, -5.75, 8]},
			"faces": {
				"north": {"uv": [9.45455, 12, 9.81818, 12.54545], "texture": "#4"},
				"east": {"uv": [4, 10.18182, 4.54545, 10.72727], "texture": "#4"},
				"south": {"uv": [2.18182, 12.36364, 2.54545, 12.90909], "texture": "#4"},
				"west": {"uv": [10.18182, 4.36364, 10.72727, 4.90909], "texture": "#4"},
				"up": {"uv": [3.27273, 12.90909, 2.90909, 12.36364], "texture": "#4"},
				"down": {"uv": [4, 12.36364, 3.63636, 12.90909], "texture": "#4"}
			}
		}
	],
	"gui_light": "front",
	"display": {
		"thirdperson_righthand": {
			"translation": [0, -2, 0.75]
		},
		"thirdperson_lefthand": {
			"translation": [0, -2, 0.75]
		},
		"firstperson_righthand": {
			"rotation": [10, 0, 0],
			"translation": [1.25, -2, 0],
			"scale": [0.7, 0.7, 0.7]
		},
		"firstperson_lefthand": {
			"rotation": [10, 0, 0],
			"translation": [1.25, -2, 0],
			"scale": [0.7, 0.7, 0.7]
		},
		"ground": {
			"rotation": [-45, 0, 0],
			"translation": [0, 3, 0],
			"scale": [0.7, 0.7, 0.7]
		},
		"gui": {
			"rotation": [-90, 45, 90],
			"translation": [2.25, -2.25, 0],
			"scale": [0.7, 0.7, 0.7]
		},
		"head": {
			"rotation": [0, -90, 0]
		},
		"fixed": {
			"rotation": [0, -90, 0],
			"translation": [0, 0, -1.75],
			"scale": [2, 2, 2]
		}
	},
	"groups": [
		{
			"name": "scythe",
			"origin": [8, 6, 9.75],
			"color": 0,
			"children": [
				0,
				1,
				2,
				3,
				4,
				5,
				6,
				7,
				8,
				9,
				10,
				11,
				12,
				13,
				14,
				15,
				16,
				17,
				18,
				19,
				20,
				21,
				22,
				23,
				24,
				25,
				26,
				27,
				28,
				29,
				30,
				31,
				32,
				33,
				34,
				35,
				36,
				37,
				38,
				39,
				40,
				41,
				42,
				43,
				44,
				45,
				46,
				47,
				48,
				49,
				50,
				51,
				52,
				53,
				54,
				55,
				56,
				57,
				58,
				59,
				60,
				61,
				62,
				63,
				64,
				65,
				66,
				67,
				68,
				69,
				70,
				71,
				72,
				73,
				74,
				75,
				76,
				77,
				78,
				79,
				80,
				81,
				82,
				83,
				84,
				85,
				86,
				87
			]
		}
	]
}