{
	"credit": "Pologony Creation Co.,Ltd.",
	"textures": {
		"1": "item/merrychristmas2024set/shield",
		"3": "item/merrychristmas2024set/animated/shield_1",
		"particle": "item/merrychristmas2024set/shield"
	},
	"elements": [
		{
			"from": [10.43198, 4.06802, 10.9564],
			"to": [11.93198, 5.56802, 11.9564],
			"rotation": {"angle": -45, "axis": "z", "origin": [8, 8, 8]},
			"faces": {
				"north": {"uv": [4.66667, 11.33333, 5.16667, 11.83333], "texture": "#1"},
				"east": {"uv": [4, 12.66667, 4.33333, 13.16667], "texture": "#1"},
				"south": {"uv": [2.66667, 11.33333, 3.16667, 11.83333], "texture": "#1"},
				"west": {"uv": [13, 13, 13.33333, 13.5], "texture": "#1"},
				"up": {"uv": [2.33333, 13.83333, 2, 13.33333], "rotation": 90, "texture": "#1"},
				"down": {"uv": [5, 13.33333, 4.66667, 13.83333], "rotation": 270, "texture": "#1"}
			}
		},
		{
			"from": [10.43198, 10.43198, 10.9564],
			"to": [11.93198, 11.93198, 11.9564],
			"rotation": {"angle": 45, "axis": "z", "origin": [8, 8, 8]},
			"faces": {
				"north": {"uv": [3, 12.66667, 3.5, 13.16667], "texture": "#1"},
				"east": {"uv": [13.33333, 10.33333, 13.66667, 10.83333], "texture": "#1"},
				"south": {"uv": [12.66667, 2, 13.16667, 2.5], "texture": "#1"},
				"west": {"uv": [0, 13.66667, 0.33333, 14.16667], "texture": "#1"},
				"up": {"uv": [1, 14.16667, 0.66667, 13.66667], "rotation": 90, "texture": "#1"},
				"down": {"uv": [1.66667, 13.66667, 1.33333, 14.16667], "rotation": 270, "texture": "#1"}
			}
		},
		{
			"from": [10.68198, 10.68198, 7.7064],
			"to": [11.68198, 11.68198, 12.2064],
			"rotation": {"angle": 45, "axis": "z", "origin": [8, 8, 8]},
			"faces": {
				"north": {"uv": [3, 14.33333, 3.33333, 14.66667], "texture": "#1"},
				"east": {"uv": [9.66667, 6.33333, 11.16667, 6.66667], "texture": "#1"},
				"south": {"uv": [13, 14, 13.33333, 14.33333], "texture": "#1"},
				"west": {"uv": [10, 0, 11.5, 0.33333], "texture": "#1"},
				"up": {"uv": [11.5, 1, 10, 0.66667], "rotation": 90, "texture": "#1"},
				"down": {"uv": [11.5, 1.33333, 10, 1.66667], "rotation": 270, "texture": "#1"}
			}
		},
		{
			"from": [10.68198, 4.31802, 7.7064],
			"to": [11.68198, 5.31802, 12.2064],
			"rotation": {"angle": -45, "axis": "z", "origin": [8, 8, 8]},
			"faces": {
				"north": {"uv": [3, 14.66667, 3.33333, 14.33333], "texture": "#1"},
				"east": {"uv": [9.66667, 6.66667, 11.16667, 6.33333], "texture": "#1"},
				"south": {"uv": [13, 14.33333, 13.33333, 14], "texture": "#1"},
				"west": {"uv": [10, 0.33333, 11.5, 0], "texture": "#1"},
				"up": {"uv": [11.5, 1.66667, 10, 1.33333], "rotation": 90, "texture": "#1"},
				"down": {"uv": [11.5, 0.66667, 10, 1], "rotation": 270, "texture": "#1"}
			}
		},
		{
			"from": [9.69404, 4.25, 9.69404],
			"to": [11.19404, 4.75, 11.19404],
			"rotation": {"angle": -45, "axis": "y", "origin": [8, 8, 8]},
			"faces": {
				"north": {"uv": [1, 14.66667, 1.5, 14.83333], "texture": "#1"},
				"east": {"uv": [14.33333, 11, 14.83333, 11.16667], "texture": "#1"},
				"south": {"uv": [13.66667, 14.33333, 14.16667, 14.5], "texture": "#1"},
				"west": {"uv": [0, 14.66667, 0.5, 14.83333], "texture": "#1"},
				"up": {"uv": [11.83333, 8.5, 11.33333, 8], "rotation": 90, "texture": "#1"},
				"down": {"uv": [11.83333, 9, 11.33333, 9.5], "rotation": 270, "texture": "#1"}
			}
		},
		{
			"from": [9.69404, 5.75, 9.69404],
			"to": [11.19404, 6.25, 11.19404],
			"rotation": {"angle": -45, "axis": "y", "origin": [8, 8, 8]},
			"faces": {
				"north": {"uv": [6.66667, 14.66667, 7.16667, 14.83333], "texture": "#1"},
				"east": {"uv": [14.66667, 1.33333, 15.16667, 1.5], "texture": "#1"},
				"south": {"uv": [14.66667, 2, 15.16667, 2.16667], "texture": "#1"},
				"west": {"uv": [14.66667, 4.33333, 15.16667, 4.5], "texture": "#1"},
				"up": {"uv": [11.83333, 10.5, 11.33333, 10], "rotation": 90, "texture": "#1"},
				"down": {"uv": [11.83333, 11, 11.33333, 11.5], "rotation": 270, "texture": "#1"}
			}
		},
		{
			"from": [9.81905, 4.75, 9.81905],
			"to": [11.06905, 5.75, 11.06905],
			"rotation": {"angle": -45, "axis": "y", "origin": [8, 8, 8]},
			"faces": {
				"north": {"uv": [14, 5, 14.41667, 5.33333], "texture": "#1"},
				"east": {"uv": [13.66667, 13, 14.08333, 13.33333], "texture": "#1"},
				"south": {"uv": [13.66667, 13.66667, 14.08333, 14], "texture": "#1"},
				"west": {"uv": [14, 0.66667, 14.41667, 1], "texture": "#1"}
			}
		},
		{
			"from": [11.29316, 10.79316, 6.8314],
			"to": [13.29316, 11.29316, 8.0814],
			"rotation": {"angle": 45, "axis": "z", "origin": [8, 8, 8]},
			"faces": {
				"north": {"uv": [14.33333, 3.66667, 15, 3.83333], "texture": "#1"},
				"south": {"uv": [14.33333, 3, 15, 3.16667], "texture": "#1"},
				"up": {"uv": [1.08333, 11.33333, 0.66667, 10.66667], "rotation": 90, "texture": "#1"},
				"down": {"uv": [2.08333, 10.66667, 1.66667, 11.33333], "rotation": 270, "texture": "#1"}
			}
		},
		{
			"from": [2.70684, 13.29316, 6.8314],
			"to": [4.70684, 13.79316, 8.0814],
			"rotation": {"angle": -45, "axis": "z", "origin": [8, 8, 8]},
			"faces": {
				"north": {"uv": [14.33333, 7.66667, 15, 7.83333], "texture": "#1"},
				"south": {"uv": [4.33333, 14.33333, 5, 14.5], "texture": "#1"},
				"west": {"uv": [2.66667, 15, 3.08333, 15.16667], "texture": "#1"},
				"up": {"uv": [11.08333, 2.66667, 10.66667, 2], "rotation": 90, "texture": "#1"},
				"down": {"uv": [11.08333, 3, 10.66667, 3.66667], "rotation": 270, "texture": "#1"}
			}
		},
		{
			"from": [13.29316, 10.79316, 6.8314],
			"to": [13.79316, 11.29316, 8.0814],
			"rotation": {"angle": 45, "axis": "z", "origin": [8, 8, 8]},
			"faces": {
				"north": {"uv": [15.33333, 14.66667, 15.5, 14.83333], "texture": "#1"},
				"east": {"uv": [3.66667, 15, 4.08333, 15.16667], "texture": "#1"},
				"south": {"uv": [14.66667, 15.33333, 14.83333, 15.5], "texture": "#1"},
				"down": {"uv": [5.08333, 15, 4.66667, 15.16667], "rotation": 270, "texture": "#1"}
			}
		},
		{
			"from": [13.29316, 13.29316, 6.8314],
			"to": [13.79316, 13.79316, 8.0814],
			"rotation": {"angle": 45, "axis": "z", "origin": [8, 8, 8]},
			"faces": {
				"north": {"uv": [15.66667, 0.66667, 15.83333, 0.83333], "texture": "#1"},
				"east": {"uv": [15, 5, 15.41667, 5.16667], "texture": "#1"},
				"south": {"uv": [15.33333, 15.33333, 15.5, 15.5], "texture": "#1"},
				"up": {"uv": [6.08333, 15.16667, 5.66667, 15], "rotation": 90, "texture": "#1"},
				"down": {"uv": [15.41667, 5.66667, 15, 5.83333], "rotation": 270, "texture": "#1"}
			}
		},
		{
			"from": [10.79316, 10.79316, 6.8314],
			"to": [11.29316, 11.29316, 8.0814],
			"rotation": {"angle": 45, "axis": "z", "origin": [8, 8, 8]},
			"faces": {
				"north": {"uv": [2, 15.66667, 2.16667, 15.83333], "texture": "#1"},
				"south": {"uv": [15.66667, 1.33333, 15.83333, 1.5], "texture": "#1"},
				"west": {"uv": [15, 6.33333, 15.41667, 6.5], "texture": "#1"},
				"down": {"uv": [15.41667, 7, 15, 7.16667], "rotation": 270, "texture": "#1"}
			}
		},
		{
			"from": [11.29316, 13.29316, 6.8314],
			"to": [13.29316, 13.79316, 8.0814],
			"rotation": {"angle": 45, "axis": "z", "origin": [8, 8, 8]},
			"faces": {
				"north": {"uv": [14.33333, 9, 15, 9.16667], "texture": "#1"},
				"south": {"uv": [14.33333, 8.33333, 15, 8.5], "texture": "#1"},
				"west": {"uv": [9.66667, 15, 10.08333, 15.16667], "texture": "#1"},
				"up": {"uv": [4.08333, 11.33333, 3.66667, 10.66667], "rotation": 90, "texture": "#1"},
				"down": {"uv": [11.08333, 4, 10.66667, 4.66667], "rotation": 270, "texture": "#1"}
			}
		},
		{
			"from": [2.70684, 10.79316, 6.8314],
			"to": [4.70684, 11.29316, 8.0814],
			"rotation": {"angle": -45, "axis": "z", "origin": [8, 8, 8]},
			"faces": {
				"north": {"uv": [14.33333, 9.66667, 15, 9.83333], "texture": "#1"},
				"south": {"uv": [9.66667, 14.33333, 10.33333, 14.5], "texture": "#1"},
				"up": {"uv": [6.08333, 11.33333, 5.66667, 10.66667], "rotation": 90, "texture": "#1"},
				"down": {"uv": [9.41667, 11, 9, 11.66667], "rotation": 270, "texture": "#1"}
			}
		},
		{
			"from": [2.20684, 10.79316, 6.8314],
			"to": [2.70684, 11.29316, 8.0814],
			"rotation": {"angle": -45, "axis": "z", "origin": [8, 8, 8]},
			"faces": {
				"north": {"uv": [2.66667, 15.66667, 2.83333, 15.83333], "texture": "#1"},
				"south": {"uv": [15.66667, 2, 15.83333, 2.16667], "texture": "#1"},
				"west": {"uv": [15, 10.33333, 15.41667, 10.5], "texture": "#1"},
				"down": {"uv": [15.41667, 11.66667, 15, 11.83333], "rotation": 270, "texture": "#1"}
			}
		},
		{
			"from": [11.04316, 11.04316, 6.9564],
			"to": [13.54316, 13.54316, 7.9564],
			"rotation": {"angle": 45, "axis": "z", "origin": [8, 8, 8]},
			"faces": {
				"north": {"uv": [6.66667, 1.33333, 7.5, 2.16667], "texture": "#1"},
				"south": {"uv": [3.66667, 6, 4.5, 6.83333], "texture": "#1"}
			}
		},
		{
			"from": [9.81905, 10.25, 9.81905],
			"to": [11.06905, 11.25, 11.06905],
			"rotation": {"angle": -45, "axis": "y", "origin": [8, 8, 8]},
			"faces": {
				"north": {"uv": [14, 7, 14.41667, 7.33333], "texture": "#1"},
				"east": {"uv": [14, 5.66667, 14.41667, 6], "texture": "#1"},
				"south": {"uv": [14, 6.33333, 14.41667, 6.66667], "texture": "#1"},
				"west": {"uv": [6.66667, 14, 7.08333, 14.33333], "texture": "#1"}
			}
		},
		{
			"from": [9.69404, 9.75, 9.69404],
			"to": [11.19404, 10.25, 11.19404],
			"rotation": {"angle": -45, "axis": "y", "origin": [8, 8, 8]},
			"faces": {
				"north": {"uv": [11.66667, 14.66667, 12.16667, 14.83333], "texture": "#1"},
				"east": {"uv": [7.66667, 14.66667, 8.16667, 14.83333], "texture": "#1"},
				"south": {"uv": [8.66667, 14.66667, 9.16667, 14.83333], "texture": "#1"},
				"west": {"uv": [10.66667, 14.66667, 11.16667, 14.83333], "texture": "#1"},
				"up": {"uv": [0.5, 12.16667, 0, 11.66667], "rotation": 90, "texture": "#1"},
				"down": {"uv": [1.5, 11.66667, 1, 12.16667], "rotation": 270, "texture": "#1"}
			}
		},
		{
			"from": [9.69404, 11.25, 9.69404],
			"to": [11.19404, 11.75, 11.19404],
			"rotation": {"angle": -45, "axis": "y", "origin": [8, 8, 8]},
			"faces": {
				"north": {"uv": [14.66667, 14, 15.16667, 14.16667], "texture": "#1"},
				"east": {"uv": [12.66667, 14.66667, 13.16667, 14.83333], "texture": "#1"},
				"south": {"uv": [14.66667, 12.66667, 15.16667, 12.83333], "texture": "#1"},
				"west": {"uv": [14.66667, 13.33333, 15.16667, 13.5], "texture": "#1"},
				"up": {"uv": [12.16667, 2.5, 11.66667, 2], "rotation": 90, "texture": "#1"},
				"down": {"uv": [12.16667, 3, 11.66667, 3.5], "rotation": 270, "texture": "#1"}
			}
		},
		{
			"from": [9.94405, 6.25, 9.94404],
			"to": [10.94405, 9.75, 10.94404],
			"rotation": {"angle": -45, "axis": "y", "origin": [8, 8, 8]},
			"faces": {
				"north": {"uv": [8.33333, 10, 8.66667, 11.16667], "texture": "#1"},
				"east": {"uv": [0, 10, 0.33333, 11.16667], "texture": "#1"},
				"south": {"uv": [10, 2, 10.33333, 3.16667], "texture": "#1"},
				"west": {"uv": [10, 3.66667, 10.33333, 4.83333], "texture": "#1"}
			}
		},
		{
			"from": [9.81905, 7.75, 9.81905],
			"to": [11.06905, 8.25, 11.06905],
			"rotation": {"angle": -45, "axis": "y", "origin": [8, 8, 8]},
			"faces": {
				"north": {"uv": [1, 15.33333, 1.41667, 15.5], "texture": "#1"},
				"east": {"uv": [13.66667, 15, 14.08333, 15.16667], "texture": "#1"},
				"south": {"uv": [0, 15.33333, 0.41667, 15.5], "texture": "#1"},
				"west": {"uv": [15.33333, 0, 15.75, 0.16667], "texture": "#1"},
				"up": {"uv": [6.08333, 13.08333, 5.66667, 12.66667], "rotation": 90, "texture": "#1"},
				"down": {"uv": [10.41667, 12.66667, 10, 13.08333], "rotation": 270, "texture": "#1"}
			}
		},
		{
			"from": [7, 5.00292, 4.00086],
			"to": [9, 6.50292, 6.00086],
			"rotation": {"angle": -22.5, "axis": "x", "origin": [8, 8, 8]},
			"faces": {
				"north": {"uv": [10.33333, 10, 11, 10.5], "texture": "#1"},
				"east": {"uv": [4.66667, 10.33333, 5.33333, 10.83333], "texture": "#1"},
				"south": {"uv": [10.33333, 8, 11, 8.5], "texture": "#1"},
				"west": {"uv": [10.33333, 9, 11, 9.5], "texture": "#1"},
				"down": {"uv": [4.33333, 9.66667, 3.66667, 10.33333], "rotation": 270, "texture": "#1"}
			}
		},
		{
			"from": [6.875, 6.50292, 3.87586],
			"to": [9.125, 7.25292, 6.12586],
			"rotation": {"angle": -22.5, "axis": "x", "origin": [8, 8, 8]},
			"faces": {
				"north": {"uv": [13, 0, 13.75, 0.25], "texture": "#1"},
				"east": {"uv": [12.66667, 6.33333, 13.41667, 6.58333], "texture": "#1"},
				"south": {"uv": [12.66667, 7, 13.41667, 7.25], "texture": "#1"},
				"west": {"uv": [7.66667, 12.66667, 8.41667, 12.91667], "texture": "#1"},
				"up": {"uv": [2.41667, 7.41667, 1.66667, 6.66667], "rotation": 90, "texture": "#1"},
				"down": {"uv": [7.41667, 2.66667, 6.66667, 3.41667], "rotation": 270, "texture": "#1"}
			}
		},
		{
			"from": [7.125, 7.25292, 4.62586],
			"to": [7.875, 8.00292, 5.37586],
			"rotation": {"angle": -22.5, "axis": "x", "origin": [8, 8, 8]},
			"faces": {
				"north": {"uv": [6.66667, 15.33333, 6.91667, 15.58333], "texture": "#1"},
				"south": {"uv": [15.33333, 2.66667, 15.58333, 2.91667], "texture": "#1"},
				"west": {"uv": [15.33333, 3.33333, 15.58333, 3.58333], "texture": "#1"},
				"up": {"uv": [7.58333, 15.58333, 7.33333, 15.33333], "rotation": 90, "texture": "#1"}
			}
		},
		{
			"from": [7.875, 7.25292, 4.62586],
			"to": [8.875, 8.25292, 5.37586],
			"rotation": {"angle": -22.5, "axis": "x", "origin": [8, 8, 8]},
			"faces": {
				"north": {"uv": [2, 11.66667, 2.33333, 12], "texture": "#1"},
				"east": {"uv": [14.66667, 14.66667, 14.91667, 15], "texture": "#1"},
				"south": {"uv": [1, 7.33333, 1.33333, 7.66667], "texture": "#1"},
				"west": {"uv": [15, 0.66667, 15.25, 1], "texture": "#1"},
				"up": {"uv": [2.25, 15.33333, 2, 15], "rotation": 90, "texture": "#1"}
			}
		},
		{
			"from": [7.3875, 8.313, 5.28972],
			"to": [8.6375, 8.343, 6.53972],
			"rotation": {"angle": -45, "axis": "x", "origin": [8, 8, 8]},
			"faces": {
				"up": {"uv": [13.41667, 1.08333, 13, 0.66667], "rotation": 90, "texture": "#1"},
				"down": {"uv": [7.08333, 13, 6.66667, 13.41667], "rotation": 270, "texture": "#1"}
			}
		},
		{
			"from": [7.3875, 6.01756, 3.9186],
			"to": [8.6375, 6.04756, 5.1686],
			"rotation": {"angle": 0, "axis": "y", "origin": [8, 8, 8]},
			"faces": {
				"up": {"uv": [9.41667, 13.41667, 9, 13], "rotation": 90, "texture": "#1"},
				"down": {"uv": [11.41667, 13, 11, 13.41667], "rotation": 270, "texture": "#1"}
			}
		},
		{
			"from": [10.01473, 11.73925, 4.7064],
			"to": [11.51473, 12.73925, 7.2064],
			"rotation": {"angle": -22.5, "axis": "z", "origin": [8, 8, 8]},
			"faces": {
				"north": {"uv": [7.66667, 13.33333, 8.16667, 13.66667], "texture": "#1"},
				"east": {"uv": [10, 11, 10.83333, 11.33333], "texture": "#1"},
				"south": {"uv": [5, 6, 5.5, 6.33333], "texture": "#1"},
				"west": {"uv": [6.66667, 11.33333, 7.5, 11.66667], "texture": "#1"},
				"down": {"uv": [6.5, 9.66667, 5.66667, 10.16667], "rotation": 270, "texture": "#1"}
			}
		},
		{
			"from": [9.88973, 12.73925, 4.5814],
			"to": [11.63973, 13.48925, 7.3314],
			"rotation": {"angle": -22.5, "axis": "z", "origin": [8, 8, 8]},
			"faces": {
				"north": {"uv": [10, 13.66667, 10.58333, 13.91667], "texture": "#1"},
				"east": {"uv": [12.66667, 5, 13.58333, 5.25], "texture": "#1"},
				"south": {"uv": [13.66667, 4.33333, 14.25, 4.58333], "texture": "#1"},
				"west": {"uv": [12.66667, 5.66667, 13.58333, 5.91667], "texture": "#1"},
				"up": {"uv": [7.58333, 4.58333, 6.66667, 4], "rotation": 90, "texture": "#1"},
				"down": {"uv": [5.91667, 6.66667, 5, 7.25], "rotation": 270, "texture": "#1"}
			}
		},
		{
			"from": [10.38973, 13.48925, 6.0814],
			"to": [11.13973, 13.98925, 6.5814],
			"rotation": {"angle": -22.5, "axis": "z", "origin": [8, 8, 8]},
			"faces": {
				"east": {"uv": [3.33333, 15.66667, 3.5, 15.83333], "texture": "#1"},
				"south": {"uv": [12, 15.33333, 12.25, 15.5], "texture": "#1"},
				"west": {"uv": [4, 15.66667, 4.16667, 15.83333], "texture": "#1"},
				"up": {"uv": [12.83333, 15.58333, 12.66667, 15.33333], "rotation": 90, "texture": "#1"}
			}
		},
		{
			"from": [10.38973, 13.48925, 5.3314],
			"to": [11.13973, 14.23925, 6.0814],
			"rotation": {"angle": -22.5, "axis": "z", "origin": [8, 8, 8]},
			"faces": {
				"north": {"uv": [8.66667, 15.33333, 8.91667, 15.58333], "texture": "#1"},
				"east": {"uv": [15.33333, 7.66667, 15.58333, 7.91667], "texture": "#1"},
				"south": {"uv": [8, 15.33333, 8.25, 15.58333], "texture": "#1"},
				"west": {"uv": [15.33333, 8.33333, 15.58333, 8.58333], "texture": "#1"},
				"up": {"uv": [15.58333, 9.25, 15.33333, 9], "rotation": 90, "texture": "#1"}
			}
		},
		{
			"from": [13.00138, 11.86888, 5.6064],
			"to": [13.75138, 11.89888, 6.3564],
			"rotation": {"angle": 0, "axis": "x", "origin": [8, 8, 8]},
			"faces": {
				"up": {"uv": [15.58333, 9.91667, 15.33333, 9.66667], "rotation": 90, "texture": "#1"},
				"down": {"uv": [10.91667, 15.33333, 10.66667, 15.58333], "rotation": 270, "texture": "#1"}
			}
		},
		{
			"from": [13.95491, 7.89282, 5.6064],
			"to": [13.98491, 8.64282, 6.3564],
			"rotation": {"angle": 45, "axis": "z", "origin": [8, 8, 8]},
			"faces": {
				"east": {"uv": [15.33333, 11, 15.58333, 11.25], "texture": "#1"},
				"west": {"uv": [11.33333, 15.33333, 11.58333, 15.58333], "texture": "#1"}
			}
		},
		{
			"from": [2.01509, 7.89282, 5.5564],
			"to": [2.04509, 8.64282, 6.3064],
			"rotation": {"angle": -45, "axis": "z", "origin": [8, 8, 8]},
			"faces": {
				"east": {"uv": [11.33333, 15.33333, 11.58333, 15.58333], "texture": "#1"},
				"west": {"uv": [15.33333, 11, 15.58333, 11.25], "texture": "#1"}
			}
		},
		{
			"from": [4.86027, 13.48925, 5.8314],
			"to": [5.61027, 14.23925, 6.5814],
			"rotation": {"angle": 22.5, "axis": "z", "origin": [8, 8, 8]},
			"faces": {
				"north": {"uv": [8, 15.33333, 8.25, 15.58333], "texture": "#1"},
				"east": {"uv": [15.33333, 8.33333, 15.58333, 8.58333], "texture": "#1"},
				"south": {"uv": [8.66667, 15.33333, 8.91667, 15.58333], "texture": "#1"},
				"west": {"uv": [15.33333, 7.66667, 15.58333, 7.91667], "texture": "#1"},
				"up": {"uv": [15.33333, 9, 15.58333, 9.25], "rotation": 90, "texture": "#1"}
			}
		},
		{
			"from": [4.86027, 13.48925, 5.3314],
			"to": [5.61027, 13.98925, 5.8314],
			"rotation": {"angle": 22.5, "axis": "z", "origin": [8, 8, 8]},
			"faces": {
				"north": {"uv": [12, 15.33333, 12.25, 15.5], "texture": "#1"},
				"east": {"uv": [4, 15.66667, 4.16667, 15.83333], "texture": "#1"},
				"west": {"uv": [3.33333, 15.66667, 3.5, 15.83333], "texture": "#1"},
				"up": {"uv": [12.66667, 15.33333, 12.83333, 15.58333], "rotation": 90, "texture": "#1"}
			}
		},
		{
			"from": [4.36027, 12.73925, 4.5814],
			"to": [6.11027, 13.48925, 7.3314],
			"rotation": {"angle": 22.5, "axis": "z", "origin": [8, 8, 8]},
			"faces": {
				"north": {"uv": [13.66667, 4.33333, 14.25, 4.58333], "texture": "#1"},
				"east": {"uv": [12.66667, 5.66667, 13.58333, 5.91667], "texture": "#1"},
				"south": {"uv": [10, 13.66667, 10.58333, 13.91667], "texture": "#1"},
				"west": {"uv": [12.66667, 5, 13.58333, 5.25], "texture": "#1"},
				"up": {"uv": [6.66667, 4, 7.58333, 4.58333], "rotation": 90, "texture": "#1"},
				"down": {"uv": [5, 7.25, 5.91667, 6.66667], "rotation": 270, "texture": "#1"}
			}
		},
		{
			"from": [2.24862, 11.86888, 5.5564],
			"to": [2.99862, 11.89888, 6.3064],
			"rotation": {"angle": 0, "axis": "x", "origin": [8, 8, 8]},
			"faces": {
				"up": {"uv": [15.33333, 9.66667, 15.58333, 9.91667], "rotation": 90, "texture": "#1"},
				"down": {"uv": [10.66667, 15.58333, 10.91667, 15.33333], "rotation": 270, "texture": "#1"}
			}
		},
		{
			"from": [4.48527, 11.73925, 4.7064],
			"to": [5.98527, 12.73925, 7.2064],
			"rotation": {"angle": 22.5, "axis": "z", "origin": [8, 8, 8]},
			"faces": {
				"north": {"uv": [5, 6, 5.5, 6.33333], "texture": "#1"},
				"east": {"uv": [6.66667, 11.33333, 7.5, 11.66667], "texture": "#1"},
				"south": {"uv": [7.66667, 13.33333, 8.16667, 13.66667], "texture": "#1"},
				"west": {"uv": [10, 11, 10.83333, 11.33333], "texture": "#1"},
				"down": {"uv": [5.66667, 10.16667, 6.5, 9.66667], "rotation": 270, "texture": "#1"}
			}
		},
		{
			"from": [8.51914, 5.22969, 5.4564],
			"to": [10.01914, 6.22969, 6.9564],
			"rotation": {"angle": 22.5, "axis": "z", "origin": [8, 8, 8]},
			"faces": {
				"north": {"uv": [13.33333, 9.66667, 13.83333, 10], "texture": "#1"},
				"east": {"uv": [13.33333, 7.66667, 13.83333, 8], "texture": "#1"},
				"south": {"uv": [13.33333, 8.33333, 13.83333, 8.66667], "texture": "#1"},
				"west": {"uv": [13.33333, 9, 13.83333, 9.33333], "texture": "#1"},
				"up": {"uv": [4.16667, 12.16667, 3.66667, 11.66667], "rotation": 90, "texture": "#1"},
				"down": {"uv": [12.16667, 4, 11.66667, 4.5], "rotation": 270, "texture": "#1"}
			}
		},
		{
			"from": [8.64414, 6.22969, 5.5814],
			"to": [9.89414, 7.22969, 6.8314],
			"rotation": {"angle": 22.5, "axis": "z", "origin": [8, 8, 8]},
			"faces": {
				"north": {"uv": [11, 14, 11.41667, 14.33333], "texture": "#1"},
				"east": {"uv": [7.66667, 14, 8.08333, 14.33333], "texture": "#1"},
				"south": {"uv": [8.66667, 14, 9.08333, 14.33333], "texture": "#1"},
				"west": {"uv": [14, 10.33333, 14.41667, 10.66667], "texture": "#1"},
				"up": {"uv": [12.41667, 13.41667, 12, 13], "rotation": 90, "texture": "#1"}
			}
		},
		{
			"from": [5.98086, 5.22969, 5.4564],
			"to": [7.48086, 6.22969, 6.9564],
			"rotation": {"angle": -22.5, "axis": "z", "origin": [8, 8, 8]},
			"faces": {
				"north": {"uv": [2.66667, 13.66667, 3.16667, 14], "texture": "#1"},
				"east": {"uv": [13.33333, 11.33333, 13.83333, 11.66667], "texture": "#1"},
				"south": {"uv": [13.66667, 1.66667, 14.16667, 2], "texture": "#1"},
				"west": {"uv": [13.66667, 2.33333, 14.16667, 2.66667], "texture": "#1"},
				"up": {"uv": [13.16667, 3.5, 12.66667, 3], "rotation": 90, "texture": "#1"},
				"down": {"uv": [13.16667, 4, 12.66667, 4.5], "rotation": 270, "texture": "#1"}
			}
		},
		{
			"from": [6.10586, 6.22969, 5.5814],
			"to": [7.35586, 7.22969, 6.8314],
			"rotation": {"angle": -22.5, "axis": "z", "origin": [8, 8, 8]},
			"faces": {
				"north": {"uv": [2, 14.33333, 2.41667, 14.66667], "texture": "#1"},
				"east": {"uv": [12, 14, 12.41667, 14.33333], "texture": "#1"},
				"south": {"uv": [14, 12, 14.41667, 12.33333], "texture": "#1"},
				"west": {"uv": [14.33333, 0, 14.75, 0.33333], "texture": "#1"},
				"up": {"uv": [13.41667, 12.41667, 13, 12], "rotation": 90, "texture": "#1"}
			}
		},
		{
			"from": [12.12816, 1.04184, 7.2039],
			"to": [14.95816, 3.87184, 7.7089],
			"rotation": {"angle": -45, "axis": "z", "origin": [8, 8, 8]},
			"faces": {
				"north": {"uv": [6, 0, 6.91667, 0.91667], "texture": "#1"},
				"east": {"uv": [13.66667, 3, 13.83333, 3.91667], "texture": "#1"},
				"south": {"uv": [1.66667, 5.33333, 2.58333, 6.25], "texture": "#1"},
				"west": {"uv": [3.66667, 13.66667, 3.83333, 14.58333], "texture": "#1"},
				"up": {"uv": [5.5, 14.58333, 5.33333, 13.66667], "rotation": 90, "texture": "#1"},
				"down": {"uv": [6.16667, 13.66667, 6, 14.58333], "rotation": 270, "texture": "#1"}
			}
		},
		{
			"from": [4.07612, -2.08921, 7.4564],
			"to": [7.07612, 14.16079, 7.4864],
			"rotation": {"angle": 0, "axis": "y", "origin": [8, 8, 8]},
			"faces": {
				"north": {"uv": [5.58333, 0, 4.58333, 5.41667], "texture": "#1"},
				"south": {"uv": [4.58333, 0, 5.58333, 5.41667], "texture": "#1"}
			}
		},
		{
			"from": [2.08284, -2.08921, 5.99617],
			"to": [4.58284, 14.16079, 6.02617],
			"rotation": {"angle": 22.5, "axis": "y", "origin": [8, 8, 8]},
			"faces": {
				"north": {"uv": [4.58333, 0, 3.75, 5.41667], "texture": "#1"},
				"south": {"uv": [3.75, 0, 4.58333, 5.41667], "texture": "#1"}
			}
		},
		{
			"from": [11.32149, -2.08921, 5.82714],
			"to": [13.82149, 13.16079, 6.10714],
			"rotation": {"angle": -22.5, "axis": "y", "origin": [7.90433, 8, 8.08097]},
			"faces": {
				"north": {"uv": [0, 0, 2.5, 15.25], "texture": "#3"},
				"east": {"uv": [10, 0, 10.25, 15.25], "texture": "#3"},
				"south": {"uv": [3, 0, 5.5, 15.25], "texture": "#3"}
			}
		},
		{
			"from": [9.92388, -2.08921, 7.3064],
			"to": [11.92388, 13.16079, 7.5864],
			"rotation": {"angle": 0, "axis": "y", "origin": [9, 8, 8.1]},
			"faces": {
				"north": {"uv": [6, 0, 8, 15.25], "texture": "#3"},
				"south": {"uv": [8, 0, 10, 15.25], "texture": "#3"},
				"up": {"uv": [13, 0.25, 11, 0], "texture": "#3"}
			}
		},
		{
			"from": [4.07612, -2.08921, 7.3064],
			"to": [6.07612, 13.16079, 7.5864],
			"rotation": {"angle": 0, "axis": "y", "origin": [7, 8, 8.1]},
			"faces": {
				"north": {"uv": [8, 0, 6, 15.25], "texture": "#3"},
				"south": {"uv": [10, 0, 8, 15.25], "texture": "#3"},
				"up": {"uv": [11, 0.25, 13, 0], "texture": "#3"}
			}
		},
		{
			"from": [2.17851, -2.08921, 5.82714],
			"to": [4.67851, 13.16079, 6.10714],
			"rotation": {"angle": 22.5, "axis": "y", "origin": [8.09567, 8, 8.08097]},
			"faces": {
				"north": {"uv": [2.5, 0, 0, 15.25], "texture": "#3"},
				"south": {"uv": [5.5, 0, 3, 15.25], "texture": "#3"},
				"west": {"uv": [10.25, 0, 10, 15.25], "texture": "#3"}
			}
		},
		{
			"from": [11.41716, -2.08921, 5.99617],
			"to": [13.91716, 14.16079, 6.02617],
			"rotation": {"angle": -22.5, "axis": "y", "origin": [8, 8, 8]},
			"faces": {
				"north": {"uv": [3.75, 0, 4.58333, 5.41667], "texture": "#1"},
				"south": {"uv": [4.58333, 0, 3.75, 5.41667], "texture": "#1"}
			}
		},
		{
			"from": [8.92388, -2.08921, 7.4564],
			"to": [11.92388, 14.16079, 7.4864],
			"rotation": {"angle": 0, "axis": "y", "origin": [8, 8, 8]},
			"faces": {
				"north": {"uv": [4.58333, 0, 5.58333, 5.41667], "texture": "#1"},
				"south": {"uv": [5.58333, 0, 4.58333, 5.41667], "texture": "#1"}
			}
		},
		{
			"from": [6, -0.08921, 7.2064],
			"to": [10, 14.16079, 7.7064],
			"rotation": {"angle": 0, "axis": "y", "origin": [8, 8, 8]},
			"faces": {
				"north": {"uv": [1.66667, 0, 3, 4.75], "texture": "#1"},
				"east": {"uv": [6, 1.33333, 6.16667, 6.08333], "texture": "#1"},
				"south": {"uv": [0, 0, 1.33333, 4.75], "texture": "#1"},
				"west": {"uv": [3, 6, 3.16667, 10.75], "texture": "#1"}
			}
		},
		{
			"from": [9.72992, 14.25489, 6.1914],
			"to": [11.22992, 15.75489, 6.2214],
			"rotation": {"angle": 0, "axis": "y", "origin": [8, 8, 8]},
			"faces": {
				"north": {"uv": [1, 12.66667, 1.5, 13.16667], "texture": "#1"},
				"south": {"uv": [0, 12.66667, 0.5, 13.16667], "texture": "#1"}
			}
		},
		{
			"from": [6.5, 13.40343, 5.4564],
			"to": [9.5, 14.90343, 6.9564],
			"rotation": {"angle": 0, "axis": "y", "origin": [8, 8, 8]},
			"faces": {
				"north": {"uv": [7, 8.33333, 8, 8.83333], "texture": "#1"},
				"east": {"uv": [11, 12, 11.5, 12.5], "texture": "#1"},
				"south": {"uv": [8.33333, 6.33333, 9.33333, 6.83333], "texture": "#1"},
				"west": {"uv": [12, 12, 12.5, 12.5], "texture": "#1"},
				"up": {"uv": [8.83333, 8.33333, 8.33333, 7.33333], "rotation": 90, "texture": "#1"},
				"down": {"uv": [0.5, 8.66667, 0, 9.66667], "rotation": 270, "texture": "#1"}
			}
		},
		{
			"from": [4.37868, 9.78211, 5.4564],
			"to": [5.87868, 12.78211, 6.9564],
			"rotation": {"angle": 0, "axis": "y", "origin": [8, 8, 8]},
			"faces": {
				"north": {"uv": [9, 2.66667, 9.5, 3.66667], "texture": "#1"},
				"east": {"uv": [8.33333, 8.66667, 8.83333, 9.66667], "texture": "#1"},
				"south": {"uv": [9, 0, 9.5, 1], "texture": "#1"},
				"west": {"uv": [9, 1.33333, 9.5, 2.33333], "texture": "#1"},
				"up": {"uv": [2.5, 12.83333, 2, 12.33333], "rotation": 90, "texture": "#1"},
				"down": {"uv": [5.16667, 12.33333, 4.66667, 12.83333], "rotation": 270, "texture": "#1"}
			}
		},
		{
			"from": [2.05788, 8.8208, 5.4599],
			"to": [3.55788, 11.8208, 6.9529],
			"rotation": {"angle": -45, "axis": "z", "origin": [8, 8, 8]},
			"faces": {
				"north": {"uv": [2, 9.33333, 2.5, 10.33333], "texture": "#1"},
				"east": {"uv": [9, 4, 9.5, 5], "texture": "#1"},
				"south": {"uv": [4.66667, 9, 5.16667, 10], "texture": "#1"},
				"west": {"uv": [1, 9.33333, 1.5, 10.33333], "texture": "#1"},
				"up": {"uv": [12.83333, 8.5, 12.33333, 8], "rotation": 90, "texture": "#1"},
				"down": {"uv": [12.83333, 9, 12.33333, 9.5], "rotation": 270, "texture": "#1"}
			}
		},
		{
			"from": [4.1792, 6.69948, 5.4599],
			"to": [7.1792, 8.19948, 6.9529],
			"rotation": {"angle": -45, "axis": "z", "origin": [8, 8, 8]},
			"faces": {
				"north": {"uv": [7, 9.33333, 8, 9.83333], "texture": "#1"},
				"east": {"uv": [12.33333, 10, 12.83333, 10.5], "texture": "#1"},
				"south": {"uv": [9, 5.33333, 10, 5.83333], "texture": "#1"},
				"west": {"uv": [12.33333, 11, 12.83333, 11.5], "texture": "#1"},
				"up": {"uv": [9.83333, 8.33333, 9.33333, 7.33333], "rotation": 90, "texture": "#1"},
				"down": {"uv": [9.83333, 8.66667, 9.33333, 9.66667], "rotation": 270, "texture": "#1"}
			}
		},
		{
			"from": [10.12132, 9.78211, 5.4564],
			"to": [11.62132, 12.78211, 6.9564],
			"rotation": {"angle": 0, "axis": "y", "origin": [8, 8, 8]},
			"faces": {
				"north": {"uv": [6, 8.33333, 6.5, 9.33333], "texture": "#1"},
				"east": {"uv": [8, 3.66667, 8.5, 4.66667], "texture": "#1"},
				"south": {"uv": [8, 5, 8.5, 6], "texture": "#1"},
				"west": {"uv": [3.66667, 8.33333, 4.16667, 9.33333], "texture": "#1"},
				"up": {"uv": [7.16667, 12.5, 6.66667, 12], "rotation": 90, "texture": "#1"},
				"down": {"uv": [9.5, 12, 9, 12.5], "rotation": 270, "texture": "#1"}
			}
		},
		{
			"from": [12.44212, 8.8208, 5.4599],
			"to": [13.94212, 11.8208, 6.9529],
			"rotation": {"angle": 45, "axis": "z", "origin": [8, 8, 8]},
			"faces": {
				"north": {"uv": [8, 2.33333, 8.5, 3.33333], "texture": "#1"},
				"east": {"uv": [1, 8, 1.5, 9], "texture": "#1"},
				"south": {"uv": [8, 1, 8.5, 2], "texture": "#1"},
				"west": {"uv": [2, 8, 2.5, 9], "texture": "#1"},
				"up": {"uv": [12.5, 0.5, 12, 0], "rotation": 90, "texture": "#1"},
				"down": {"uv": [12.5, 1, 12, 1.5], "rotation": 270, "texture": "#1"}
			}
		},
		{
			"from": [8.8208, 6.69948, 5.4599],
			"to": [11.8208, 8.19948, 6.9529],
			"rotation": {"angle": 45, "axis": "z", "origin": [8, 8, 8]},
			"faces": {
				"north": {"uv": [3.66667, 7.33333, 4.66667, 7.83333], "texture": "#1"},
				"east": {"uv": [8, 11.66667, 8.5, 12.16667], "texture": "#1"},
				"south": {"uv": [7.33333, 0, 8.33333, 0.5], "texture": "#1"},
				"west": {"uv": [10, 11.66667, 10.5, 12.16667], "texture": "#1"},
				"up": {"uv": [7.83333, 8, 7.33333, 7], "rotation": 90, "texture": "#1"},
				"down": {"uv": [5.5, 7.66667, 5, 8.66667], "rotation": 270, "texture": "#1"}
			}
		},
		{
			"from": [6.5, 7.66079, 5.4564],
			"to": [9.5, 9.16079, 6.9564],
			"rotation": {"angle": 0, "axis": "y", "origin": [8, 8, 8]},
			"faces": {
				"north": {"uv": [6.66667, 6, 7.66667, 6.5], "texture": "#1"},
				"east": {"uv": [11.66667, 6, 12.16667, 6.5], "texture": "#1"},
				"south": {"uv": [6.66667, 5, 7.66667, 5.5], "texture": "#1"},
				"west": {"uv": [11.66667, 7, 12.16667, 7.5], "texture": "#1"},
				"up": {"uv": [6.83333, 8, 6.33333, 7], "rotation": 90, "texture": "#1"},
				"down": {"uv": [0.5, 7.33333, 0, 8.33333], "rotation": 270, "texture": "#1"}
			}
		},
		{
			"from": [4.25, 10.775, 5.2814],
			"to": [7.75, 15.775, 5.3114],
			"rotation": {"angle": 0, "axis": "y", "origin": [8, 8, 8]},
			"faces": {
				"north": {"uv": [1.16667, 5.33333, 0, 7], "texture": "#1"},
				"south": {"uv": [0, 5.33333, 1.16667, 7], "texture": "#1"}
			}
		},
		{
			"from": [8.25, 10.775, 5.2814],
			"to": [11.75, 15.775, 5.3114],
			"rotation": {"angle": 0, "axis": "y", "origin": [8, 8, 8]},
			"faces": {
				"north": {"uv": [0, 5.33333, 1.16667, 7], "texture": "#1"},
				"south": {"uv": [1.16667, 5.33333, 0, 7], "texture": "#1"}
			}
		},
		{
			"from": [2.8129, 11.6871, 5.0814],
			"to": [4.3129, 13.1871, 7.3314],
			"rotation": {"angle": -45, "axis": "z", "origin": [8, 8, 8]},
			"faces": {
				"north": {"uv": [5.66667, 11.66667, 6.16667, 12.16667], "texture": "#1"},
				"east": {"uv": [9, 10, 9.75, 10.5], "texture": "#1"},
				"south": {"uv": [11.66667, 5, 12.16667, 5.5], "texture": "#1"},
				"west": {"uv": [10.33333, 5.33333, 11.08333, 5.83333], "texture": "#1"},
				"up": {"uv": [7.75, 10.83333, 7, 10.33333], "rotation": 90, "texture": "#1"},
				"down": {"uv": [11.08333, 7, 10.33333, 7.5], "rotation": 270, "texture": "#1"}
			}
		}
	],
	"gui_light": "front",
	"display": {
		"thirdperson_righthand": {
			"rotation": [0, -60, 0],
			"translation": [3, -2, -0.75]
		},
		"thirdperson_lefthand": {
			"rotation": [0, -60, 0],
			"translation": [3, -2, -0.75]
		},
		"firstperson_righthand": {
			"rotation": [0, 0, 5.5],
			"translation": [0.75, 1.75, 1.25],
			"scale": [0.7, 0.7, 0.7]
		},
		"firstperson_lefthand": {
			"rotation": [0, 0, 5.5],
			"translation": [0.75, 1.75, 1.25],
			"scale": [0.7, 0.7, 0.7]
		},
		"ground": {
			"rotation": [45, 0, 0],
			"translation": [0, 3, 0],
			"scale": [0.7, 0.7, 0.7]
		},
		"gui": {
			"rotation": [0, 180, -45],
			"translation": [-0.5, 0.5, 0]
		},
		"fixed": {
			"translation": [0, 0, -1.75],
			"scale": [2, 2, 2]
		}
	},
	"groups": [
		{
			"name": "shield",
			"origin": [8, 6, 9.75],
			"color": 0,
			"children": [
				0,
				1,
				2,
				3,
				4,
				5,
				6,
				7,
				8,
				9,
				10,
				11,
				12,
				13,
				14,
				15,
				16,
				17,
				18,
				19,
				20,
				21,
				22,
				23,
				24,
				25,
				26,
				27,
				28,
				29,
				30,
				31,
				32,
				33,
				34,
				35,
				36,
				37,
				38,
				39,
				40,
				41,
				42,
				43,
				44,
				45,
				46,
				47,
				48,
				49,
				50,
				51,
				52,
				53,
				54,
				55,
				56,
				57,
				58,
				59,
				60,
				61,
				62,
				63,
				64
			]
		}
	]
}