{
	"credit": "Pologony Creation Co.,Ltd.",
	"texture_size": [12, 12],
	"textures": {
		"1": "item/merrychristmas2024set/animated/animated_1",
		"5": "item/merrychristmas2024set/shovel",
		"particle": "item/merrychristmas2024set/animated/animated_1"
	},
	"elements": [
		{
			"from": [7.5, -2.75, 7.25],
			"to": [8.5, -1.25, 8.75],
			"rotation": {"angle": -45, "axis": "x", "origin": [8, -2, 8]},
			"faces": {
				"north": {"uv": [0, 10, 0.4, 10.6], "texture": "#5"},
				"east": {"uv": [2.4, 8, 3, 8.6], "texture": "#5"},
				"south": {"uv": [2.8, 10.8, 3.2, 11.4], "texture": "#5"},
				"west": {"uv": [0.8, 8.4, 1.4, 9], "texture": "#5"},
				"up": {"uv": [11.2, 3.4, 10.8, 2.8], "texture": "#5"},
				"down": {"uv": [4, 10.8, 3.6, 11.4], "texture": "#5"}
			}
		},
		{
			"from": [7.25, -2.5, 7.5],
			"to": [8.75, -1.5, 8.5],
			"rotation": {"angle": -45, "axis": "x", "origin": [8, -2, 8]},
			"faces": {
				"north": {"uv": [10.8, 4, 11.4, 4.4], "texture": "#5"},
				"east": {"uv": [5.6, 12, 6, 12.4], "texture": "#5"},
				"south": {"uv": [10.8, 6.4, 11.4, 6.8], "texture": "#5"},
				"west": {"uv": [12, 6.4, 12.4, 6.8], "texture": "#5"},
				"up": {"uv": [7.4, 11.2, 6.8, 10.8], "texture": "#5"},
				"down": {"uv": [10.2, 10.8, 9.6, 11.2], "texture": "#5"}
			}
		},
		{
			"from": [7.25, -1.43934, 7.25],
			"to": [8.75, -0.93934, 8.75],
			"rotation": {"angle": -45, "axis": "y", "origin": [8, -1.18934, 8]},
			"faces": {
				"north": {"uv": [8, 12.4, 8.6, 12.6], "texture": "#5"},
				"east": {"uv": [9.2, 12.4, 9.8, 12.6], "texture": "#5"},
				"south": {"uv": [12.4, 9.6, 13, 9.8], "texture": "#5"},
				"west": {"uv": [10.4, 12.4, 11, 12.6], "texture": "#5"},
				"up": {"uv": [9, 3, 8.4, 2.4], "texture": "#5"},
				"down": {"uv": [4.2, 8.4, 3.6, 9], "texture": "#5"}
			}
		},
		{
			"from": [7.25, 0.06066, 7.25],
			"to": [8.75, 0.56066, 8.75],
			"rotation": {"angle": -45, "axis": "y", "origin": [8, 0.31066, 8]},
			"faces": {
				"north": {"uv": [11.6, 12.4, 12.2, 12.6], "texture": "#5"},
				"east": {"uv": [0, 12.8, 0.6, 13], "texture": "#5"},
				"south": {"uv": [12.8, 0, 13.4, 0.2], "texture": "#5"},
				"west": {"uv": [12.8, 1.6, 13.4, 1.8], "texture": "#5"},
				"up": {"uv": [9, 4.2, 8.4, 3.6], "texture": "#5"},
				"down": {"uv": [9, 4.8, 8.4, 5.4], "texture": "#5"}
			}
		},
		{
			"from": [7.42678, -0.93934, 7.5],
			"to": [8.67678, 0.06066, 8.75],
			"rotation": {"angle": -45, "axis": "y", "origin": [8.17678, -0.68934, 8]},
			"faces": {
				"north": {"uv": [1.2, 11.6, 1.7, 12], "texture": "#5"},
				"east": {"uv": [11.6, 2, 12.1, 2.4], "texture": "#5"},
				"south": {"uv": [11.6, 2.8, 12.1, 3.2], "texture": "#5"},
				"west": {"uv": [6.8, 11.6, 7.3, 12], "texture": "#5"}
			}
		},
		{
			"from": [7.25, 10.12132, 7],
			"to": [8.75, 10.62132, 9],
			"rotation": {"angle": 45, "axis": "x", "origin": [8, 11.62132, 8]},
			"faces": {
				"east": {"uv": [12, 7.2, 12.8, 7.4], "texture": "#5"},
				"west": {"uv": [12, 8, 12.8, 8.2], "texture": "#5"},
				"up": {"uv": [6.6, 0.8, 6, 0], "texture": "#5"},
				"down": {"uv": [5.8, 6.4, 5.2, 7.2], "texture": "#5"}
			}
		},
		{
			"from": [7.25, 12.43198, 6.04289],
			"to": [8.75, 12.93198, 8.04289],
			"rotation": {"angle": -45, "axis": "x", "origin": [8, 12.68198, 7.29289]},
			"faces": {
				"east": {"uv": [12, 8.8, 12.8, 9], "texture": "#5"},
				"south": {"uv": [2.4, 12.8, 3, 13], "texture": "#5"},
				"west": {"uv": [12, 10.4, 12.8, 10.6], "texture": "#5"},
				"up": {"uv": [0.6, 7.6, 0, 6.8], "texture": "#5"},
				"down": {"uv": [3, 6.8, 2.4, 7.6], "texture": "#5"}
			}
		},
		{
			"from": [7.25, 10.12132, 6.5],
			"to": [8.75, 10.62132, 7],
			"rotation": {"angle": 45, "axis": "x", "origin": [8, 11.62132, 8]},
			"faces": {
				"north": {"uv": [12.8, 2.4, 13.4, 2.6], "texture": "#5"},
				"east": {"uv": [0, 14.4, 0.2, 14.6], "texture": "#5"},
				"west": {"uv": [2.4, 14.4, 2.6, 14.6], "texture": "#5"},
				"down": {"uv": [4.2, 12.8, 3.6, 13], "texture": "#5"}
			}
		},
		{
			"from": [7.25, 12.62132, 6.5],
			"to": [8.75, 13.12132, 7],
			"rotation": {"angle": 45, "axis": "x", "origin": [8, 11.62132, 8]},
			"faces": {
				"north": {"uv": [12.8, 6, 13.4, 6.2], "texture": "#5"},
				"east": {"uv": [3.2, 14.4, 3.4, 14.6], "texture": "#5"},
				"west": {"uv": [14.4, 3.2, 14.6, 3.4], "texture": "#5"},
				"up": {"uv": [13.4, 11.4, 12.8, 11.2], "texture": "#5"},
				"down": {"uv": [13.4, 12, 12.8, 12.2], "texture": "#5"}
			}
		},
		{
			"from": [7.25, 9.08579, 6.5],
			"to": [8.75, 9.58579, 7],
			"rotation": {"angle": 45, "axis": "x", "origin": [8, 8.08579, 8]},
			"faces": {
				"east": {"uv": [4, 14.4, 4.2, 14.6], "texture": "#5"},
				"south": {"uv": [12.8, 12.8, 13.4, 13], "texture": "#5"},
				"west": {"uv": [14.4, 4, 14.6, 4.2], "texture": "#5"},
				"down": {"uv": [1.8, 13.2, 1.2, 13.4], "texture": "#5"}
			}
		},
		{
			"from": [7.25, 12.62132, 7],
			"to": [8.75, 13.12132, 9],
			"rotation": {"angle": 45, "axis": "x", "origin": [8, 11.62132, 8]},
			"faces": {
				"east": {"uv": [12.4, 0.8, 13.2, 1], "texture": "#5"},
				"south": {"uv": [13.2, 3.2, 13.8, 3.4], "texture": "#5"},
				"west": {"uv": [1.2, 12.4, 2, 12.6], "texture": "#5"},
				"up": {"uv": [7, 7.6, 6.4, 6.8], "texture": "#5"},
				"down": {"uv": [7.8, 0, 7.2, 0.8], "texture": "#5"}
			}
		},
		{
			"from": [7.25, 10.12132, 7],
			"to": [8.75, 10.62132, 9],
			"rotation": {"angle": -45, "axis": "x", "origin": [8, 11.62132, 8]},
			"faces": {
				"east": {"uv": [12.4, 4.4, 13.2, 4.6], "texture": "#5"},
				"west": {"uv": [12.4, 5.2, 13.2, 5.4], "texture": "#5"},
				"up": {"uv": [7.8, 3.6, 7.2, 2.8], "texture": "#5"},
				"down": {"uv": [4.2, 7.2, 3.6, 8], "texture": "#5"}
			}
		},
		{
			"from": [7.25, 10.12132, 9],
			"to": [8.75, 10.62132, 9.5],
			"rotation": {"angle": -45, "axis": "x", "origin": [8, 11.62132, 8]},
			"faces": {
				"east": {"uv": [14.4, 4.8, 14.6, 5], "texture": "#5"},
				"south": {"uv": [4.8, 13.2, 5.4, 13.4], "texture": "#5"},
				"west": {"uv": [14.4, 6.4, 14.6, 6.6], "texture": "#5"},
				"down": {"uv": [6.6, 13.2, 6, 13.4], "texture": "#5"}
			}
		},
		{
			"from": [7.5, 10.37132, 6.75],
			"to": [8.5, 12.87132, 9.25],
			"rotation": {"angle": 45, "axis": "x", "origin": [8, 11.62132, 8]},
			"faces": {
				"east": {"uv": [0, 2.8, 1, 3.8], "texture": "#5"},
				"west": {"uv": [2.8, 0, 3.8, 1], "texture": "#5"}
			}
		},
		{
			"from": [7.25, 9.56066, 7.25],
			"to": [8.75, 10.06066, 8.75],
			"rotation": {"angle": -45, "axis": "y", "origin": [8, 9.81066, 8]},
			"faces": {
				"north": {"uv": [13.2, 6.8, 13.8, 7], "texture": "#5"},
				"east": {"uv": [7.2, 13.2, 7.8, 13.4], "texture": "#5"},
				"south": {"uv": [13.2, 7.6, 13.8, 7.8], "texture": "#5"},
				"west": {"uv": [8.4, 13.2, 9, 13.4], "texture": "#5"},
				"up": {"uv": [9, 6.6, 8.4, 6], "texture": "#5"},
				"down": {"uv": [9, 7.2, 8.4, 7.8], "texture": "#5"}
			}
		},
		{
			"from": [7.42678, 4.56066, 7.5],
			"to": [8.67678, 5.56066, 8.75],
			"rotation": {"angle": -45, "axis": "y", "origin": [8.17678, 5.31066, 8]},
			"faces": {
				"north": {"uv": [8, 11.6, 8.5, 12], "texture": "#5"},
				"east": {"uv": [9.2, 11.6, 9.7, 12], "texture": "#5"},
				"south": {"uv": [10.4, 11.6, 10.9, 12], "texture": "#5"},
				"west": {"uv": [11.6, 11.6, 12.1, 12], "texture": "#5"}
			}
		},
		{
			"from": [7.25, 4.06066, 7.25],
			"to": [8.75, 4.56066, 8.75],
			"rotation": {"angle": -45, "axis": "y", "origin": [8, 4.31066, 8]},
			"faces": {
				"north": {"uv": [13.2, 8.4, 13.8, 8.6], "texture": "#5"},
				"east": {"uv": [9.6, 13.2, 10.2, 13.4], "texture": "#5"},
				"south": {"uv": [13.2, 10.4, 13.8, 10.6], "texture": "#5"},
				"west": {"uv": [10.8, 13.2, 11.4, 13.4], "texture": "#5"},
				"up": {"uv": [8.2, 9, 7.6, 8.4], "texture": "#5"},
				"down": {"uv": [9.4, 0.8, 8.8, 1.4], "texture": "#5"}
			}
		},
		{
			"from": [7.25, 5.56066, 7.25],
			"to": [8.75, 6.06066, 8.75],
			"rotation": {"angle": -45, "axis": "y", "origin": [8, 5.81066, 8]},
			"faces": {
				"north": {"uv": [0, 13.6, 0.6, 13.8], "texture": "#5"},
				"east": {"uv": [13.6, 0.8, 14.2, 1], "texture": "#5"},
				"south": {"uv": [2.4, 13.6, 3, 13.8], "texture": "#5"},
				"west": {"uv": [3.6, 13.6, 4.2, 13.8], "texture": "#5"},
				"up": {"uv": [5.4, 9.4, 4.8, 8.8], "texture": "#5"},
				"down": {"uv": [6.6, 8.8, 6, 9.4], "texture": "#5"}
			}
		},
		{
			"from": [7.67678, 0.56066, 7.57322],
			"to": [8.67678, 4.06066, 8.57322],
			"rotation": {"angle": -45, "axis": "y", "origin": [8.17678, 2.81066, 7.82322]},
			"faces": {
				"north": {"uv": [5.6, 2.8, 6, 4.2], "texture": "#5"},
				"east": {"uv": [1.6, 6.4, 2, 7.8], "texture": "#5"},
				"south": {"uv": [6.4, 2.8, 6.8, 4.2], "texture": "#5"},
				"west": {"uv": [6.4, 4.8, 6.8, 6.2], "texture": "#5"}
			}
		},
		{
			"from": [7.42678, 2.06066, 7.5],
			"to": [8.67678, 2.56066, 8.75],
			"rotation": {"angle": -45, "axis": "y", "origin": [8.17678, 2.31066, 8]},
			"faces": {
				"north": {"uv": [13.6, 13.6, 14.1, 13.8], "texture": "#5"},
				"east": {"uv": [14, 0, 14.5, 0.2], "texture": "#5"},
				"south": {"uv": [1.2, 14, 1.7, 14.2], "texture": "#5"},
				"west": {"uv": [14, 1.6, 14.5, 1.8], "texture": "#5"},
				"up": {"uv": [4.9, 10.5, 4.4, 10], "texture": "#5"},
				"down": {"uv": [6.1, 10, 5.6, 10.5], "texture": "#5"}
			}
		},
		{
			"from": [5, 10.25, 7],
			"to": [7, 11.75, 9],
			"rotation": {"angle": 22.5, "axis": "z", "origin": [6, 12, 8.0625]},
			"faces": {
				"north": {"uv": [7.2, 4, 8, 4.6], "texture": "#5"},
				"east": {"uv": [7.2, 5.2, 8, 5.8], "texture": "#5"},
				"south": {"uv": [7.6, 1.2, 8.4, 1.8], "texture": "#5"},
				"west": {"uv": [4.8, 7.6, 5.6, 8.2], "texture": "#5"},
				"down": {"uv": [6, 5.2, 5.2, 6], "texture": "#5"}
			}
		},
		{
			"from": [4.875, 11.75, 6.875],
			"to": [7.125, 12.5, 9.125],
			"rotation": {"angle": 22.5, "axis": "z", "origin": [6, 12, 8.0625]},
			"faces": {
				"north": {"uv": [9.6, 7.6, 10.5, 7.9], "texture": "#5"},
				"east": {"uv": [8.4, 9.6, 9.3, 9.9], "texture": "#5"},
				"south": {"uv": [10, 0, 10.9, 0.3], "texture": "#5"},
				"west": {"uv": [10, 0.8, 10.9, 1.1], "texture": "#5"},
				"up": {"uv": [3.7, 4.1, 2.8, 3.2], "texture": "#5"},
				"down": {"uv": [4.9, 1.6, 4, 2.5], "texture": "#5"}
			}
		},
		{
			"from": [5.625, 12.5, 8.125],
			"to": [6.375, 13.25, 8.875],
			"rotation": {"angle": 22.5, "axis": "z", "origin": [6, 12, 8.0625]},
			"faces": {
				"east": {"uv": [14, 2.4, 14.3, 2.7], "texture": "#5"},
				"south": {"uv": [4.8, 14, 5.1, 14.3], "texture": "#5"},
				"west": {"uv": [5.6, 14, 5.9, 14.3], "texture": "#5"},
				"up": {"uv": [14.3, 5.9, 14, 5.6], "texture": "#5"}
			}
		},
		{
			"from": [5.625, 12.5, 7.125],
			"to": [6.375, 13.5, 8.125],
			"rotation": {"angle": 22.5, "axis": "z", "origin": [6, 12, 8.0625]},
			"faces": {
				"north": {"uv": [12, 13.2, 12.3, 13.6], "texture": "#5"},
				"east": {"uv": [6.4, 12.4, 6.8, 12.8], "texture": "#5"},
				"south": {"uv": [13.6, 4, 13.9, 4.4], "texture": "#5"},
				"west": {"uv": [7.2, 12.4, 7.6, 12.8], "texture": "#5"},
				"up": {"uv": [13.9, 5.2, 13.6, 4.8], "texture": "#5"}
			}
		},
		{
			"from": [6.5378, 12.31743, 7.3625],
			"to": [7.7878, 12.34743, 8.6125],
			"rotation": {"angle": 45, "axis": "z", "origin": [6, 12, 8.0625]},
			"faces": {
				"up": {"uv": [10.5, 8.9, 10, 8.4], "texture": "#5"},
				"down": {"uv": [10.5, 9.6, 10, 10.1], "texture": "#5"}
			}
		},
		{
			"from": [4.2122, 12.31743, 7.3625],
			"to": [5.4622, 12.34743, 8.6125],
			"rotation": {"angle": 0, "axis": "y", "origin": [6, 12, 8.0625]},
			"faces": {
				"up": {"uv": [2.1, 10.9, 1.6, 10.4], "texture": "#5"},
				"down": {"uv": [10.9, 1.6, 10.4, 2.1], "texture": "#5"}
			}
		},
		{
			"from": [9, 10.25, 7],
			"to": [11, 11.75, 9],
			"rotation": {"angle": -22.5, "axis": "z", "origin": [10, 12, 7.9375]},
			"faces": {
				"north": {"uv": [7.6, 1.2, 8.4, 1.8], "texture": "#5"},
				"east": {"uv": [4.8, 7.6, 5.6, 8.2], "texture": "#5"},
				"south": {"uv": [7.2, 4, 8, 4.6], "texture": "#5"},
				"west": {"uv": [7.2, 5.2, 8, 5.8], "texture": "#5"},
				"down": {"uv": [5.2, 6, 6, 5.2], "texture": "#5"}
			}
		},
		{
			"from": [8.875, 11.75, 6.875],
			"to": [11.125, 12.5, 9.125],
			"rotation": {"angle": -22.5, "axis": "z", "origin": [10, 12, 7.9375]},
			"faces": {
				"north": {"uv": [10, 0, 10.9, 0.3], "texture": "#5"},
				"east": {"uv": [10, 0.8, 10.9, 1.1], "texture": "#5"},
				"south": {"uv": [9.6, 7.6, 10.5, 7.9], "texture": "#5"},
				"west": {"uv": [8.4, 9.6, 9.3, 9.9], "texture": "#5"},
				"up": {"uv": [2.8, 3.2, 3.7, 4.1], "texture": "#5"},
				"down": {"uv": [4, 2.5, 4.9, 1.6], "texture": "#5"}
			}
		},
		{
			"from": [9.625, 12.5, 7.125],
			"to": [10.375, 13.25, 7.875],
			"rotation": {"angle": -22.5, "axis": "z", "origin": [10, 12, 7.9375]},
			"faces": {
				"north": {"uv": [4.8, 14, 5.1, 14.3], "texture": "#5"},
				"east": {"uv": [5.6, 14, 5.9, 14.3], "texture": "#5"},
				"west": {"uv": [14, 2.4, 14.3, 2.7], "texture": "#5"},
				"up": {"uv": [14, 5.6, 14.3, 5.9], "texture": "#5"}
			}
		},
		{
			"from": [9.625, 12.5, 7.875],
			"to": [10.375, 13.5, 8.875],
			"rotation": {"angle": -22.5, "axis": "z", "origin": [10, 12, 7.9375]},
			"faces": {
				"north": {"uv": [13.6, 4, 13.9, 4.4], "texture": "#5"},
				"east": {"uv": [7.2, 12.4, 7.6, 12.8], "texture": "#5"},
				"south": {"uv": [12, 13.2, 12.3, 13.6], "texture": "#5"},
				"west": {"uv": [6.4, 12.4, 6.8, 12.8], "texture": "#5"},
				"up": {"uv": [13.6, 4.8, 13.9, 5.2], "texture": "#5"}
			}
		},
		{
			"from": [8.2122, 12.31743, 7.3875],
			"to": [9.4622, 12.34743, 8.6375],
			"rotation": {"angle": -45, "axis": "z", "origin": [10, 12, 7.9375]},
			"faces": {
				"up": {"uv": [10, 8.4, 10.5, 8.9], "texture": "#5"},
				"down": {"uv": [10, 10.1, 10.5, 9.6], "texture": "#5"}
			}
		},
		{
			"from": [10.5378, 12.31743, 7.3875],
			"to": [11.7878, 12.34743, 8.6375],
			"rotation": {"angle": 0, "axis": "y", "origin": [10, 12, 7.9375]},
			"faces": {
				"up": {"uv": [1.6, 10.4, 2.1, 10.9], "texture": "#5"},
				"down": {"uv": [10.4, 2.1, 10.9, 1.6], "texture": "#5"}
			}
		},
		{
			"from": [6.75, 12.44656, 5.5125],
			"to": [9.25, 13.44656, 7.0125],
			"rotation": {"angle": -22.5, "axis": "x", "origin": [8.5625, 13.75906, 6.2625]},
			"faces": {
				"north": {"uv": [6, 8, 7, 8.4], "texture": "#5"},
				"east": {"uv": [10.8, 10.8, 11.4, 11.2], "texture": "#5"},
				"south": {"uv": [8.4, 0, 9.4, 0.4], "texture": "#5"},
				"west": {"uv": [0, 11.2, 0.6, 11.6], "texture": "#5"},
				"down": {"uv": [1, 5.6, 0, 6.2], "texture": "#5"}
			}
		},
		{
			"from": [6.625, 13.44656, 5.3875],
			"to": [9.375, 14.19656, 7.1375],
			"rotation": {"angle": -22.5, "axis": "x", "origin": [8.5625, 13.75906, 6.2625]},
			"faces": {
				"north": {"uv": [9.6, 4.8, 10.7, 5.1], "texture": "#5"},
				"east": {"uv": [11.2, 9.6, 11.9, 9.9], "texture": "#5"},
				"south": {"uv": [9.6, 5.6, 10.7, 5.9], "texture": "#5"},
				"west": {"uv": [11.6, 0, 12.3, 0.3], "texture": "#5"},
				"up": {"uv": [1.1, 5.1, 0, 4.4], "texture": "#5"},
				"down": {"uv": [5.5, 0, 4.4, 0.7], "texture": "#5"}
			}
		},
		{
			"from": [8.125, 14.00522, 5.92556],
			"to": [8.625, 14.50522, 6.67556],
			"rotation": {"angle": -22.5, "axis": "x", "origin": [7.3125, 13.56772, 5.80056]},
			"faces": {
				"north": {"uv": [14.4, 7.2, 14.6, 7.4], "texture": "#5"},
				"east": {"uv": [14, 12, 14.3, 12.2], "texture": "#5"},
				"south": {"uv": [14.4, 8, 14.6, 8.2], "texture": "#5"},
				"up": {"uv": [14.2, 13.1, 14, 12.8], "texture": "#5"}
			}
		},
		{
			"from": [7.375, 14.00522, 5.92556],
			"to": [8.125, 14.75522, 6.67556],
			"rotation": {"angle": -22.5, "axis": "x", "origin": [7.3125, 13.56772, 5.80056]},
			"faces": {
				"north": {"uv": [6.4, 14, 6.7, 14.3], "texture": "#5"},
				"east": {"uv": [7.2, 14, 7.5, 14.3], "texture": "#5"},
				"south": {"uv": [8, 14, 8.3, 14.3], "texture": "#5"},
				"west": {"uv": [8.8, 14, 9.1, 14.3], "texture": "#5"},
				"up": {"uv": [9.9, 14.3, 9.6, 14], "texture": "#5"}
			}
		},
		{
			"from": [7.65, 14.01875, 4.99862],
			"to": [8.4, 14.04875, 5.74862],
			"rotation": {"angle": 0, "axis": "y", "origin": [8.1, 13.75906, 6.2625]},
			"faces": {
				"up": {"uv": [10.7, 14.3, 10.4, 14], "texture": "#5"},
				"down": {"uv": [11.5, 14, 11.2, 14.3], "texture": "#5"}
			}
		},
		{
			"from": [7.65, 14.27294, 6.00281],
			"to": [8.4, 15.02294, 6.03281],
			"rotation": {"angle": 45, "axis": "x", "origin": [8.1, 13.75906, 6.2625]},
			"faces": {
				"north": {"uv": [14, 11.2, 14.3, 11.5], "texture": "#5"},
				"south": {"uv": [12, 14, 12.3, 14.3], "texture": "#5"}
			}
		},
		{
			"from": [6.75, 12.44656, 8.9875],
			"to": [9.25, 13.44656, 10.4875],
			"rotation": {"angle": 22.5, "axis": "x", "origin": [7.4375, 13.75906, 9.7375]},
			"faces": {
				"north": {"uv": [8.4, 0, 9.4, 0.4], "texture": "#5"},
				"east": {"uv": [0, 11.2, 0.6, 11.6], "texture": "#5"},
				"south": {"uv": [6, 8, 7, 8.4], "texture": "#5"},
				"west": {"uv": [10.8, 10.8, 11.4, 11.2], "texture": "#5"},
				"down": {"uv": [0, 6.2, 1, 5.6], "texture": "#5"}
			}
		},
		{
			"from": [6.625, 13.44656, 8.8625],
			"to": [9.375, 14.19656, 10.6125],
			"rotation": {"angle": 22.5, "axis": "x", "origin": [7.4375, 13.75906, 9.7375]},
			"faces": {
				"north": {"uv": [9.6, 5.6, 10.7, 5.9], "texture": "#5"},
				"east": {"uv": [11.6, 0, 12.3, 0.3], "texture": "#5"},
				"south": {"uv": [9.6, 4.8, 10.7, 5.1], "texture": "#5"},
				"west": {"uv": [11.2, 9.6, 11.9, 9.9], "texture": "#5"},
				"up": {"uv": [0, 4.4, 1.1, 5.1], "texture": "#5"},
				"down": {"uv": [4.4, 0.7, 5.5, 0], "texture": "#5"}
			}
		},
		{
			"from": [7.375, 14.00522, 9.32444],
			"to": [7.875, 14.50522, 10.07444],
			"rotation": {"angle": 22.5, "axis": "x", "origin": [8.6875, 13.56772, 10.19944]},
			"faces": {
				"north": {"uv": [14.4, 8, 14.6, 8.2], "texture": "#5"},
				"south": {"uv": [14.4, 7.2, 14.6, 7.4], "texture": "#5"},
				"west": {"uv": [14, 12, 14.3, 12.2], "texture": "#5"},
				"up": {"uv": [14, 12.8, 14.2, 13.1], "texture": "#5"}
			}
		},
		{
			"from": [7.875, 14.00522, 9.32444],
			"to": [8.625, 14.75522, 10.07444],
			"rotation": {"angle": 22.5, "axis": "x", "origin": [8.6875, 13.56772, 10.19944]},
			"faces": {
				"north": {"uv": [8, 14, 8.3, 14.3], "texture": "#5"},
				"east": {"uv": [8.8, 14, 9.1, 14.3], "texture": "#5"},
				"south": {"uv": [6.4, 14, 6.7, 14.3], "texture": "#5"},
				"west": {"uv": [7.2, 14, 7.5, 14.3], "texture": "#5"},
				"up": {"uv": [9.6, 14, 9.9, 14.3], "texture": "#5"}
			}
		},
		{
			"from": [7.6, 14.01875, 10.25138],
			"to": [8.35, 14.04875, 11.00138],
			"rotation": {"angle": 0, "axis": "y", "origin": [7.9, 13.75906, 9.7375]},
			"faces": {
				"up": {"uv": [10.4, 14, 10.7, 14.3], "texture": "#5"},
				"down": {"uv": [11.2, 14.3, 11.5, 14], "texture": "#5"}
			}
		},
		{
			"from": [7.6, 14.27294, 9.96719],
			"to": [8.35, 15.02294, 9.99719],
			"rotation": {"angle": -45, "axis": "x", "origin": [7.9, 13.75906, 9.7375]},
			"faces": {
				"north": {"uv": [12, 14, 12.3, 14.3], "texture": "#5"},
				"south": {"uv": [14, 11.2, 14.3, 11.5], "texture": "#5"}
			}
		},
		{
			"from": [7.25, 9, 5.5],
			"to": [8.75, 10, 7],
			"rotation": {"angle": 22.5, "axis": "x", "origin": [8, 10, 6.25]},
			"faces": {
				"north": {"uv": [4.4, 11.2, 5, 11.6], "texture": "#5"},
				"east": {"uv": [11.2, 4.8, 11.8, 5.2], "texture": "#5"},
				"south": {"uv": [5.6, 11.2, 6.2, 11.6], "texture": "#5"},
				"west": {"uv": [11.2, 5.6, 11.8, 6], "texture": "#5"},
				"up": {"uv": [9.4, 9, 8.8, 8.4], "texture": "#5"},
				"down": {"uv": [2.6, 9.2, 2, 9.8], "texture": "#5"}
			}
		},
		{
			"from": [7.375, 10, 5.625],
			"to": [8.625, 11, 6.875],
			"rotation": {"angle": 22.5, "axis": "x", "origin": [8, 10, 6.25]},
			"faces": {
				"north": {"uv": [0, 12, 0.5, 12.4], "texture": "#5"},
				"east": {"uv": [2.4, 12, 2.9, 12.4], "texture": "#5"},
				"south": {"uv": [3.6, 12, 4.1, 12.4], "texture": "#5"},
				"west": {"uv": [12, 3.6, 12.5, 4], "texture": "#5"},
				"up": {"uv": [8.9, 10.9, 8.4, 10.4], "texture": "#5"}
			}
		},
		{
			"from": [7.25, 9, 9],
			"to": [8.75, 10, 10.5],
			"rotation": {"angle": -22.5, "axis": "x", "origin": [8, 10, 9.75]},
			"faces": {
				"north": {"uv": [6.2, 11.2, 5.6, 11.6], "texture": "#5"},
				"east": {"uv": [11.8, 4.8, 11.2, 5.2], "texture": "#5"},
				"south": {"uv": [5, 11.2, 4.4, 11.6], "texture": "#5"},
				"west": {"uv": [11.8, 5.6, 11.2, 6], "texture": "#5"},
				"up": {"uv": [9.4, 8.4, 8.8, 9], "texture": "#5"},
				"down": {"uv": [2.6, 9.8, 2, 9.2], "texture": "#5"}
			}
		},
		{
			"from": [7.375, 10, 9.125],
			"to": [8.625, 11, 10.375],
			"rotation": {"angle": -22.5, "axis": "x", "origin": [8, 10, 9.75]},
			"faces": {
				"north": {"uv": [4.1, 12, 3.6, 12.4], "texture": "#5"},
				"east": {"uv": [2.9, 12, 2.4, 12.4], "texture": "#5"},
				"south": {"uv": [0.5, 12, 0, 12.4], "texture": "#5"},
				"west": {"uv": [12.5, 3.6, 12, 4], "texture": "#5"},
				"up": {"uv": [8.9, 10.4, 8.4, 10.9], "texture": "#5"}
			}
		},
		{
			"from": [7.29289, 6.06066, 7.92678],
			"to": [8.54289, 9.56066, 9.17678],
			"rotation": {"angle": 45, "axis": "y", "origin": [7.29289, 6.06066, 8.17678]},
			"faces": {
				"north": {"uv": [1.6, 4.4, 2.1, 5.8], "texture": "#5"},
				"east": {"uv": [4.4, 3.2, 4.9, 4.6], "texture": "#5"},
				"south": {"uv": [2.8, 4.8, 3.3, 6.2], "texture": "#5"},
				"west": {"uv": [4, 5.2, 4.5, 6.6], "texture": "#5"}
			}
		},
		{
			"from": [7.625, 15.62132, 6],
			"to": [8.375, 16.62132, 10],
			"rotation": {"angle": 0, "axis": "x", "origin": [8, 15.12132, 8]},
			"faces": {
				"north": {"uv": [13.6, 9.2, 13.9, 9.6], "texture": "#5"},
				"east": {"uv": [5.6, 1.2, 7.2, 1.6], "texture": "#5"},
				"south": {"uv": [12.8, 13.6, 13.1, 14], "texture": "#5"},
				"west": {"uv": [5.6, 2, 7.2, 2.4], "texture": "#5"},
				"up": {"uv": [7.9, 8, 7.6, 6.4], "texture": "#5"},
				"down": {"uv": [0.3, 8, 0, 9.6], "texture": "#5"}
			}
		},
		{
			"from": [7.625, 12.62132, 7],
			"to": [8.375, 15.62132, 9],
			"rotation": {"angle": 0, "axis": "x", "origin": [8, 15.12132, 8]},
			"faces": {
				"north": {"uv": [0.8, 9.6, 1.1, 10.8], "texture": "#5"},
				"east": {"uv": [1.6, 2.8, 2.4, 4], "texture": "#5"},
				"south": {"uv": [9.6, 2, 9.9, 3.2], "texture": "#5"},
				"west": {"uv": [2.8, 1.6, 3.6, 2.8], "texture": "#5"},
				"up": {"uv": [11.5, 8, 11.2, 7.2], "texture": "#5"},
				"down": {"uv": [11.5, 8.4, 11.2, 9.2], "texture": "#5"}
			}
		},
		{
			"from": [7.631, 14.28773, 6.67745],
			"to": [8.369, 15.78773, 7.92745],
			"rotation": {"angle": -22.5, "axis": "x", "origin": [8, 15.12132, 8]},
			"faces": {
				"north": {"uv": [4.8, 12, 5.1, 12.6], "texture": "#5"},
				"east": {"uv": [9.6, 6.4, 10.1, 7], "texture": "#5"},
				"west": {"uv": [7.2, 9.6, 7.7, 10.2], "texture": "#5"}
			}
		},
		{
			"from": [7.626, 14.06066, 6.23224],
			"to": [8.374, 15.18566, 7.98224],
			"rotation": {"angle": 45, "axis": "x", "origin": [8, 15.12132, 8]},
			"faces": {
				"east": {"uv": [3.2, 9.6, 3.9, 10.1], "texture": "#5"},
				"west": {"uv": [9.6, 3.6, 10.3, 4.1], "texture": "#5"},
				"down": {"uv": [11.9, 0.8, 11.6, 1.5], "texture": "#5"}
			}
		},
		{
			"from": [7.626, 14.06066, 8.01776],
			"to": [8.374, 15.18566, 9.76776],
			"rotation": {"angle": -45, "axis": "x", "origin": [8, 15.12132, 8]},
			"faces": {
				"east": {"uv": [3.9, 9.6, 3.2, 10.1], "texture": "#5"},
				"west": {"uv": [10.3, 3.6, 9.6, 4.1], "texture": "#5"},
				"down": {"uv": [11.9, 1.5, 11.6, 0.8], "texture": "#5"}
			}
		},
		{
			"from": [7.631, 14.28773, 8.07255],
			"to": [8.369, 15.78773, 9.32255],
			"rotation": {"angle": 22.5, "axis": "x", "origin": [8, 15.12132, 8]},
			"faces": {
				"east": {"uv": [10.1, 6.4, 9.6, 7], "texture": "#5"},
				"south": {"uv": [5.1, 12, 4.8, 12.6], "texture": "#5"},
				"west": {"uv": [7.7, 9.6, 7.2, 10.2], "texture": "#5"}
			}
		},
		{
			"from": [7.985, 15, 5.25],
			"to": [8.015, 21, 10.75],
			"rotation": {"angle": 0, "axis": "y", "origin": [7.985, 14, 5.5]},
			"faces": {
				"east": {"uv": [2.2, 0, 0, 2.4], "texture": "#5"},
				"west": {"uv": [0, 0, 2.2, 2.4], "texture": "#5"}
			}
		},
		{
			"from": [7.23464, 14, 6.5],
			"to": [7.26464, 18, 9.5],
			"rotation": {"angle": 0, "axis": "y", "origin": [7.23464, 14, 5.5]},
			"faces": {
				"east": {"uv": [13.33333, 0, 9.33333, 5.33333], "texture": "#1"},
				"west": {"uv": [9.33333, 0, 13.33333, 5.33333], "texture": "#1"}
			}
		},
		{
			"from": [7.80866, 14, 4.61418],
			"to": [7.83866, 18, 6.61418],
			"rotation": {"angle": -22.5, "axis": "y", "origin": [7.80866, 17.5, 5.11418]},
			"faces": {
				"east": {"uv": [9.33333, 0, 6.66667, 5.33333], "texture": "#1"},
				"west": {"uv": [6.66667, 0, 9.33333, 5.33333], "texture": "#1"}
			}
		},
		{
			"from": [7.80866, 14, 9.38582],
			"to": [7.83866, 18, 11.38582],
			"rotation": {"angle": 22.5, "axis": "y", "origin": [7.80866, 17.5, 10.88582]},
			"faces": {
				"east": {"uv": [16, 0, 13.33333, 5.33333], "texture": "#1"},
				"west": {"uv": [13.33333, 0, 16, 5.33333], "texture": "#1"}
			}
		},
		{
			"from": [8.16362, 14, 9.37434],
			"to": [8.19362, 18, 11.37434],
			"rotation": {"angle": -22.5, "axis": "y", "origin": [8.16362, 17.5, 10.87434]},
			"faces": {
				"east": {"uv": [6.66667, 5.33333, 9.33333, 10.66667], "texture": "#1"},
				"west": {"uv": [9.33333, 5.33333, 6.66667, 10.66667], "texture": "#1"}
			}
		},
		{
			"from": [8.73536, 14, 6.5],
			"to": [8.76536, 18, 9.5],
			"rotation": {"angle": 0, "axis": "y", "origin": [8.73536, 14, 5.5]},
			"faces": {
				"east": {"uv": [9.33333, 5.33333, 13.33333, 10.66667], "texture": "#1"},
				"west": {"uv": [13.33333, 5.33333, 9.33333, 10.66667], "texture": "#1"}
			}
		},
		{
			"from": [8.16362, 14, 4.62566],
			"to": [8.19362, 18, 6.62566],
			"rotation": {"angle": 22.5, "axis": "y", "origin": [8.16362, 17.5, 5.12566]},
			"faces": {
				"east": {"uv": [13.33333, 5.33333, 16, 10.66667], "texture": "#1"},
				"west": {"uv": [16, 5.33333, 13.33333, 10.66667], "texture": "#1"}
			}
		},
		{
			"from": [8.16362, 18, 5.12566],
			"to": [8.19362, 22, 7.12566],
			"rotation": {"angle": 22.5, "axis": "y", "origin": [8.16362, 21.5, 5.62566]},
			"faces": {
				"east": {"uv": [5.33333, 10.66667, 8, 16], "texture": "#1"},
				"west": {"uv": [8, 10.66667, 5.33333, 16], "texture": "#1"}
			}
		},
		{
			"from": [8.73536, 18, 7],
			"to": [8.76536, 22, 9],
			"rotation": {"angle": 0, "axis": "y", "origin": [8.73536, 18, 5.5]},
			"faces": {
				"east": {"uv": [2.66667, 10.66667, 5.33333, 16], "texture": "#1"},
				"west": {"uv": [5.33333, 10.66667, 2.66667, 16], "texture": "#1"}
			}
		},
		{
			"from": [8.16362, 18, 8.87434],
			"to": [8.19362, 22, 10.87434],
			"rotation": {"angle": -22.5, "axis": "y", "origin": [8.16362, 21.5, 10.37434]},
			"faces": {
				"east": {"uv": [0, 10.66667, 2.66667, 16], "texture": "#1"},
				"west": {"uv": [2.66667, 10.66667, 0, 16], "texture": "#1"}
			}
		},
		{
			"from": [7.80866, 18, 8.88582],
			"to": [7.83866, 22, 10.88582],
			"rotation": {"angle": 22.5, "axis": "y", "origin": [7.80866, 21.5, 10.38582]},
			"faces": {
				"east": {"uv": [16, 10.66667, 13.33333, 16], "texture": "#1"},
				"west": {"uv": [13.33333, 10.66667, 16, 16], "texture": "#1"}
			}
		},
		{
			"from": [7.23464, 18, 7],
			"to": [7.26464, 22, 9],
			"rotation": {"angle": 0, "axis": "y", "origin": [7.23464, 18, 5.5]},
			"faces": {
				"east": {"uv": [13.33333, 10.66667, 10.66667, 16], "texture": "#1"},
				"west": {"uv": [10.66667, 10.66667, 13.33333, 16], "texture": "#1"}
			}
		},
		{
			"from": [7.80866, 18, 5.11418],
			"to": [7.83866, 22, 7.11418],
			"rotation": {"angle": -22.5, "axis": "y", "origin": [7.80866, 21.5, 5.61418]},
			"faces": {
				"east": {"uv": [10.66667, 10.66667, 8, 16], "texture": "#1"},
				"west": {"uv": [8, 10.66667, 10.66667, 16], "texture": "#1"}
			}
		}
	],
	"gui_light": "front",
	"display": {
		"thirdperson_righthand": {
			"translation": [0, 3.75, 0.75]
		},
		"thirdperson_lefthand": {
			"translation": [0, 3.75, 0.75]
		},
		"firstperson_righthand": {
			"rotation": [10, 0, 0],
			"translation": [2, 2, 0],
			"scale": [0.7, 0.7, 0.7]
		},
		"firstperson_lefthand": {
			"rotation": [10, 0, 0],
			"translation": [2, 2, 0],
			"scale": [0.7, 0.7, 0.7]
		},
		"ground": {
			"rotation": [-45, 0, 0],
			"translation": [0, 3, 0],
			"scale": [0.7, 0.7, 0.7]
		},
		"gui": {
			"rotation": [-90, 45, 90],
			"translation": [1, -1, 0],
			"scale": [0.7, 0.7, 0.7]
		},
		"head": {
			"rotation": [0, -90, 0]
		},
		"fixed": {
			"rotation": [0, -90, 0],
			"translation": [0, 0, -1.75],
			"scale": [2, 2, 2]
		}
	},
	"groups": [
		{
			"name": "shovel",
			"origin": [8, 6, 9.75],
			"color": 0,
			"children": [
				0,
				1,
				2,
				3,
				4,
				5,
				6,
				7,
				8,
				9,
				10,
				11,
				12,
				13,
				14,
				15,
				16,
				17,
				18,
				19,
				20,
				21,
				22,
				23,
				24,
				25,
				26,
				27,
				28,
				29,
				30,
				31,
				32,
				33,
				34,
				35,
				36,
				37,
				38,
				39,
				40,
				41,
				42,
				43,
				44,
				45,
				46,
				47,
				48,
				49,
				50,
				51,
				52,
				53,
				54,
				55,
				56,
				57,
				58,
				59,
				60,
				61,
				62,
				63,
				64,
				65,
				66,
				67
			]
		}
	]
}