{
	"credit": "Pologony Creation Co.,Ltd.",
	"texture_size": [40, 40],
	"textures": {
		"1": "item/merrychristmas2024set/animated/animated_1",
		"2": "item/merrychristmas2024set/spear",
		"particle": "item/merrychristmas2024set/animated/animated_1"
	},
	"elements": [
		{
			"from": [7.5, -6.75, 7.25],
			"to": [8.5, -5.25, 8.75],
			"rotation": {"angle": -45, "axis": "x", "origin": [8, -6, 8]},
			"faces": {
				"north": {"uv": [7.6, 11.2, 8, 11.8], "texture": "#2"},
				"east": {"uv": [9.6, 2.4, 10.2, 3], "texture": "#2"},
				"south": {"uv": [9.6, 11.2, 10, 11.8], "texture": "#2"},
				"west": {"uv": [2.8, 9.6, 3.4, 10.2], "texture": "#2"},
				"up": {"uv": [1.6, 12.2, 1.2, 11.6], "texture": "#2"},
				"down": {"uv": [5.2, 11.6, 4.8, 12.2], "texture": "#2"}
			}
		},
		{
			"from": [7.25, -6.5, 7.5],
			"to": [8.75, -5.5, 8.5],
			"rotation": {"angle": -45, "axis": "x", "origin": [8, -6, 8]},
			"faces": {
				"north": {"uv": [10.4, 11.6, 11, 12], "texture": "#2"},
				"east": {"uv": [7.2, 9.2, 7.6, 9.6], "texture": "#2"},
				"south": {"uv": [11.6, 11.6, 12.2, 12], "texture": "#2"},
				"west": {"uv": [6.4, 10.4, 6.8, 10.8], "texture": "#2"},
				"up": {"uv": [2.6, 12.4, 2, 12], "texture": "#2"},
				"down": {"uv": [12.6, 2, 12, 2.4], "texture": "#2"}
			}
		},
		{
			"from": [7.25, 4.25, 7.25],
			"to": [8.75, 4.75, 8.75],
			"rotation": {"angle": -45, "axis": "y", "origin": [8, 4.5, 8]},
			"faces": {
				"north": {"uv": [12.4, 13.2, 13, 13.4], "texture": "#2"},
				"east": {"uv": [13.2, 12.4, 13.8, 12.6], "texture": "#2"},
				"south": {"uv": [13.6, 0.8, 14.2, 1], "texture": "#2"},
				"west": {"uv": [1.2, 13.6, 1.8, 13.8], "texture": "#2"},
				"up": {"uv": [10.2, 4.2, 9.6, 3.6], "texture": "#2"},
				"down": {"uv": [4.6, 9.6, 4, 10.2], "texture": "#2"}
			}
		},
		{
			"from": [7.25, 5.75, 7.25],
			"to": [8.75, 6.25, 8.75],
			"rotation": {"angle": -45, "axis": "y", "origin": [8, 6, 8]},
			"faces": {
				"north": {"uv": [2.4, 13.6, 3, 13.8], "texture": "#2"},
				"east": {"uv": [3.6, 13.6, 4.2, 13.8], "texture": "#2"},
				"south": {"uv": [4.8, 13.6, 5.4, 13.8], "texture": "#2"},
				"west": {"uv": [6, 13.6, 6.6, 13.8], "texture": "#2"},
				"up": {"uv": [5.8, 10.2, 5.2, 9.6], "texture": "#2"},
				"down": {"uv": [10.2, 8.8, 9.6, 9.4], "texture": "#2"}
			}
		},
		{
			"from": [7.42678, 4.75, 7.5],
			"to": [8.67678, 5.75, 8.75],
			"rotation": {"angle": -45, "axis": "y", "origin": [8.17678, 5, 8]},
			"faces": {
				"north": {"uv": [12.4, 7.6, 12.9, 8], "texture": "#2"},
				"east": {"uv": [12.4, 8.4, 12.9, 8.8], "texture": "#2"},
				"south": {"uv": [12.4, 9.2, 12.9, 9.6], "texture": "#2"},
				"west": {"uv": [9.6, 12.4, 10.1, 12.8], "texture": "#2"}
			}
		},
		{
			"from": [7.25, -4, 7.25],
			"to": [8.75, -3.5, 8.75],
			"rotation": {"angle": -45, "axis": "y", "origin": [8, -3.75, 8]},
			"faces": {
				"north": {"uv": [0, 14.8, 0.6, 15], "texture": "#2"},
				"east": {"uv": [14.8, 0.8, 15.4, 1], "texture": "#2"},
				"south": {"uv": [6.4, 14.8, 7, 15], "texture": "#2"},
				"west": {"uv": [14.8, 6.4, 15.4, 6.6], "texture": "#2"},
				"up": {"uv": [11.4, 3.8, 10.8, 3.2], "texture": "#2"},
				"down": {"uv": [4.2, 10.8, 3.6, 11.4], "texture": "#2"}
			}
		},
		{
			"from": [7.42678, -5, 7.5],
			"to": [8.67678, -4, 8.75],
			"rotation": {"angle": -45, "axis": "y", "origin": [8.17678, -4.75, 8]},
			"faces": {
				"north": {"uv": [4.8, 12.8, 5.3, 13.2], "texture": "#2"},
				"east": {"uv": [8.4, 12.8, 8.9, 13.2], "texture": "#2"},
				"south": {"uv": [12.8, 11.6, 13.3, 12], "texture": "#2"},
				"west": {"uv": [0, 13.2, 0.5, 13.6], "texture": "#2"}
			}
		},
		{
			"from": [7.25, -5.5, 7.25],
			"to": [8.75, -5, 8.75],
			"rotation": {"angle": -45, "axis": "y", "origin": [8, -5.25, 8]},
			"faces": {
				"north": {"uv": [14.4, 5.6, 15, 5.8], "texture": "#2"},
				"east": {"uv": [8.4, 14.4, 9, 14.6], "texture": "#2"},
				"south": {"uv": [14.4, 12, 15, 12.2], "texture": "#2"},
				"west": {"uv": [14.4, 14, 15, 14.2], "texture": "#2"},
				"up": {"uv": [11.4, 2.6, 10.8, 2], "texture": "#2"},
				"down": {"uv": [3, 10.8, 2.4, 11.4], "texture": "#2"}
			}
		},
		{
			"from": [7.25, 20.06066, 7],
			"to": [8.75, 20.56066, 9],
			"rotation": {"angle": 45, "axis": "x", "origin": [8, 21.56066, 8]},
			"faces": {
				"east": {"uv": [13.2, 1.6, 14, 1.8], "texture": "#2"},
				"west": {"uv": [13.2, 2.4, 14, 2.6], "texture": "#2"},
				"up": {"uv": [9, 0.8, 8.4, 0], "texture": "#2"},
				"down": {"uv": [2.2, 8.4, 1.6, 9.2], "texture": "#2"}
			}
		},
		{
			"from": [7.25, 22.37132, 6.04289],
			"to": [8.75, 22.87132, 8.04289],
			"rotation": {"angle": -45, "axis": "x", "origin": [8, 22.62132, 7.29289]},
			"faces": {
				"east": {"uv": [13.2, 3.2, 14, 3.4], "texture": "#2"},
				"south": {"uv": [13.6, 6.4, 14.2, 6.6], "texture": "#2"},
				"west": {"uv": [13.2, 4, 14, 4.2], "texture": "#2"},
				"up": {"uv": [3.4, 9.2, 2.8, 8.4], "texture": "#2"},
				"down": {"uv": [9, 2.8, 8.4, 3.6], "texture": "#2"}
			}
		},
		{
			"from": [7.25, 20.06066, 6.5],
			"to": [8.75, 20.56066, 7],
			"rotation": {"angle": 45, "axis": "x", "origin": [8, 21.56066, 8]},
			"faces": {
				"north": {"uv": [13.6, 7.2, 14.2, 7.4], "texture": "#2"},
				"east": {"uv": [4.4, 15.2, 4.6, 15.4], "texture": "#2"},
				"west": {"uv": [15.2, 4.8, 15.4, 5], "texture": "#2"},
				"down": {"uv": [14.2, 8, 13.6, 8.2], "texture": "#2"}
			}
		},
		{
			"from": [7.25, 22.56066, 6.5],
			"to": [8.75, 23.06066, 7],
			"rotation": {"angle": 45, "axis": "x", "origin": [8, 21.56066, 8]},
			"faces": {
				"north": {"uv": [8.4, 13.6, 9, 13.8], "texture": "#2"},
				"east": {"uv": [5.2, 15.2, 5.4, 15.4], "texture": "#2"},
				"west": {"uv": [8.4, 15.2, 8.6, 15.4], "texture": "#2"},
				"up": {"uv": [14.2, 9, 13.6, 8.8], "texture": "#2"},
				"down": {"uv": [14.2, 9.6, 13.6, 9.8], "texture": "#2"}
			}
		},
		{
			"from": [7.25, 19.02513, 6.5],
			"to": [8.75, 19.52513, 7],
			"rotation": {"angle": 45, "axis": "x", "origin": [8, 18.02513, 8]},
			"faces": {
				"east": {"uv": [15.2, 11.2, 15.4, 11.4], "texture": "#2"},
				"south": {"uv": [13.6, 10.4, 14.2, 10.6], "texture": "#2"},
				"west": {"uv": [0, 15.6, 0.2, 15.8], "texture": "#2"},
				"down": {"uv": [14.2, 13.2, 13.6, 13.4], "texture": "#2"}
			}
		},
		{
			"from": [7.25, 22.56066, 7],
			"to": [8.75, 23.06066, 9],
			"rotation": {"angle": 45, "axis": "x", "origin": [8, 21.56066, 8]},
			"faces": {
				"east": {"uv": [13.2, 4.8, 14, 5], "texture": "#2"},
				"south": {"uv": [0, 14, 0.6, 14.2], "texture": "#2"},
				"west": {"uv": [13.2, 5.6, 14, 5.8], "texture": "#2"},
				"up": {"uv": [4.6, 9.2, 4, 8.4], "texture": "#2"},
				"down": {"uv": [9, 4, 8.4, 4.8], "texture": "#2"}
			}
		},
		{
			"from": [7.25, 20.06066, 7],
			"to": [8.75, 20.56066, 9],
			"rotation": {"angle": -45, "axis": "x", "origin": [8, 21.56066, 8]},
			"faces": {
				"east": {"uv": [7.2, 13.2, 8, 13.4], "texture": "#2"},
				"west": {"uv": [9.6, 13.2, 10.4, 13.4], "texture": "#2"},
				"up": {"uv": [5.8, 9.2, 5.2, 8.4], "texture": "#2"},
				"down": {"uv": [0.6, 8.8, 0, 9.6], "texture": "#2"}
			}
		},
		{
			"from": [7.25, 20.06066, 9],
			"to": [8.75, 20.56066, 9.5],
			"rotation": {"angle": -45, "axis": "x", "origin": [8, 21.56066, 8]},
			"faces": {
				"east": {"uv": [15.6, 1.6, 15.8, 1.8], "texture": "#2"},
				"south": {"uv": [14, 0, 14.6, 0.2], "texture": "#2"},
				"west": {"uv": [15.6, 2.4, 15.8, 2.6], "texture": "#2"},
				"down": {"uv": [7.8, 14, 7.2, 14.2], "texture": "#2"}
			}
		},
		{
			"from": [7.5, 20.31066, 6.75],
			"to": [8.5, 22.81066, 9.25],
			"rotation": {"angle": 45, "axis": "x", "origin": [8, 21.56066, 8]},
			"faces": {
				"east": {"uv": [6, 4, 7, 5], "texture": "#2"},
				"west": {"uv": [6, 5.6, 7, 6.6], "texture": "#2"}
			}
		},
		{
			"from": [7.25, 19.5, 7.25],
			"to": [8.75, 20, 8.75],
			"rotation": {"angle": -45, "axis": "y", "origin": [8, 19.75, 8]},
			"faces": {
				"north": {"uv": [9.6, 14, 10.2, 14.2], "texture": "#2"},
				"east": {"uv": [10.8, 14, 11.4, 14.2], "texture": "#2"},
				"south": {"uv": [14, 11.2, 14.6, 11.4], "texture": "#2"},
				"west": {"uv": [12, 14, 12.6, 14.2], "texture": "#2"},
				"up": {"uv": [0.6, 10.6, 0, 10], "texture": "#2"},
				"down": {"uv": [10.6, 0.8, 10, 1.4], "texture": "#2"}
			}
		},
		{
			"from": [7.42678, 10.25, 7.5],
			"to": [8.67678, 11.25, 8.75],
			"rotation": {"angle": -45, "axis": "y", "origin": [8.17678, 11, 8]},
			"faces": {
				"north": {"uv": [12.4, 10, 12.9, 10.4], "texture": "#2"},
				"east": {"uv": [10.8, 12.4, 11.3, 12.8], "texture": "#2"},
				"south": {"uv": [12.4, 10.8, 12.9, 11.2], "texture": "#2"},
				"west": {"uv": [12, 12.4, 12.5, 12.8], "texture": "#2"}
			}
		},
		{
			"from": [7.25, 9.75, 7.25],
			"to": [8.75, 10.25, 8.75],
			"rotation": {"angle": -45, "axis": "y", "origin": [8, 10, 8]},
			"faces": {
				"north": {"uv": [13.2, 14, 13.8, 14.2], "texture": "#2"},
				"east": {"uv": [1.2, 14.4, 1.8, 14.6], "texture": "#2"},
				"south": {"uv": [14.4, 1.6, 15, 1.8], "texture": "#2"},
				"west": {"uv": [2.4, 14.4, 3, 14.6], "texture": "#2"},
				"up": {"uv": [10.6, 5.4, 10, 4.8], "texture": "#2"},
				"down": {"uv": [10.6, 6, 10, 6.6], "texture": "#2"}
			}
		},
		{
			"from": [7.25, 11.25, 7.25],
			"to": [8.75, 11.75, 8.75],
			"rotation": {"angle": -45, "axis": "y", "origin": [8, 11.5, 8]},
			"faces": {
				"north": {"uv": [14.4, 2.4, 15, 2.6], "texture": "#2"},
				"east": {"uv": [14.4, 3.2, 15, 3.4], "texture": "#2"},
				"south": {"uv": [3.6, 14.4, 4.2, 14.6], "texture": "#2"},
				"west": {"uv": [14.4, 4, 15, 4.2], "texture": "#2"},
				"up": {"uv": [7.8, 10.6, 7.2, 10], "texture": "#2"},
				"down": {"uv": [10.6, 7.2, 10, 7.8], "texture": "#2"}
			}
		},
		{
			"from": [7.67678, 6.25, 7.57322],
			"to": [8.67678, 9.75, 8.57322],
			"rotation": {"angle": -45, "axis": "y", "origin": [8.17678, 8.5, 7.82322]},
			"faces": {
				"north": {"uv": [7.2, 7.2, 7.6, 8.6], "texture": "#2"},
				"east": {"uv": [7.6, 4, 8, 5.4], "texture": "#2"},
				"south": {"uv": [8, 6, 8.4, 7.4], "texture": "#2"},
				"west": {"uv": [8, 8, 8.4, 9.4], "texture": "#2"}
			}
		},
		{
			"from": [7.42678, 7.75, 7.5],
			"to": [8.67678, 8.25, 8.75],
			"rotation": {"angle": -45, "axis": "y", "origin": [8.17678, 8, 8]},
			"faces": {
				"north": {"uv": [14.8, 7.2, 15.3, 7.4], "texture": "#2"},
				"east": {"uv": [14.8, 8, 15.3, 8.2], "texture": "#2"},
				"south": {"uv": [14.8, 8.8, 15.3, 9], "texture": "#2"},
				"west": {"uv": [9.6, 14.8, 10.1, 15], "texture": "#2"},
				"up": {"uv": [8.9, 11.3, 8.4, 10.8], "texture": "#2"},
				"down": {"uv": [0.5, 11.2, 0, 11.7], "texture": "#2"}
			}
		},
		{
			"from": [5, 20.18934, 7],
			"to": [7, 21.68934, 9],
			"rotation": {"angle": 22.5, "axis": "z", "origin": [6, 21.93934, 8.0625]},
			"faces": {
				"north": {"uv": [8.8, 1.2, 9.6, 1.8], "texture": "#2"},
				"east": {"uv": [8.8, 5.2, 9.6, 5.8], "texture": "#2"},
				"south": {"uv": [8.8, 6.4, 9.6, 7], "texture": "#2"},
				"west": {"uv": [8.8, 7.6, 9.6, 8.2], "texture": "#2"},
				"down": {"uv": [8, 2.8, 7.2, 3.6], "texture": "#2"}
			}
		},
		{
			"from": [4.875, 21.68934, 6.875],
			"to": [7.125, 22.43934, 9.125],
			"rotation": {"angle": 22.5, "axis": "z", "origin": [6, 21.93934, 8.0625]},
			"faces": {
				"north": {"uv": [10.8, 9.2, 11.7, 9.5], "texture": "#2"},
				"east": {"uv": [10.8, 10, 11.7, 10.3], "texture": "#2"},
				"south": {"uv": [10.8, 10.8, 11.7, 11.1], "texture": "#2"},
				"west": {"uv": [11.2, 0, 12.1, 0.3], "texture": "#2"},
				"up": {"uv": [7.7, 0.9, 6.8, 0], "texture": "#2"},
				"down": {"uv": [0.9, 7.2, 0, 8.1], "texture": "#2"}
			}
		},
		{
			"from": [5.625, 22.43934, 8.125],
			"to": [6.375, 23.18934, 8.875],
			"rotation": {"angle": 22.5, "axis": "z", "origin": [6, 21.93934, 8.0625]},
			"faces": {
				"east": {"uv": [7.6, 14.8, 7.9, 15.1], "texture": "#2"},
				"south": {"uv": [14.8, 9.6, 15.1, 9.9], "texture": "#2"},
				"west": {"uv": [14.8, 10.4, 15.1, 10.7], "texture": "#2"},
				"up": {"uv": [11.1, 15.1, 10.8, 14.8], "texture": "#2"}
			}
		},
		{
			"from": [5.625, 22.43934, 7.125],
			"to": [6.375, 23.43934, 8.125],
			"rotation": {"angle": 22.5, "axis": "z", "origin": [6, 21.93934, 8.0625]},
			"faces": {
				"north": {"uv": [4.8, 14.4, 5.1, 14.8], "texture": "#2"},
				"east": {"uv": [10.8, 13.2, 11.2, 13.6], "texture": "#2"},
				"south": {"uv": [14.4, 4.8, 14.7, 5.2], "texture": "#2"},
				"west": {"uv": [11.6, 13.2, 12, 13.6], "texture": "#2"},
				"up": {"uv": [5.9, 14.8, 5.6, 14.4], "texture": "#2"}
			}
		},
		{
			"from": [6.5378, 22.25677, 7.3625],
			"to": [7.7878, 22.28677, 8.6125],
			"rotation": {"angle": 45, "axis": "z", "origin": [6, 21.93934, 8.0625]},
			"faces": {
				"up": {"uv": [11.7, 1.3, 11.2, 0.8], "texture": "#2"},
				"down": {"uv": [11.7, 4.4, 11.2, 4.9], "texture": "#2"}
			}
		},
		{
			"from": [4.2122, 22.25677, 7.3625],
			"to": [5.4622, 22.28677, 8.6125],
			"rotation": {"angle": 0, "axis": "y", "origin": [6, 21.93934, 8.0625]},
			"faces": {
				"up": {"uv": [11.7, 6.1, 11.2, 5.6], "texture": "#2"},
				"down": {"uv": [6.9, 11.2, 6.4, 11.7], "texture": "#2"}
			}
		},
		{
			"from": [9, 20.18934, 7],
			"to": [11, 21.68934, 9],
			"rotation": {"angle": -22.5, "axis": "z", "origin": [10, 21.93934, 7.9375]},
			"faces": {
				"north": {"uv": [8.8, 6.4, 9.6, 7], "texture": "#2"},
				"east": {"uv": [8.8, 7.6, 9.6, 8.2], "texture": "#2"},
				"south": {"uv": [8.8, 1.2, 9.6, 1.8], "texture": "#2"},
				"west": {"uv": [8.8, 5.2, 9.6, 5.8], "texture": "#2"},
				"down": {"uv": [7.2, 3.6, 8, 2.8], "texture": "#2"}
			}
		},
		{
			"from": [8.875, 21.68934, 6.875],
			"to": [11.125, 22.43934, 9.125],
			"rotation": {"angle": -22.5, "axis": "z", "origin": [10, 21.93934, 7.9375]},
			"faces": {
				"north": {"uv": [10.8, 10.8, 11.7, 11.1], "texture": "#2"},
				"east": {"uv": [11.2, 0, 12.1, 0.3], "texture": "#2"},
				"south": {"uv": [10.8, 9.2, 11.7, 9.5], "texture": "#2"},
				"west": {"uv": [10.8, 10, 11.7, 10.3], "texture": "#2"},
				"up": {"uv": [6.8, 0, 7.7, 0.9], "texture": "#2"},
				"down": {"uv": [0, 8.1, 0.9, 7.2], "texture": "#2"}
			}
		},
		{
			"from": [9.625, 22.43934, 7.125],
			"to": [10.375, 23.18934, 7.875],
			"rotation": {"angle": -22.5, "axis": "z", "origin": [10, 21.93934, 7.9375]},
			"faces": {
				"north": {"uv": [14.8, 9.6, 15.1, 9.9], "texture": "#2"},
				"east": {"uv": [14.8, 10.4, 15.1, 10.7], "texture": "#2"},
				"west": {"uv": [7.6, 14.8, 7.9, 15.1], "texture": "#2"},
				"up": {"uv": [10.8, 14.8, 11.1, 15.1], "texture": "#2"}
			}
		},
		{
			"from": [9.625, 22.43934, 7.875],
			"to": [10.375, 23.43934, 8.875],
			"rotation": {"angle": -22.5, "axis": "z", "origin": [10, 21.93934, 7.9375]},
			"faces": {
				"north": {"uv": [14.4, 4.8, 14.7, 5.2], "texture": "#2"},
				"east": {"uv": [11.6, 13.2, 12, 13.6], "texture": "#2"},
				"south": {"uv": [4.8, 14.4, 5.1, 14.8], "texture": "#2"},
				"west": {"uv": [10.8, 13.2, 11.2, 13.6], "texture": "#2"},
				"up": {"uv": [5.6, 14.4, 5.9, 14.8], "texture": "#2"}
			}
		},
		{
			"from": [8.2122, 22.25677, 7.3875],
			"to": [9.4622, 22.28677, 8.6375],
			"rotation": {"angle": -45, "axis": "z", "origin": [10, 21.93934, 7.9375]},
			"faces": {
				"up": {"uv": [11.2, 0.8, 11.7, 1.3], "texture": "#2"},
				"down": {"uv": [11.2, 4.9, 11.7, 4.4], "texture": "#2"}
			}
		},
		{
			"from": [10.5378, 22.25677, 7.3875],
			"to": [11.7878, 22.28677, 8.6375],
			"rotation": {"angle": 0, "axis": "y", "origin": [10, 21.93934, 7.9375]},
			"faces": {
				"up": {"uv": [11.2, 5.6, 11.7, 6.1], "texture": "#2"},
				"down": {"uv": [6.4, 11.7, 6.9, 11.2], "texture": "#2"}
			}
		},
		{
			"from": [6.75, 22.3859, 5.5125],
			"to": [9.25, 23.3859, 7.0125],
			"rotation": {"angle": -22.5, "axis": "x", "origin": [8.5625, 23.6984, 6.2625]},
			"faces": {
				"north": {"uv": [9.6, 0, 10.6, 0.4], "texture": "#2"},
				"east": {"uv": [12, 2.8, 12.6, 3.2], "texture": "#2"},
				"south": {"uv": [1.2, 9.6, 2.2, 10], "texture": "#2"},
				"west": {"uv": [3.2, 12, 3.8, 12.4], "texture": "#2"},
				"down": {"uv": [6.6, 7.2, 5.6, 7.8], "texture": "#2"}
			}
		},
		{
			"from": [6.625, 23.3859, 5.3875],
			"to": [9.375, 24.1359, 7.1375],
			"rotation": {"angle": -22.5, "axis": "x", "origin": [8.5625, 23.6984, 6.2625]},
			"faces": {
				"north": {"uv": [4.8, 10.8, 5.9, 11.1], "texture": "#2"},
				"east": {"uv": [12.4, 6.8, 13.1, 7.1], "texture": "#2"},
				"south": {"uv": [10.8, 8.4, 11.9, 8.7], "texture": "#2"},
				"west": {"uv": [7.2, 12.4, 7.9, 12.7], "texture": "#2"},
				"up": {"uv": [2.7, 7.9, 1.6, 7.2], "texture": "#2"},
				"down": {"uv": [8.3, 1.6, 7.2, 2.3], "texture": "#2"}
			}
		},
		{
			"from": [8.125, 23.94456, 5.92556],
			"to": [8.625, 24.44456, 6.67556],
			"rotation": {"angle": -22.5, "axis": "x", "origin": [7.3125, 23.50706, 5.80056]},
			"faces": {
				"north": {"uv": [15.6, 3.2, 15.8, 3.4], "texture": "#2"},
				"east": {"uv": [2.8, 15.2, 3.1, 15.4], "texture": "#2"},
				"south": {"uv": [15.6, 4, 15.8, 4.2], "texture": "#2"},
				"up": {"uv": [3.8, 15.5, 3.6, 15.2], "texture": "#2"}
			}
		},
		{
			"from": [7.375, 23.94456, 5.92556],
			"to": [8.125, 24.69456, 6.67556],
			"rotation": {"angle": -22.5, "axis": "x", "origin": [7.3125, 23.50706, 5.80056]},
			"faces": {
				"north": {"uv": [11.6, 14.8, 11.9, 15.1], "texture": "#2"},
				"east": {"uv": [12.4, 14.8, 12.7, 15.1], "texture": "#2"},
				"south": {"uv": [14.8, 12.8, 15.1, 13.1], "texture": "#2"},
				"west": {"uv": [13.2, 14.8, 13.5, 15.1], "texture": "#2"},
				"up": {"uv": [14.3, 15.1, 14, 14.8], "texture": "#2"}
			}
		},
		{
			"from": [7.65, 23.95809, 4.99862],
			"to": [8.4, 23.98809, 5.74862],
			"rotation": {"angle": 0, "axis": "y", "origin": [8.1, 23.6984, 6.2625]},
			"faces": {
				"up": {"uv": [15.1, 15.1, 14.8, 14.8], "texture": "#2"},
				"down": {"uv": [15.5, 0, 15.2, 0.3], "texture": "#2"}
			}
		},
		{
			"from": [7.65, 24.21228, 6.00281],
			"to": [8.4, 24.96228, 6.03281],
			"rotation": {"angle": 45, "axis": "x", "origin": [8.1, 23.6984, 6.2625]},
			"faces": {
				"north": {"uv": [1.2, 15.2, 1.5, 15.5], "texture": "#2"},
				"south": {"uv": [2, 15.2, 2.3, 15.5], "texture": "#2"}
			}
		},
		{
			"from": [6.75, 22.3859, 8.9875],
			"to": [9.25, 23.3859, 10.4875],
			"rotation": {"angle": 22.5, "axis": "x", "origin": [7.4375, 23.6984, 9.7375]},
			"faces": {
				"north": {"uv": [1.2, 9.6, 2.2, 10], "texture": "#2"},
				"east": {"uv": [3.2, 12, 3.8, 12.4], "texture": "#2"},
				"south": {"uv": [9.6, 0, 10.6, 0.4], "texture": "#2"},
				"west": {"uv": [12, 2.8, 12.6, 3.2], "texture": "#2"},
				"down": {"uv": [5.6, 7.8, 6.6, 7.2], "texture": "#2"}
			}
		},
		{
			"from": [6.625, 23.3859, 8.8625],
			"to": [9.375, 24.1359, 10.6125],
			"rotation": {"angle": 22.5, "axis": "x", "origin": [7.4375, 23.6984, 9.7375]},
			"faces": {
				"north": {"uv": [10.8, 8.4, 11.9, 8.7], "texture": "#2"},
				"east": {"uv": [7.2, 12.4, 7.9, 12.7], "texture": "#2"},
				"south": {"uv": [4.8, 10.8, 5.9, 11.1], "texture": "#2"},
				"west": {"uv": [12.4, 6.8, 13.1, 7.1], "texture": "#2"},
				"up": {"uv": [1.6, 7.2, 2.7, 7.9], "texture": "#2"},
				"down": {"uv": [7.2, 2.3, 8.3, 1.6], "texture": "#2"}
			}
		},
		{
			"from": [7.375, 23.94456, 9.32444],
			"to": [7.875, 24.44456, 10.07444],
			"rotation": {"angle": 22.5, "axis": "x", "origin": [8.6875, 23.50706, 10.19944]},
			"faces": {
				"north": {"uv": [15.6, 4, 15.8, 4.2], "texture": "#2"},
				"south": {"uv": [15.6, 3.2, 15.8, 3.4], "texture": "#2"},
				"west": {"uv": [2.8, 15.2, 3.1, 15.4], "texture": "#2"},
				"up": {"uv": [3.6, 15.2, 3.8, 15.5], "texture": "#2"}
			}
		},
		{
			"from": [7.875, 23.94456, 9.32444],
			"to": [8.625, 24.69456, 10.07444],
			"rotation": {"angle": 22.5, "axis": "x", "origin": [8.6875, 23.50706, 10.19944]},
			"faces": {
				"north": {"uv": [14.8, 12.8, 15.1, 13.1], "texture": "#2"},
				"east": {"uv": [13.2, 14.8, 13.5, 15.1], "texture": "#2"},
				"south": {"uv": [11.6, 14.8, 11.9, 15.1], "texture": "#2"},
				"west": {"uv": [12.4, 14.8, 12.7, 15.1], "texture": "#2"},
				"up": {"uv": [14, 14.8, 14.3, 15.1], "texture": "#2"}
			}
		},
		{
			"from": [7.6, 23.95809, 10.25138],
			"to": [8.35, 23.98809, 11.00138],
			"rotation": {"angle": 0, "axis": "y", "origin": [7.9, 23.6984, 9.7375]},
			"faces": {
				"up": {"uv": [14.8, 14.8, 15.1, 15.1], "texture": "#2"},
				"down": {"uv": [15.2, 0.3, 15.5, 0], "texture": "#2"}
			}
		},
		{
			"from": [7.6, 24.21228, 9.96719],
			"to": [8.35, 24.96228, 9.99719],
			"rotation": {"angle": -45, "axis": "x", "origin": [7.9, 23.6984, 9.7375]},
			"faces": {
				"north": {"uv": [2, 15.2, 2.3, 15.5], "texture": "#2"},
				"south": {"uv": [1.2, 15.2, 1.5, 15.5], "texture": "#2"}
			}
		},
		{
			"from": [7.25, 18.93934, 5.5],
			"to": [8.75, 19.93934, 7],
			"rotation": {"angle": 22.5, "axis": "x", "origin": [8, 19.93934, 6.25]},
			"faces": {
				"north": {"uv": [12, 3.6, 12.6, 4], "texture": "#2"},
				"east": {"uv": [8.4, 12, 9, 12.4], "texture": "#2"},
				"south": {"uv": [0, 12.4, 0.6, 12.8], "texture": "#2"},
				"west": {"uv": [12.4, 0.8, 13, 1.2], "texture": "#2"},
				"up": {"uv": [10.2, 10.6, 9.6, 10], "texture": "#2"},
				"down": {"uv": [1.8, 10.4, 1.2, 11], "texture": "#2"}
			}
		},
		{
			"from": [7.375, 19.93934, 5.625],
			"to": [8.625, 20.93934, 6.875],
			"rotation": {"angle": 22.5, "axis": "x", "origin": [8, 19.93934, 6.25]},
			"faces": {
				"north": {"uv": [12.8, 0, 13.3, 0.4], "texture": "#2"},
				"east": {"uv": [1.2, 12.8, 1.7, 13.2], "texture": "#2"},
				"south": {"uv": [2.4, 12.8, 2.9, 13.2], "texture": "#2"},
				"west": {"uv": [3.6, 12.8, 4.1, 13.2], "texture": "#2"},
				"up": {"uv": [11.7, 7.3, 11.2, 6.8], "texture": "#2"}
			}
		},
		{
			"from": [7.25, 18.93934, 9],
			"to": [8.75, 19.93934, 10.5],
			"rotation": {"angle": -22.5, "axis": "x", "origin": [8, 19.93934, 9.75]},
			"faces": {
				"north": {"uv": [0.6, 12.4, 0, 12.8], "texture": "#2"},
				"east": {"uv": [9, 12, 8.4, 12.4], "texture": "#2"},
				"south": {"uv": [12.6, 3.6, 12, 4], "texture": "#2"},
				"west": {"uv": [13, 0.8, 12.4, 1.2], "texture": "#2"},
				"up": {"uv": [10.2, 10, 9.6, 10.6], "texture": "#2"},
				"down": {"uv": [1.8, 11, 1.2, 10.4], "texture": "#2"}
			}
		},
		{
			"from": [7.375, 19.93934, 9.125],
			"to": [8.625, 20.93934, 10.375],
			"rotation": {"angle": -22.5, "axis": "x", "origin": [8, 19.93934, 9.75]},
			"faces": {
				"north": {"uv": [2.9, 12.8, 2.4, 13.2], "texture": "#2"},
				"east": {"uv": [1.7, 12.8, 1.2, 13.2], "texture": "#2"},
				"south": {"uv": [13.3, 0, 12.8, 0.4], "texture": "#2"},
				"west": {"uv": [4.1, 12.8, 3.6, 13.2], "texture": "#2"},
				"up": {"uv": [11.7, 6.8, 11.2, 7.3], "texture": "#2"}
			}
		},
		{
			"from": [7.29289, 11.75, 7.92678],
			"to": [8.54289, 19.5, 9.17678],
			"rotation": {"angle": 45, "axis": "y", "origin": [7.29289, 16, 8.17678]},
			"faces": {
				"north": {"uv": [2, 0, 2.5, 3.1], "texture": "#2"},
				"east": {"uv": [3.2, 0, 3.7, 3.1], "texture": "#2"},
				"south": {"uv": [0, 3.6, 0.5, 6.7], "texture": "#2"},
				"west": {"uv": [1.2, 3.6, 1.7, 6.7], "texture": "#2"}
			}
		},
		{
			"from": [7.29289, -3.5, 7.92678],
			"to": [8.54289, 4.25, 9.17678],
			"rotation": {"angle": 45, "axis": "y", "origin": [7.29289, 0.75, 8.17678]},
			"faces": {
				"north": {"uv": [2.4, 3.6, 2.9, 6.7], "texture": "#2"},
				"east": {"uv": [3.6, 3.6, 4.1, 6.7], "texture": "#2"},
				"south": {"uv": [4.4, 0, 4.9, 3.1], "texture": "#2"},
				"west": {"uv": [4.8, 3.6, 5.3, 6.7], "texture": "#2"}
			}
		},
		{
			"from": [7.625, 22.56066, 7],
			"to": [8.375, 26.56066, 9],
			"rotation": {"angle": 0, "axis": "y", "origin": [8, 25.06066, 8]},
			"faces": {
				"north": {"uv": [6.4, 8.4, 6.7, 10], "texture": "#2"},
				"east": {"uv": [5.6, 0, 6.4, 1.6], "texture": "#2"},
				"south": {"uv": [8.8, 8.8, 9.1, 10.4], "texture": "#2"},
				"west": {"uv": [6, 2, 6.8, 3.6], "texture": "#2"}
			}
		},
		{
			"from": [7.6225, 25.56066, 7],
			"to": [8.3775, 27.56066, 9],
			"rotation": {"angle": -45, "axis": "x", "origin": [7.9975, 26.56066, 8]},
			"faces": {
				"north": {"uv": [5.6, 11.6, 5.9, 12.4], "texture": "#2"},
				"east": {"uv": [3.2, 7.2, 4, 8], "texture": "#2"},
				"south": {"uv": [12.4, 4.4, 12.7, 5.2], "texture": "#2"},
				"west": {"uv": [4.4, 7.2, 5.2, 8], "texture": "#2"},
				"up": {"uv": [12.7, 6.4, 12.4, 5.6], "texture": "#2"},
				"down": {"uv": [6.7, 12.4, 6.4, 13.2], "texture": "#2"}
			}
		},
		{
			"from": [7.985, 23.68934, 6.125],
			"to": [8.015, 31.68934, 9.875],
			"rotation": {"angle": 0, "axis": "y", "origin": [7.985, 22.68934, 5.375]},
			"faces": {
				"east": {"uv": [1.5, 0, 0, 3.2], "texture": "#2"},
				"west": {"uv": [0, 0, 1.5, 3.2], "texture": "#2"}
			}
		},
		{
			"from": [7.23464, 23.93934, 6.5],
			"to": [7.26464, 27.93934, 9.5],
			"rotation": {"angle": 0, "axis": "y", "origin": [7.23464, 23.93934, 5.5]},
			"faces": {
				"east": {"uv": [13.33333, 0, 9.33333, 5.33333], "texture": "#1"},
				"west": {"uv": [9.33333, 0, 13.33333, 5.33333], "texture": "#1"}
			}
		},
		{
			"from": [7.80866, 23.93934, 4.61418],
			"to": [7.83866, 27.93934, 6.61418],
			"rotation": {"angle": -22.5, "axis": "y", "origin": [7.80866, 27.43934, 5.11418]},
			"faces": {
				"east": {"uv": [9.33333, 0, 6.66667, 5.33333], "texture": "#1"},
				"west": {"uv": [6.66667, 0, 9.33333, 5.33333], "texture": "#1"}
			}
		},
		{
			"from": [7.80866, 23.93934, 9.38582],
			"to": [7.83866, 27.93934, 11.38582],
			"rotation": {"angle": 22.5, "axis": "y", "origin": [7.80866, 27.43934, 10.88582]},
			"faces": {
				"east": {"uv": [16, 0, 13.33333, 5.33333], "texture": "#1"},
				"west": {"uv": [13.33333, 0, 16, 5.33333], "texture": "#1"}
			}
		},
		{
			"from": [8.16362, 23.93934, 9.37434],
			"to": [8.19362, 27.93934, 11.37434],
			"rotation": {"angle": -22.5, "axis": "y", "origin": [8.16362, 27.43934, 10.87434]},
			"faces": {
				"east": {"uv": [6.66667, 5.33333, 9.33333, 10.66667], "texture": "#1"},
				"west": {"uv": [9.33333, 5.33333, 6.66667, 10.66667], "texture": "#1"}
			}
		},
		{
			"from": [8.73536, 23.93934, 6.5],
			"to": [8.76536, 27.93934, 9.5],
			"rotation": {"angle": 0, "axis": "y", "origin": [8.73536, 23.93934, 5.5]},
			"faces": {
				"east": {"uv": [9.33333, 5.33333, 13.33333, 10.66667], "texture": "#1"},
				"west": {"uv": [13.33333, 5.33333, 9.33333, 10.66667], "texture": "#1"}
			}
		},
		{
			"from": [8.16362, 23.93934, 4.62566],
			"to": [8.19362, 27.93934, 6.62566],
			"rotation": {"angle": 22.5, "axis": "y", "origin": [8.16362, 27.43934, 5.12566]},
			"faces": {
				"east": {"uv": [13.33333, 5.33333, 16, 10.66667], "texture": "#1"},
				"west": {"uv": [16, 5.33333, 13.33333, 10.66667], "texture": "#1"}
			}
		},
		{
			"from": [8.16362, 27.93934, 5.12566],
			"to": [8.19362, 31.93934, 7.12566],
			"rotation": {"angle": 22.5, "axis": "y", "origin": [8.16362, 31.43934, 5.62566]},
			"faces": {
				"east": {"uv": [5.33333, 10.66667, 8, 16], "texture": "#1"},
				"west": {"uv": [8, 10.66667, 5.33333, 16], "texture": "#1"}
			}
		},
		{
			"from": [8.73536, 27.93934, 7],
			"to": [8.76536, 31.93934, 9],
			"rotation": {"angle": 0, "axis": "y", "origin": [8.73536, 27.93934, 5.5]},
			"faces": {
				"east": {"uv": [2.66667, 10.66667, 5.33333, 16], "texture": "#1"},
				"west": {"uv": [5.33333, 10.66667, 2.66667, 16], "texture": "#1"}
			}
		},
		{
			"from": [8.16362, 27.93934, 8.87434],
			"to": [8.19362, 31.93934, 10.87434],
			"rotation": {"angle": -22.5, "axis": "y", "origin": [8.16362, 31.43934, 10.37434]},
			"faces": {
				"east": {"uv": [0, 10.66667, 2.66667, 16], "texture": "#1"},
				"west": {"uv": [2.66667, 10.66667, 0, 16], "texture": "#1"}
			}
		},
		{
			"from": [7.80866, 27.93934, 8.88582],
			"to": [7.83866, 31.93934, 10.88582],
			"rotation": {"angle": 22.5, "axis": "y", "origin": [7.80866, 31.43934, 10.38582]},
			"faces": {
				"east": {"uv": [16, 10.66667, 13.33333, 16], "texture": "#1"},
				"west": {"uv": [13.33333, 10.66667, 16, 16], "texture": "#1"}
			}
		},
		{
			"from": [7.23464, 27.93934, 7],
			"to": [7.26464, 31.93934, 9],
			"rotation": {"angle": 0, "axis": "y", "origin": [7.23464, 27.93934, 5.5]},
			"faces": {
				"east": {"uv": [13.33333, 10.66667, 10.66667, 16], "texture": "#1"},
				"west": {"uv": [10.66667, 10.66667, 13.33333, 16], "texture": "#1"}
			}
		},
		{
			"from": [7.80866, 27.93934, 5.11418],
			"to": [7.83866, 31.93934, 7.11418],
			"rotation": {"angle": -22.5, "axis": "y", "origin": [7.80866, 31.43934, 5.61418]},
			"faces": {
				"east": {"uv": [10.66667, 10.66667, 8, 16], "texture": "#1"},
				"west": {"uv": [8, 10.66667, 10.66667, 16], "texture": "#1"}
			}
		}
	],
	"gui_light": "front",
	"display": {
		"thirdperson_righthand": {
			"translation": [0, -2, 0.75]
		},
		"thirdperson_lefthand": {
			"translation": [0, -2, 0.75]
		},
		"firstperson_righthand": {
			"rotation": [10, 0, 0],
			"translation": [1.25, -2, 0],
			"scale": [0.7, 0.7, 0.7]
		},
		"firstperson_lefthand": {
			"rotation": [10, 0, 0],
			"translation": [1.25, -2, 0],
			"scale": [0.7, 0.7, 0.7]
		},
		"ground": {
			"rotation": [-45, 0, 0],
			"translation": [0, 3, 0],
			"scale": [0.7, 0.7, 0.7]
		},
		"gui": {
			"rotation": [-90, 45, 90],
			"translation": [2.25, -2.25, 0],
			"scale": [0.7, 0.7, 0.7]
		},
		"head": {
			"rotation": [0, -90, 0]
		},
		"fixed": {
			"rotation": [0, -90, 0],
			"translation": [0, 0, -1.75],
			"scale": [2, 2, 2]
		}
	},
	"groups": [
		{
			"name": "spear",
			"origin": [8, 6, 9.75],
			"color": 0,
			"children": [
				0,
				1,
				2,
				3,
				4,
				5,
				6,
				7,
				8,
				9,
				10,
				11,
				12,
				13,
				14,
				15,
				16,
				17,
				18,
				19,
				20,
				21,
				22,
				23,
				24,
				25,
				26,
				27,
				28,
				29,
				30,
				31,
				32,
				33,
				34,
				35,
				36,
				37,
				38,
				39,
				40,
				41,
				42,
				43,
				44,
				45,
				46,
				47,
				48,
				49,
				50,
				51,
				52,
				53,
				54,
				55,
				56,
				57,
				58,
				59,
				60,
				61,
				62,
				63,
				64,
				65,
				66,
				67
			]
		}
	]
}