{
	"credit": "Pologony Creation Co.,Ltd.",
	"texture_size": [8, 8],
	"textures": {
		"2": "item/merrychristmas2024set/staff",
		"4": "item/merrychristmas2024set/animated/staff_1"
	},
	"elements": [
		{
			"from": [7.5, -6.75, 7.25],
			"to": [8.5, -5.25, 8.75],
			"rotation": {"angle": -45, "axis": "x", "origin": [8, -6, 8]},
			"faces": {
				"north": {"uv": [1, 2, 1.33333, 2.5], "texture": "#2"},
				"east": {"uv": [0, 10, 0.5, 10.5], "texture": "#2"},
				"south": {"uv": [5.33333, 9.33333, 5.66667, 9.83333], "texture": "#2"},
				"west": {"uv": [1.66667, 10, 2.16667, 10.5], "texture": "#2"},
				"up": {"uv": [12.66667, 0.5, 12.33333, 0], "texture": "#2"},
				"down": {"uv": [12.66667, 1, 12.33333, 1.5], "texture": "#2"}
			}
		},
		{
			"from": [7.25, -6.5, 7.5],
			"to": [8.75, -5.5, 8.5],
			"rotation": {"angle": -45, "axis": "x", "origin": [8, -6, 8]},
			"faces": {
				"north": {"uv": [8.33333, 6.66667, 8.83333, 7], "texture": "#2"},
				"east": {"uv": [8.66667, 2.66667, 9, 3], "texture": "#2"},
				"south": {"uv": [12.33333, 2, 12.83333, 2.33333], "texture": "#2"},
				"west": {"uv": [1, 10.33333, 1.33333, 10.66667], "texture": "#2"},
				"up": {"uv": [12.83333, 3, 12.33333, 2.66667], "texture": "#2"},
				"down": {"uv": [3.5, 12.33333, 3, 12.66667], "texture": "#2"}
			}
		},
		{
			"from": [7.25, 4.25, 7.25],
			"to": [8.75, 4.75, 8.75],
			"rotation": {"angle": -45, "axis": "y", "origin": [8, 4.5, 8]},
			"faces": {
				"north": {"uv": [13.33333, 2, 13.83333, 2.16667], "texture": "#2"},
				"east": {"uv": [13.33333, 2.66667, 13.83333, 2.83333], "texture": "#2"},
				"south": {"uv": [13.33333, 3.33333, 13.83333, 3.5], "texture": "#2"},
				"west": {"uv": [13.33333, 4, 13.83333, 4.16667], "texture": "#2"},
				"up": {"uv": [3.16667, 10.5, 2.66667, 10], "texture": "#2"},
				"down": {"uv": [8.16667, 10, 7.66667, 10.5], "texture": "#2"}
			}
		},
		{
			"from": [7.25, 5.75, 7.25],
			"to": [8.75, 6.25, 8.75],
			"rotation": {"angle": -45, "axis": "y", "origin": [8, 6, 8]},
			"faces": {
				"north": {"uv": [13.33333, 5.33333, 13.83333, 5.5], "texture": "#2"},
				"east": {"uv": [13.33333, 6, 13.83333, 6.16667], "texture": "#2"},
				"south": {"uv": [13.33333, 8.33333, 13.83333, 8.5], "texture": "#2"},
				"west": {"uv": [10.66667, 13.33333, 11.16667, 13.5], "texture": "#2"},
				"up": {"uv": [10.5, 8.83333, 10, 8.33333], "texture": "#2"},
				"down": {"uv": [10.83333, 0, 10.33333, 0.5], "texture": "#2"}
			}
		},
		{
			"from": [7.42678, 4.75, 7.5],
			"to": [8.67678, 5.75, 8.75],
			"rotation": {"angle": -45, "axis": "y", "origin": [8.17678, 5, 8]},
			"faces": {
				"north": {"uv": [12.33333, 8.66667, 12.75, 9], "texture": "#2"},
				"east": {"uv": [9.33333, 12.33333, 9.75, 12.66667], "texture": "#2"},
				"south": {"uv": [10.33333, 12.33333, 10.75, 12.66667], "texture": "#2"},
				"west": {"uv": [12.66667, 7, 13.08333, 7.33333], "texture": "#2"}
			}
		},
		{
			"from": [7.25, -4, 7.25],
			"to": [8.75, -3.5, 8.75],
			"rotation": {"angle": -45, "axis": "y", "origin": [8, -3.75, 8]},
			"faces": {
				"north": {"uv": [11.66667, 13.33333, 12.16667, 13.5], "texture": "#2"},
				"east": {"uv": [12.66667, 13.33333, 13.16667, 13.5], "texture": "#2"},
				"south": {"uv": [13.33333, 12.66667, 13.83333, 12.83333], "texture": "#2"},
				"west": {"uv": [0, 13.66667, 0.5, 13.83333], "texture": "#2"},
				"up": {"uv": [10.83333, 1.5, 10.33333, 1], "texture": "#2"},
				"down": {"uv": [10.83333, 2, 10.33333, 2.5], "texture": "#2"}
			}
		},
		{
			"from": [7.42678, -5, 7.5],
			"to": [8.67678, -4, 8.75],
			"rotation": {"angle": -45, "axis": "y", "origin": [8.17678, -4.75, 8]},
			"faces": {
				"north": {"uv": [12.66667, 10.66667, 13.08333, 11], "texture": "#2"},
				"east": {"uv": [11.33333, 12.66667, 11.75, 13], "texture": "#2"},
				"south": {"uv": [12.66667, 11.33333, 13.08333, 11.66667], "texture": "#2"},
				"west": {"uv": [12.66667, 12, 13.08333, 12.33333], "texture": "#2"}
			}
		},
		{
			"from": [7.25, -5.5, 7.25],
			"to": [8.75, -5, 8.75],
			"rotation": {"angle": -45, "axis": "y", "origin": [8, -5.25, 8]},
			"faces": {
				"north": {"uv": [1, 13.66667, 1.5, 13.83333], "texture": "#2"},
				"east": {"uv": [2, 13.66667, 2.5, 13.83333], "texture": "#2"},
				"south": {"uv": [3, 13.66667, 3.5, 13.83333], "texture": "#2"},
				"west": {"uv": [4, 13.66667, 4.5, 13.83333], "texture": "#2"},
				"up": {"uv": [10.83333, 3.5, 10.33333, 3], "texture": "#2"},
				"down": {"uv": [4.16667, 10.33333, 3.66667, 10.83333], "texture": "#2"}
			}
		},
		{
			"from": [7.25, 17.31066, 7],
			"to": [8.75, 17.81066, 9],
			"rotation": {"angle": 45, "axis": "x", "origin": [8, 18.81066, 8]},
			"faces": {
				"east": {"uv": [4, 13, 4.66667, 13.16667], "texture": "#2"},
				"west": {"uv": [13, 4.66667, 13.66667, 4.83333], "texture": "#2"},
				"up": {"uv": [0.5, 9.66667, 0, 9], "texture": "#2"},
				"down": {"uv": [9.83333, 0, 9.33333, 0.66667], "texture": "#2"}
			}
		},
		{
			"from": [7.25, 19.62132, 6.04289],
			"to": [8.75, 20.12132, 8.04289],
			"rotation": {"angle": -45, "axis": "x", "origin": [8, 19.87132, 7.29289]},
			"faces": {
				"east": {"uv": [5, 13, 5.66667, 13.16667], "texture": "#2"},
				"south": {"uv": [5, 13.66667, 5.5, 13.83333], "texture": "#2"},
				"west": {"uv": [6, 13, 6.66667, 13.16667], "texture": "#2"},
				"up": {"uv": [9.83333, 1.66667, 9.33333, 1], "texture": "#2"},
				"down": {"uv": [9.83333, 2, 9.33333, 2.66667], "texture": "#2"}
			}
		},
		{
			"from": [7.25, 17.31066, 6.5],
			"to": [8.75, 17.81066, 7],
			"rotation": {"angle": 45, "axis": "x", "origin": [8, 18.81066, 8]},
			"faces": {
				"north": {"uv": [6, 13.66667, 6.5, 13.83333], "texture": "#2"},
				"east": {"uv": [14.66667, 9.33333, 14.83333, 9.5], "texture": "#2"},
				"west": {"uv": [9.66667, 14.66667, 9.83333, 14.83333], "texture": "#2"},
				"down": {"uv": [14.16667, 6.66667, 13.66667, 6.83333], "texture": "#2"}
			}
		},
		{
			"from": [7.25, 19.81066, 6.5],
			"to": [8.75, 20.31066, 7],
			"rotation": {"angle": 45, "axis": "x", "origin": [8, 18.81066, 8]},
			"faces": {
				"north": {"uv": [7, 13.66667, 7.5, 13.83333], "texture": "#2"},
				"east": {"uv": [14.66667, 10, 14.83333, 10.16667], "texture": "#2"},
				"west": {"uv": [10.33333, 14.66667, 10.5, 14.83333], "texture": "#2"},
				"up": {"uv": [8.5, 13.83333, 8, 13.66667], "texture": "#2"},
				"down": {"uv": [9.5, 13.66667, 9, 13.83333], "texture": "#2"}
			}
		},
		{
			"from": [7.25, 16.27513, 6.5],
			"to": [8.75, 16.77513, 7],
			"rotation": {"angle": 45, "axis": "x", "origin": [8, 15.27513, 8]},
			"faces": {
				"east": {"uv": [14.66667, 10.66667, 14.83333, 10.83333], "texture": "#2"},
				"south": {"uv": [13.66667, 9, 14.16667, 9.16667], "texture": "#2"},
				"west": {"uv": [11, 14.66667, 11.16667, 14.83333], "texture": "#2"},
				"down": {"uv": [14.16667, 9.66667, 13.66667, 9.83333], "texture": "#2"}
			}
		},
		{
			"from": [7.25, 19.81066, 7],
			"to": [8.75, 20.31066, 9],
			"rotation": {"angle": 45, "axis": "x", "origin": [8, 18.81066, 8]},
			"faces": {
				"east": {"uv": [7, 13, 7.66667, 13.16667], "texture": "#2"},
				"south": {"uv": [13.66667, 10.33333, 14.16667, 10.5], "texture": "#2"},
				"west": {"uv": [13, 7.66667, 13.66667, 7.83333], "texture": "#2"},
				"up": {"uv": [9.83333, 3.66667, 9.33333, 3], "texture": "#2"},
				"down": {"uv": [9.83333, 4, 9.33333, 4.66667], "texture": "#2"}
			}
		},
		{
			"from": [7.25, 17.31066, 7],
			"to": [8.75, 17.81066, 9],
			"rotation": {"angle": -45, "axis": "x", "origin": [8, 18.81066, 8]},
			"faces": {
				"east": {"uv": [8, 13, 8.66667, 13.16667], "texture": "#2"},
				"west": {"uv": [9, 13, 9.66667, 13.16667], "texture": "#2"},
				"up": {"uv": [4.83333, 10, 4.33333, 9.33333], "texture": "#2"},
				"down": {"uv": [9.83333, 6.66667, 9.33333, 7.33333], "texture": "#2"}
			}
		},
		{
			"from": [7.25, 17.31066, 9],
			"to": [8.75, 17.81066, 9.5],
			"rotation": {"angle": -45, "axis": "x", "origin": [8, 18.81066, 8]},
			"faces": {
				"east": {"uv": [14.66667, 11.33333, 14.83333, 11.5], "texture": "#2"},
				"south": {"uv": [13.66667, 11, 14.16667, 11.16667], "texture": "#2"},
				"west": {"uv": [11.66667, 14.66667, 11.83333, 14.83333], "texture": "#2"},
				"down": {"uv": [14.16667, 11.66667, 13.66667, 11.83333], "texture": "#2"}
			}
		},
		{
			"from": [7.5, 17.56066, 6.75],
			"to": [8.5, 20.06066, 9.25],
			"rotation": {"angle": 45, "axis": "x", "origin": [8, 18.81066, 8]},
			"faces": {
				"east": {"uv": [2, 3, 2.83333, 3.83333], "texture": "#2"},
				"west": {"uv": [3.33333, 3, 4.16667, 3.83333], "texture": "#2"}
			}
		},
		{
			"from": [7.25, 16.75, 7.25],
			"to": [8.75, 17.25, 8.75],
			"rotation": {"angle": -45, "axis": "y", "origin": [8, 17, 8]},
			"faces": {
				"north": {"uv": [13.66667, 13.33333, 14.16667, 13.5], "texture": "#2"},
				"east": {"uv": [14, 0, 14.5, 0.16667], "texture": "#2"},
				"south": {"uv": [14, 0.66667, 14.5, 0.83333], "texture": "#2"},
				"west": {"uv": [14, 1.33333, 14.5, 1.5], "texture": "#2"},
				"up": {"uv": [10.83333, 4.5, 10.33333, 4], "texture": "#2"},
				"down": {"uv": [5.16667, 10.33333, 4.66667, 10.83333], "texture": "#2"}
			}
		},
		{
			"from": [7.42678, 10.25, 7.5],
			"to": [8.67678, 11.25, 8.75],
			"rotation": {"angle": -45, "axis": "y", "origin": [8.17678, 11, 8]},
			"faces": {
				"north": {"uv": [12.33333, 12.66667, 12.75, 13], "texture": "#2"},
				"east": {"uv": [0, 13, 0.41667, 13.33333], "texture": "#2"},
				"south": {"uv": [13, 0, 13.41667, 0.33333], "texture": "#2"},
				"west": {"uv": [13, 0.66667, 13.41667, 1], "texture": "#2"}
			}
		},
		{
			"from": [7.25, 9.75, 7.25],
			"to": [8.75, 10.25, 8.75],
			"rotation": {"angle": -45, "axis": "y", "origin": [8, 10, 8]},
			"faces": {
				"north": {"uv": [14, 4.66667, 14.5, 4.83333], "texture": "#2"},
				"east": {"uv": [14, 7.33333, 14.5, 7.5], "texture": "#2"},
				"south": {"uv": [10, 14, 10.5, 14.16667], "texture": "#2"},
				"west": {"uv": [11, 14, 11.5, 14.16667], "texture": "#2"},
				"up": {"uv": [6.16667, 10.83333, 5.66667, 10.33333], "texture": "#2"},
				"down": {"uv": [10.83333, 6.66667, 10.33333, 7.16667], "texture": "#2"}
			}
		},
		{
			"from": [7.25, 11.25, 7.25],
			"to": [8.75, 11.75, 8.75],
			"rotation": {"angle": -45, "axis": "y", "origin": [8, 11.5, 8]},
			"faces": {
				"north": {"uv": [12, 14, 12.5, 14.16667], "texture": "#2"},
				"east": {"uv": [13, 14, 13.5, 14.16667], "texture": "#2"},
				"south": {"uv": [14, 14, 14.5, 14.16667], "texture": "#2"},
				"west": {"uv": [0, 14.33333, 0.5, 14.5], "texture": "#2"},
				"up": {"uv": [9.16667, 10.83333, 8.66667, 10.33333], "texture": "#2"},
				"down": {"uv": [10.16667, 10.33333, 9.66667, 10.83333], "texture": "#2"}
			}
		},
		{
			"from": [7.67678, 6.25, 7.57322],
			"to": [8.67678, 9.75, 8.57322],
			"rotation": {"angle": -45, "axis": "y", "origin": [8.17678, 8.5, 7.82322]},
			"faces": {
				"north": {"uv": [8, 8.33333, 8.33333, 9.5], "texture": "#2"},
				"east": {"uv": [1, 8.66667, 1.33333, 9.83333], "texture": "#2"},
				"south": {"uv": [8.66667, 1, 9, 2.16667], "texture": "#2"},
				"west": {"uv": [6, 8.66667, 6.33333, 9.83333], "texture": "#2"}
			}
		},
		{
			"from": [7.42678, 7.75, 7.5],
			"to": [8.67678, 8.25, 8.75],
			"rotation": {"angle": -45, "axis": "y", "origin": [8.17678, 8, 8]},
			"faces": {
				"north": {"uv": [2.33333, 14.33333, 2.75, 14.5], "texture": "#2"},
				"east": {"uv": [14.33333, 2.66667, 14.75, 2.83333], "texture": "#2"},
				"south": {"uv": [3.33333, 14.33333, 3.75, 14.5], "texture": "#2"},
				"west": {"uv": [14.33333, 3.33333, 14.75, 3.5], "texture": "#2"},
				"up": {"uv": [12.08333, 11.08333, 11.66667, 10.66667], "texture": "#2"},
				"down": {"uv": [12.08333, 11.66667, 11.66667, 12.08333], "texture": "#2"}
			}
		},
		{
			"from": [5, 17.43934, 7],
			"to": [7, 18.93934, 9],
			"rotation": {"angle": 22.5, "axis": "z", "origin": [6, 19.18934, 8.0625]},
			"faces": {
				"north": {"uv": [8.66667, 9.33333, 9.33333, 9.83333], "texture": "#2"},
				"east": {"uv": [9.66667, 5, 10.33333, 5.5], "texture": "#2"},
				"south": {"uv": [6.66667, 9.66667, 7.33333, 10.16667], "texture": "#2"},
				"west": {"uv": [9.66667, 9.33333, 10.33333, 9.83333], "texture": "#2"},
				"down": {"uv": [4.33333, 2, 3.66667, 2.66667], "texture": "#2"}
			}
		},
		{
			"from": [4.875, 18.93934, 6.875],
			"to": [7.125, 19.68934, 9.125],
			"rotation": {"angle": 22.5, "axis": "z", "origin": [6, 19.18934, 8.0625]},
			"faces": {
				"north": {"uv": [11.66667, 5, 12.41667, 5.25], "texture": "#2"},
				"east": {"uv": [6, 11.66667, 6.75, 11.91667], "texture": "#2"},
				"south": {"uv": [11.66667, 9.33333, 12.41667, 9.58333], "texture": "#2"},
				"west": {"uv": [11.66667, 10, 12.41667, 10.25], "texture": "#2"},
				"up": {"uv": [5.41667, 0.75, 4.66667, 0], "texture": "#2"},
				"down": {"uv": [5.41667, 1.33333, 4.66667, 2.08333], "texture": "#2"}
			}
		},
		{
			"from": [5.625, 19.68934, 8.125],
			"to": [6.375, 20.43934, 8.875],
			"rotation": {"angle": 22.5, "axis": "z", "origin": [6, 19.18934, 8.0625]},
			"faces": {
				"east": {"uv": [14.33333, 4, 14.58333, 4.25], "texture": "#2"},
				"south": {"uv": [4.33333, 14.33333, 4.58333, 14.58333], "texture": "#2"},
				"west": {"uv": [5, 14.33333, 5.25, 14.58333], "texture": "#2"},
				"up": {"uv": [14.58333, 5.58333, 14.33333, 5.33333], "texture": "#2"}
			}
		},
		{
			"from": [5.625, 19.68934, 7.125],
			"to": [6.375, 20.68934, 8.125],
			"rotation": {"angle": 22.5, "axis": "z", "origin": [6, 19.18934, 8.0625]},
			"faces": {
				"north": {"uv": [1, 14.33333, 1.25, 14.66667], "texture": "#2"},
				"east": {"uv": [13, 9.33333, 13.33333, 9.66667], "texture": "#2"},
				"south": {"uv": [1.66667, 14.33333, 1.91667, 14.66667], "texture": "#2"},
				"west": {"uv": [10, 13, 10.33333, 13.33333], "texture": "#2"},
				"up": {"uv": [14.58333, 2.33333, 14.33333, 2], "texture": "#2"}
			}
		},
		{
			"from": [6.5378, 19.50677, 7.3625],
			"to": [7.7878, 19.53677, 8.6125],
			"rotation": {"angle": 45, "axis": "z", "origin": [6, 19.18934, 8.0625]},
			"faces": {
				"up": {"uv": [0.41667, 12.41667, 0, 12], "texture": "#2"},
				"down": {"uv": [1.41667, 12, 1, 12.41667], "texture": "#2"}
			}
		},
		{
			"from": [4.2122, 19.50677, 7.3625],
			"to": [5.4622, 19.53677, 8.6125],
			"rotation": {"angle": 0, "axis": "y", "origin": [6, 19.18934, 8.0625]},
			"faces": {
				"up": {"uv": [2.41667, 12.41667, 2, 12], "texture": "#2"},
				"down": {"uv": [7.75, 12, 7.33333, 12.41667], "texture": "#2"}
			}
		},
		{
			"from": [9, 17.43934, 7],
			"to": [11, 18.93934, 9],
			"rotation": {"angle": -22.5, "axis": "z", "origin": [10, 19.18934, 7.9375]},
			"faces": {
				"north": {"uv": [6.66667, 9.66667, 7.33333, 10.16667], "texture": "#2"},
				"east": {"uv": [9.66667, 9.33333, 10.33333, 9.83333], "texture": "#2"},
				"south": {"uv": [8.66667, 9.33333, 9.33333, 9.83333], "texture": "#2"},
				"west": {"uv": [9.66667, 5, 10.33333, 5.5], "texture": "#2"},
				"down": {"uv": [3.66667, 2.66667, 4.33333, 2], "texture": "#2"}
			}
		},
		{
			"from": [8.875, 18.93934, 6.875],
			"to": [11.125, 19.68934, 9.125],
			"rotation": {"angle": -22.5, "axis": "z", "origin": [10, 19.18934, 7.9375]},
			"faces": {
				"north": {"uv": [11.66667, 9.33333, 12.41667, 9.58333], "texture": "#2"},
				"east": {"uv": [11.66667, 10, 12.41667, 10.25], "texture": "#2"},
				"south": {"uv": [11.66667, 5, 12.41667, 5.25], "texture": "#2"},
				"west": {"uv": [6, 11.66667, 6.75, 11.91667], "texture": "#2"},
				"up": {"uv": [4.66667, 0, 5.41667, 0.75], "texture": "#2"},
				"down": {"uv": [4.66667, 2.08333, 5.41667, 1.33333], "texture": "#2"}
			}
		},
		{
			"from": [9.625, 19.68934, 7.125],
			"to": [10.375, 20.43934, 7.875],
			"rotation": {"angle": -22.5, "axis": "z", "origin": [10, 19.18934, 7.9375]},
			"faces": {
				"north": {"uv": [4.33333, 14.33333, 4.58333, 14.58333], "texture": "#2"},
				"east": {"uv": [5, 14.33333, 5.25, 14.58333], "texture": "#2"},
				"west": {"uv": [14.33333, 4, 14.58333, 4.25], "texture": "#2"},
				"up": {"uv": [14.33333, 5.33333, 14.58333, 5.58333], "texture": "#2"}
			}
		},
		{
			"from": [9.625, 19.68934, 7.875],
			"to": [10.375, 20.68934, 8.875],
			"rotation": {"angle": -22.5, "axis": "z", "origin": [10, 19.18934, 7.9375]},
			"faces": {
				"north": {"uv": [1.66667, 14.33333, 1.91667, 14.66667], "texture": "#2"},
				"east": {"uv": [10, 13, 10.33333, 13.33333], "texture": "#2"},
				"south": {"uv": [1, 14.33333, 1.25, 14.66667], "texture": "#2"},
				"west": {"uv": [13, 9.33333, 13.33333, 9.66667], "texture": "#2"},
				"up": {"uv": [14.33333, 2, 14.58333, 2.33333], "texture": "#2"}
			}
		},
		{
			"from": [8.2122, 19.50677, 7.3875],
			"to": [9.4622, 19.53677, 8.6375],
			"rotation": {"angle": -45, "axis": "z", "origin": [10, 19.18934, 7.9375]},
			"faces": {
				"up": {"uv": [0, 12, 0.41667, 12.41667], "texture": "#2"},
				"down": {"uv": [1, 12.41667, 1.41667, 12], "texture": "#2"}
			}
		},
		{
			"from": [10.5378, 19.50677, 7.3875],
			"to": [11.7878, 19.53677, 8.6375],
			"rotation": {"angle": 0, "axis": "y", "origin": [10, 19.18934, 7.9375]},
			"faces": {
				"up": {"uv": [2, 12, 2.41667, 12.41667], "texture": "#2"},
				"down": {"uv": [7.33333, 12.41667, 7.75, 12], "texture": "#2"}
			}
		},
		{
			"from": [6.75, 19.6359, 5.5125],
			"to": [9.25, 20.6359, 7.0125],
			"rotation": {"angle": -22.5, "axis": "x", "origin": [8.5625, 20.9484, 6.2625]},
			"faces": {
				"north": {"uv": [9.33333, 7.66667, 10.16667, 8], "texture": "#2"},
				"east": {"uv": [12.33333, 3.33333, 12.83333, 3.66667], "texture": "#2"},
				"south": {"uv": [9.66667, 6, 10.5, 6.33333], "texture": "#2"},
				"west": {"uv": [4, 12.33333, 4.5, 12.66667], "texture": "#2"},
				"down": {"uv": [9.16667, 5.66667, 8.33333, 6.16667], "texture": "#2"}
			}
		},
		{
			"from": [6.625, 20.6359, 5.3875],
			"to": [9.375, 21.3859, 7.1375],
			"rotation": {"angle": -22.5, "axis": "x", "origin": [8.5625, 20.9484, 6.2625]},
			"faces": {
				"north": {"uv": [11, 8.66667, 11.91667, 8.91667], "texture": "#2"},
				"east": {"uv": [12.33333, 6.33333, 12.91667, 6.58333], "texture": "#2"},
				"south": {"uv": [11.33333, 7, 12.25, 7.25], "texture": "#2"},
				"west": {"uv": [8.33333, 12.33333, 8.91667, 12.58333], "texture": "#2"},
				"up": {"uv": [5.58333, 3.25, 4.66667, 2.66667], "texture": "#2"},
				"down": {"uv": [5.91667, 3.66667, 5, 4.25], "texture": "#2"}
			}
		},
		{
			"from": [8.125, 21.19456, 5.92556],
			"to": [8.625, 21.69456, 6.67556],
			"rotation": {"angle": -22.5, "axis": "x", "origin": [7.3125, 20.75706, 5.80056]},
			"faces": {
				"north": {"uv": [12.33333, 14.66667, 12.5, 14.83333], "texture": "#2"},
				"east": {"uv": [14.66667, 6.66667, 14.91667, 6.83333], "texture": "#2"},
				"south": {"uv": [13, 14.66667, 13.16667, 14.83333], "texture": "#2"},
				"up": {"uv": [14.83333, 8.91667, 14.66667, 8.66667], "texture": "#2"}
			}
		},
		{
			"from": [7.375, 21.19456, 5.92556],
			"to": [8.125, 21.94456, 6.67556],
			"rotation": {"angle": -22.5, "axis": "x", "origin": [7.3125, 20.75706, 5.80056]},
			"faces": {
				"north": {"uv": [5.66667, 14.33333, 5.91667, 14.58333], "texture": "#2"},
				"east": {"uv": [14.33333, 6, 14.58333, 6.25], "texture": "#2"},
				"south": {"uv": [6.33333, 14.33333, 6.58333, 14.58333], "texture": "#2"},
				"west": {"uv": [7, 14.33333, 7.25, 14.58333], "texture": "#2"},
				"up": {"uv": [7.91667, 14.58333, 7.66667, 14.33333], "texture": "#2"}
			}
		},
		{
			"from": [7.65, 21.20809, 4.99862],
			"to": [8.4, 21.23809, 5.74862],
			"rotation": {"angle": 0, "axis": "y", "origin": [8.1, 20.9484, 6.2625]},
			"faces": {
				"up": {"uv": [14.58333, 8.25, 14.33333, 8], "texture": "#2"},
				"down": {"uv": [8.58333, 14.33333, 8.33333, 14.58333], "texture": "#2"}
			}
		},
		{
			"from": [7.65, 21.46228, 6.00281],
			"to": [8.4, 22.21228, 6.03281],
			"rotation": {"angle": 45, "axis": "x", "origin": [8.1, 20.9484, 6.2625]},
			"faces": {
				"north": {"uv": [9, 14.33333, 9.25, 14.58333], "texture": "#2"},
				"south": {"uv": [14.33333, 12.33333, 14.58333, 12.58333], "texture": "#2"}
			}
		},
		{
			"from": [6.75, 19.6359, 8.9875],
			"to": [9.25, 20.6359, 10.4875],
			"rotation": {"angle": 22.5, "axis": "x", "origin": [7.4375, 20.9484, 9.7375]},
			"faces": {
				"north": {"uv": [9.66667, 6, 10.5, 6.33333], "texture": "#2"},
				"east": {"uv": [4, 12.33333, 4.5, 12.66667], "texture": "#2"},
				"south": {"uv": [9.33333, 7.66667, 10.16667, 8], "texture": "#2"},
				"west": {"uv": [12.33333, 3.33333, 12.83333, 3.66667], "texture": "#2"},
				"down": {"uv": [8.33333, 6.16667, 9.16667, 5.66667], "texture": "#2"}
			}
		},
		{
			"from": [6.625, 20.6359, 8.8625],
			"to": [9.375, 21.3859, 10.6125],
			"rotation": {"angle": 22.5, "axis": "x", "origin": [7.4375, 20.9484, 9.7375]},
			"faces": {
				"north": {"uv": [11.33333, 7, 12.25, 7.25], "texture": "#2"},
				"east": {"uv": [8.33333, 12.33333, 8.91667, 12.58333], "texture": "#2"},
				"south": {"uv": [11, 8.66667, 11.91667, 8.91667], "texture": "#2"},
				"west": {"uv": [12.33333, 6.33333, 12.91667, 6.58333], "texture": "#2"},
				"up": {"uv": [4.66667, 2.66667, 5.58333, 3.25], "texture": "#2"},
				"down": {"uv": [5, 4.25, 5.91667, 3.66667], "texture": "#2"}
			}
		},
		{
			"from": [7.375, 21.19456, 9.32444],
			"to": [7.875, 21.69456, 10.07444],
			"rotation": {"angle": 22.5, "axis": "x", "origin": [8.6875, 20.75706, 10.19944]},
			"faces": {
				"north": {"uv": [13, 14.66667, 13.16667, 14.83333], "texture": "#2"},
				"south": {"uv": [12.33333, 14.66667, 12.5, 14.83333], "texture": "#2"},
				"west": {"uv": [14.66667, 6.66667, 14.91667, 6.83333], "texture": "#2"},
				"up": {"uv": [14.66667, 8.66667, 14.83333, 8.91667], "texture": "#2"}
			}
		},
		{
			"from": [7.875, 21.19456, 9.32444],
			"to": [8.625, 21.94456, 10.07444],
			"rotation": {"angle": 22.5, "axis": "x", "origin": [8.6875, 20.75706, 10.19944]},
			"faces": {
				"north": {"uv": [6.33333, 14.33333, 6.58333, 14.58333], "texture": "#2"},
				"east": {"uv": [7, 14.33333, 7.25, 14.58333], "texture": "#2"},
				"south": {"uv": [5.66667, 14.33333, 5.91667, 14.58333], "texture": "#2"},
				"west": {"uv": [14.33333, 6, 14.58333, 6.25], "texture": "#2"},
				"up": {"uv": [7.66667, 14.33333, 7.91667, 14.58333], "texture": "#2"}
			}
		},
		{
			"from": [7.6, 21.20809, 10.25138],
			"to": [8.35, 21.23809, 11.00138],
			"rotation": {"angle": 0, "axis": "y", "origin": [7.9, 20.9484, 9.7375]},
			"faces": {
				"up": {"uv": [14.33333, 8, 14.58333, 8.25], "texture": "#2"},
				"down": {"uv": [8.33333, 14.58333, 8.58333, 14.33333], "texture": "#2"}
			}
		},
		{
			"from": [7.6, 21.46228, 9.96719],
			"to": [8.35, 22.21228, 9.99719],
			"rotation": {"angle": -45, "axis": "x", "origin": [7.9, 20.9484, 9.7375]},
			"faces": {
				"north": {"uv": [14.33333, 12.33333, 14.58333, 12.58333], "texture": "#2"},
				"south": {"uv": [9, 14.33333, 9.25, 14.58333], "texture": "#2"}
			}
		},
		{
			"from": [7.25, 16.18934, 5.5],
			"to": [8.75, 17.18934, 7],
			"rotation": {"angle": 22.5, "axis": "x", "origin": [8, 17.18934, 6.25]},
			"faces": {
				"north": {"uv": [12.33333, 4, 12.83333, 4.33333], "texture": "#2"},
				"east": {"uv": [5, 12.33333, 5.5, 12.66667], "texture": "#2"},
				"south": {"uv": [12.33333, 5.66667, 12.83333, 6], "texture": "#2"},
				"west": {"uv": [6, 12.33333, 6.5, 12.66667], "texture": "#2"},
				"up": {"uv": [11.16667, 5.5, 10.66667, 5], "texture": "#2"},
				"down": {"uv": [7.16667, 10.66667, 6.66667, 11.16667], "texture": "#2"}
			}
		},
		{
			"from": [7.375, 17.18934, 5.625],
			"to": [8.625, 18.18934, 6.875],
			"rotation": {"angle": 22.5, "axis": "x", "origin": [8, 17.18934, 6.25]},
			"faces": {
				"north": {"uv": [1, 13, 1.41667, 13.33333], "texture": "#2"},
				"east": {"uv": [13, 1.33333, 13.41667, 1.66667], "texture": "#2"},
				"south": {"uv": [2, 13, 2.41667, 13.33333], "texture": "#2"},
				"west": {"uv": [3, 13, 3.41667, 13.33333], "texture": "#2"},
				"up": {"uv": [12.41667, 8.08333, 12, 7.66667], "texture": "#2"}
			}
		},
		{
			"from": [7.25, 16.18934, 9],
			"to": [8.75, 17.18934, 10.5],
			"rotation": {"angle": -22.5, "axis": "x", "origin": [8, 17.18934, 9.75]},
			"faces": {
				"north": {"uv": [12.83333, 5.66667, 12.33333, 6], "texture": "#2"},
				"east": {"uv": [5.5, 12.33333, 5, 12.66667], "texture": "#2"},
				"south": {"uv": [12.83333, 4, 12.33333, 4.33333], "texture": "#2"},
				"west": {"uv": [6.5, 12.33333, 6, 12.66667], "texture": "#2"},
				"up": {"uv": [11.16667, 5, 10.66667, 5.5], "texture": "#2"},
				"down": {"uv": [7.16667, 11.16667, 6.66667, 10.66667], "texture": "#2"}
			}
		},
		{
			"from": [7.375, 17.18934, 9.125],
			"to": [8.625, 18.18934, 10.375],
			"rotation": {"angle": -22.5, "axis": "x", "origin": [8, 17.18934, 9.75]},
			"faces": {
				"north": {"uv": [2.41667, 13, 2, 13.33333], "texture": "#2"},
				"east": {"uv": [13.41667, 1.33333, 13, 1.66667], "texture": "#2"},
				"south": {"uv": [1.41667, 13, 1, 13.33333], "texture": "#2"},
				"west": {"uv": [3.41667, 13, 3, 13.33333], "texture": "#2"},
				"up": {"uv": [12.41667, 7.66667, 12, 8.08333], "texture": "#2"}
			}
		},
		{
			"from": [7.29289, 11.75, 7.92678],
			"to": [8.54289, 16.75, 9.17678],
			"rotation": {"angle": 45, "axis": "y", "origin": [7.29289, 16, 8.17678]},
			"faces": {
				"north": {"uv": [3.66667, 0, 4.08333, 1.66667], "texture": "#2"},
				"east": {"uv": [2, 4.33333, 2.41667, 6], "texture": "#2"},
				"south": {"uv": [3, 4.33333, 3.41667, 6], "texture": "#2"},
				"west": {"uv": [4, 4.33333, 4.41667, 6], "texture": "#2"}
			}
		},
		{
			"from": [7.29289, -3.5, 7.92678],
			"to": [8.54289, 4.25, 9.17678],
			"rotation": {"angle": 45, "axis": "y", "origin": [7.29289, 0.75, 8.17678]},
			"faces": {
				"north": {"uv": [1.66667, 0, 2.08333, 2.58333], "texture": "#2"},
				"east": {"uv": [0, 2, 0.41667, 4.58333], "texture": "#2"},
				"south": {"uv": [2.66667, 0, 3.08333, 2.58333], "texture": "#2"},
				"west": {"uv": [1, 3, 1.41667, 5.58333], "texture": "#2"}
			}
		},
		{
			"from": [6.875, 28.2, 8.25],
			"to": [9.125, 29.7, 9.75],
			"rotation": {"angle": -45, "axis": "x", "origin": [7.625, 27.95, 8]},
			"faces": {
				"north": {"uv": [6.66667, 8.66667, 7.41667, 9.16667], "texture": "#2"},
				"east": {"uv": [10.66667, 9.33333, 11.16667, 9.83333], "texture": "#2"},
				"south": {"uv": [8.66667, 8.33333, 9.41667, 8.83333], "texture": "#2"},
				"west": {"uv": [10.66667, 10.33333, 11.16667, 10.83333], "texture": "#2"},
				"up": {"uv": [2.41667, 9.5, 1.66667, 9], "texture": "#2"},
				"down": {"uv": [3.75, 9, 3, 9.5], "texture": "#2"}
			}
		},
		{
			"from": [7.075, 25.86421, 4.25],
			"to": [7.105, 30.86421, 7.75],
			"rotation": {"angle": 0, "axis": "y", "origin": [7.075, 30.11421, 7]},
			"faces": {
				"east": {"uv": [1.16667, 0, 0, 1.66667], "texture": "#2"},
				"west": {"uv": [0, 0, 1.16667, 1.66667], "texture": "#2"}
			}
		},
		{
			"from": [7.075, 25.86421, 8.25],
			"to": [7.105, 30.86421, 11.75],
			"rotation": {"angle": 0, "axis": "y", "origin": [7.075, 30.11421, 9]},
			"faces": {
				"east": {"uv": [0, 0, 1.16667, 1.66667], "texture": "#2"},
				"west": {"uv": [1.16667, 0, 0, 1.66667], "texture": "#2"}
			}
		},
		{
			"from": [8.895, 25.86421, 4.25],
			"to": [8.925, 30.86421, 7.75],
			"rotation": {"angle": 0, "axis": "y", "origin": [8.925, 30.11421, 7]},
			"faces": {
				"east": {"uv": [1.16667, 0, 0, 1.66667], "texture": "#2"},
				"west": {"uv": [0, 0, 1.16667, 1.66667], "texture": "#2"}
			}
		},
		{
			"from": [8.895, 25.86421, 8.25],
			"to": [8.925, 30.86421, 11.75],
			"rotation": {"angle": 0, "axis": "y", "origin": [8.925, 30.11421, 9]},
			"faces": {
				"east": {"uv": [0, 0, 1.16667, 1.66667], "texture": "#2"},
				"west": {"uv": [1.16667, 0, 0, 1.66667], "texture": "#2"}
			}
		},
		{
			"from": [7.25, 22.75, 6.5],
			"to": [8.75, 24.25, 9.5],
			"rotation": {"angle": 0, "axis": "y", "origin": [7.25, 22.75, 6.5]},
			"faces": {
				"north": {"uv": [0, 11, 0.5, 11.5], "texture": "#2"},
				"east": {"uv": [5, 4.66667, 6, 5.16667], "texture": "#2"},
				"south": {"uv": [1, 11, 1.5, 11.5], "texture": "#2"},
				"west": {"uv": [5, 5.66667, 6, 6.16667], "texture": "#2"},
				"up": {"uv": [0.5, 6, 0, 5], "texture": "#2"},
				"down": {"uv": [6.5, 0, 6, 1], "texture": "#2"}
			}
		},
		{
			"from": [7.1535, 22.55, 4],
			"to": [8.8465, 24.5, 6],
			"rotation": {"angle": 45, "axis": "x", "origin": [7.2535, 22.75, 6.5]},
			"faces": {
				"east": {"uv": [6, 0, 10, 4], "texture": "#4"},
				"west": {"uv": [6, 4, 10, 8], "texture": "#4"},
				"up": {"uv": [3.5, 12, 0, 8], "texture": "#4"},
				"down": {"uv": [7.5, 8, 4, 12], "texture": "#4"}
			}
		},
		{
			"from": [7.1035, 25.59099, 4.23046],
			"to": [8.8465, 27.59099, 5.98046],
			"rotation": {"angle": 0, "axis": "y", "origin": [7.1035, 25.09099, 4.23046]},
			"faces": {
				"north": {"uv": [8, 8, 11.5, 12], "texture": "#4"},
				"east": {"uv": [10, 0, 13.5, 4], "texture": "#4"},
				"south": {"uv": [10, 4, 13.5, 8], "texture": "#4"},
				"west": {"uv": [0, 12, 3.5, 16], "texture": "#4"}
			}
		},
		{
			"from": [7.1035, 21.59099, 3.48046],
			"to": [7.1335, 25.59099, 5.73046],
			"rotation": {"angle": 0, "axis": "y", "origin": [7.1035, 23.09099, 3.73046]},
			"faces": {
				"east": {"uv": [4.5, 0, 0, 8], "texture": "#4"},
				"west": {"uv": [0, 0, 4.5, 8], "texture": "#4"}
			}
		},
		{
			"from": [7.2535, 22.75, 3.5],
			"to": [8.7465, 24.25, 6.5],
			"rotation": {"angle": 45, "axis": "x", "origin": [7.2535, 22.75, 6.5]},
			"faces": {
				"north": {"uv": [2, 11, 2.5, 11.5], "texture": "#2"},
				"east": {"uv": [6, 1.33333, 7, 1.83333], "texture": "#2"},
				"south": {"uv": [7.66667, 11, 8.16667, 11.5], "texture": "#2"},
				"west": {"uv": [6, 2.33333, 7, 2.83333], "texture": "#2"},
				"up": {"uv": [1.5, 7, 1, 6], "texture": "#2"},
				"down": {"uv": [0.5, 6.33333, 0, 7.33333], "texture": "#2"}
			}
		},
		{
			"from": [7.2535, 26.7552, 5.15901],
			"to": [8.7465, 29.7552, 6.65901],
			"rotation": {"angle": 45, "axis": "x", "origin": [7.7535, 28.2552, 6.11612]},
			"faces": {
				"north": {"uv": [2, 6.33333, 2.5, 7.33333], "texture": "#2"},
				"east": {"uv": [3, 6.33333, 3.5, 7.33333], "texture": "#2"},
				"south": {"uv": [6.33333, 3.33333, 6.83333, 4.33333], "texture": "#2"},
				"west": {"uv": [4, 6.33333, 4.5, 7.33333], "texture": "#2"},
				"up": {"uv": [11.5, 8.16667, 11, 7.66667], "texture": "#2"},
				"down": {"uv": [11.83333, 0, 11.33333, 0.5], "texture": "#2"}
			}
		},
		{
			"from": [7.25, 24.87132, 4.37868],
			"to": [8.75, 27.87132, 5.87868],
			"rotation": {"angle": 0, "axis": "x", "origin": [7.75, 28.2552, 6.11612]},
			"faces": {
				"north": {"uv": [6.33333, 4.66667, 6.83333, 5.66667], "texture": "#2"},
				"east": {"uv": [6.33333, 6, 6.83333, 7], "texture": "#2"},
				"south": {"uv": [5, 6.66667, 5.5, 7.66667], "texture": "#2"},
				"west": {"uv": [7, 0, 7.5, 1], "texture": "#2"},
				"up": {"uv": [11.83333, 1.5, 11.33333, 1], "texture": "#2"},
				"down": {"uv": [11.83333, 2, 11.33333, 2.5], "texture": "#2"}
			}
		},
		{
			"from": [7.2535, 22.75, 9.5],
			"to": [8.7465, 24.25, 12.5],
			"rotation": {"angle": -45, "axis": "x", "origin": [7.2535, 22.75, 9.5]},
			"faces": {
				"north": {"uv": [8.66667, 11.33333, 9.16667, 11.83333], "texture": "#2"},
				"east": {"uv": [8, 0, 9, 0.5], "texture": "#2"},
				"south": {"uv": [9.66667, 11.33333, 10.16667, 11.83333], "texture": "#2"},
				"west": {"uv": [8, 7.33333, 9, 7.83333], "texture": "#2"},
				"up": {"uv": [5.5, 9, 5, 8], "texture": "#2"},
				"down": {"uv": [8.83333, 3.33333, 8.33333, 4.33333], "texture": "#2"}
			}
		},
		{
			"from": [7.2535, 26.7552, 9.34099],
			"to": [8.7465, 29.7552, 10.84099],
			"rotation": {"angle": -45, "axis": "x", "origin": [7.7535, 28.2552, 9.88388]},
			"faces": {
				"north": {"uv": [0, 7.66667, 0.5, 8.66667], "texture": "#2"},
				"east": {"uv": [2, 7.66667, 2.5, 8.66667], "texture": "#2"},
				"south": {"uv": [3, 7.66667, 3.5, 8.66667], "texture": "#2"},
				"west": {"uv": [4, 7.66667, 4.5, 8.66667], "texture": "#2"},
				"up": {"uv": [5.5, 11.83333, 5, 11.33333], "texture": "#2"},
				"down": {"uv": [11.83333, 6, 11.33333, 6.5], "texture": "#2"}
			}
		},
		{
			"from": [7.25, 24.87132, 10.12132],
			"to": [8.75, 27.87132, 11.62132],
			"rotation": {"angle": 0, "axis": "x", "origin": [7.75, 28.2552, 9.88388]},
			"faces": {
				"north": {"uv": [7.33333, 4.66667, 7.83333, 5.66667], "texture": "#2"},
				"east": {"uv": [6, 7.33333, 6.5, 8.33333], "texture": "#2"},
				"south": {"uv": [7.33333, 6, 7.83333, 7], "texture": "#2"},
				"west": {"uv": [7, 7.33333, 7.5, 8.33333], "texture": "#2"},
				"up": {"uv": [4.5, 11.83333, 4, 11.33333], "texture": "#2"},
				"down": {"uv": [11.83333, 4, 11.33333, 4.5], "texture": "#2"}
			}
		},
		{
			"from": [7.25, 28.49264, 6.5],
			"to": [8.75, 29.99264, 9.5],
			"rotation": {"angle": 0, "axis": "x", "origin": [7.75, 28.2552, 6.11612]},
			"faces": {
				"north": {"uv": [3, 11.33333, 3.5, 11.83333], "texture": "#2"},
				"east": {"uv": [7.33333, 1.33333, 8.33333, 1.83333], "texture": "#2"},
				"south": {"uv": [11.33333, 3, 11.83333, 3.5], "texture": "#2"},
				"west": {"uv": [7.33333, 2.33333, 8.33333, 2.83333], "texture": "#2"},
				"up": {"uv": [1.5, 8.33333, 1, 7.33333], "texture": "#2"},
				"down": {"uv": [7.83333, 3.33333, 7.33333, 4.33333], "texture": "#2"}
			}
		},
		{
			"from": [7.985, 21.4, 4.3],
			"to": [8.015, 23.4, 6.3],
			"rotation": {"angle": 22.5, "axis": "x", "origin": [7.985, 23.4, 6.3]},
			"faces": {
				"east": {"uv": [8.33333, 4.66667, 9, 5.33333], "rotation": 90, "texture": "#2"},
				"west": {"uv": [9, 4.66667, 8.33333, 5.33333], "rotation": 270, "texture": "#2"}
			}
		},
		{
			"from": [7.485, 21.75, 9.75],
			"to": [7.515, 23.25, 11.25],
			"rotation": {"angle": -22.5, "axis": "x", "origin": [7.485, 23.25, 9.75]},
			"faces": {
				"east": {"uv": [11.16667, 11.33333, 10.66667, 11.83333], "rotation": 270, "texture": "#2"},
				"west": {"uv": [10.66667, 11.33333, 11.16667, 11.83333], "rotation": 90, "texture": "#2"}
			}
		},
		{
			"from": [7.985, 29.3441, 4.77008],
			"to": [8.015, 30.8441, 6.27008],
			"rotation": {"angle": 0, "axis": "x", "origin": [8, 30.0941, 5.52008]},
			"faces": {
				"east": {"uv": [11.16667, 11.83333, 10.66667, 11.33333], "rotation": 180, "texture": "#2"},
				"west": {"uv": [10.66667, 11.83333, 11.16667, 11.33333], "rotation": 180, "texture": "#2"}
			}
		},
		{
			"from": [7.985, 24.2, 8.35],
			"to": [8.015, 25.2, 9.35],
			"rotation": {"angle": -22.5, "axis": "x", "origin": [7.985, 24.2, 8.35]},
			"faces": {
				"east": {"uv": [13.33333, 10, 13, 10.33333], "texture": "#2"},
				"west": {"uv": [13, 10, 13.33333, 10.33333], "texture": "#2"}
			}
		},
		{
			"from": [8.5, 26.2, 3.6],
			"to": [8.53, 26.95, 4.35],
			"rotation": {"angle": 22.5, "axis": "x", "origin": [8.5, 26.95, 4.35]},
			"faces": {
				"east": {"uv": [9.5, 13.5, 8, 15], "rotation": 180, "texture": "#4"},
				"west": {"uv": [8, 13.5, 9.5, 15], "rotation": 180, "texture": "#4"}
			}
		},
		{
			"from": [7.9, 25.4, 6.25],
			"to": [7.93, 26.15, 7],
			"rotation": {"angle": 0, "axis": "y", "origin": [7.9, 25.4, 6.25]},
			"faces": {
				"east": {"uv": [5.5, 13.5, 4, 15], "texture": "#4"},
				"west": {"uv": [4, 13.5, 5.5, 15], "texture": "#4"}
			}
		},
		{
			"from": [7.47, 26.2, 11.65],
			"to": [7.5, 26.95, 12.4],
			"rotation": {"angle": -22.5, "axis": "x", "origin": [7.5, 26.95, 11.65]},
			"faces": {
				"east": {"uv": [8, 13.5, 9.5, 15], "rotation": 180, "texture": "#4"},
				"west": {"uv": [9.5, 13.5, 8, 15], "rotation": 180, "texture": "#4"}
			}
		},
		{
			"from": [8.07, 25.4, 9],
			"to": [8.1, 26.15, 9.75],
			"rotation": {"angle": 0, "axis": "y", "origin": [8.1, 25.4, 9.75]},
			"faces": {
				"east": {"uv": [4, 13.5, 5.5, 15], "texture": "#4"},
				"west": {"uv": [5.5, 13.5, 4, 15], "texture": "#4"}
			}
		},
		{
			"from": [7.1535, 25.59099, 10.01954],
			"to": [8.8965, 27.59099, 11.76954],
			"rotation": {"angle": 0, "axis": "y", "origin": [8.8965, 25.09099, 11.76954]},
			"faces": {
				"north": {"uv": [10, 4, 13.5, 8], "texture": "#4"},
				"east": {"uv": [0, 12, 3.5, 16], "texture": "#4"},
				"south": {"uv": [8, 8, 11.5, 12], "texture": "#4"},
				"west": {"uv": [10, 0, 13.5, 4], "texture": "#4"}
			}
		},
		{
			"from": [8.8665, 21.59099, 10.26954],
			"to": [8.8965, 25.59099, 12.51954],
			"rotation": {"angle": 0, "axis": "y", "origin": [8.8965, 23.09099, 12.26954]},
			"faces": {
				"east": {"uv": [0, 0, 4.5, 8], "texture": "#4"},
				"west": {"uv": [4.5, 0, 0, 8], "texture": "#4"}
			}
		},
		{
			"from": [7.1535, 22.55, 10],
			"to": [8.8465, 24.5, 12],
			"rotation": {"angle": -45, "axis": "x", "origin": [8.7465, 22.75, 9.5]},
			"faces": {
				"east": {"uv": [6, 4, 10, 8], "texture": "#4"},
				"west": {"uv": [6, 0, 10, 4], "texture": "#4"},
				"up": {"uv": [0, 8, 3.5, 12], "texture": "#4"},
				"down": {"uv": [4, 12, 7.5, 8], "texture": "#4"}
			}
		}
	],
	"gui_light": "front",
	"display": {
		"thirdperson_righthand": {
			"translation": [0, -2, 0.75]
		},
		"thirdperson_lefthand": {
			"translation": [0, -2, 0.75]
		},
		"firstperson_righthand": {
			"rotation": [10, 0, 0],
			"translation": [1.25, -2, 0],
			"scale": [0.7, 0.7, 0.7]
		},
		"firstperson_lefthand": {
			"rotation": [10, 0, 0],
			"translation": [1.25, -2, 0],
			"scale": [0.7, 0.7, 0.7]
		},
		"ground": {
			"rotation": [-45, 0, 0],
			"translation": [0, 3, 0],
			"scale": [0.7, 0.7, 0.7]
		},
		"gui": {
			"rotation": [-90, 45, 90],
			"translation": [2.25, -2.25, 0],
			"scale": [0.7, 0.7, 0.7]
		},
		"head": {
			"rotation": [0, -90, 0]
		},
		"fixed": {
			"rotation": [0, -90, 0],
			"translation": [0, 0, -1.75],
			"scale": [2, 2, 2]
		}
	},
	"groups": [
		{
			"name": "trident",
			"origin": [8, 6, 9.75],
			"color": 0,
			"children": [
				0,
				1,
				2,
				3,
				4,
				5,
				6,
				7,
				8,
				9,
				10,
				11,
				12,
				13,
				14,
				15,
				16,
				17,
				18,
				19,
				20,
				21,
				22,
				23,
				24,
				25,
				26,
				27,
				28,
				29,
				30,
				31,
				32,
				33,
				34,
				35,
				36,
				37,
				38,
				39,
				40,
				41,
				42,
				43,
				44,
				45,
				46,
				47,
				48,
				49,
				50,
				51,
				52
			]
		},
		53,
		54,
		55,
		56,
		57,
		58,
		59,
		60,
		61,
		62,
		63,
		64,
		65,
		66,
		67,
		68,
		69,
		{
			"name": "group",
			"origin": [0, 0, 0],
			"color": 0,
			"children": []
		},
		70,
		71,
		72,
		73,
		74,
		75,
		76,
		77,
		78,
		79
	]
}