{
	"credit": "Pologony Creation Co.,Ltd.",
	"texture_size": [20, 20],
	"textures": {
		"2": "item/merrychristmas2024set/sword",
		"3": "item/merrychristmas2024set/animated/sword_1"
	},
	"elements": [
		{
			"from": [7.5, -2.75, 7.25],
			"to": [8.5, -1.25, 8.75],
			"rotation": {"angle": -45, "axis": "x", "origin": [8, -2, 8]},
			"faces": {
				"north": {"uv": [5.09091, 2.90909, 5.45455, 3.45455], "texture": "#2"},
				"east": {"uv": [10.18182, 0, 10.72727, 0.54545], "texture": "#2"},
				"south": {"uv": [5.09091, 6.54545, 5.45455, 7.09091], "texture": "#2"},
				"west": {"uv": [4.36364, 10.18182, 4.90909, 10.72727], "texture": "#2"},
				"up": {"uv": [7.63636, 10.36364, 7.27273, 9.81818], "texture": "#2"},
				"down": {"uv": [2.54545, 11.63636, 2.18182, 12.18182], "texture": "#2"}
			}
		},
		{
			"from": [7.25, -2.5, 7.5],
			"to": [8.75, -1.5, 8.5],
			"rotation": {"angle": -45, "axis": "x", "origin": [8, -2, 8]},
			"faces": {
				"north": {"uv": [2.90909, 11.63636, 3.45455, 12], "texture": "#2"},
				"east": {"uv": [6.54545, 2.18182, 6.90909, 2.54545], "texture": "#2"},
				"south": {"uv": [11.63636, 2.90909, 12.18182, 3.27273], "texture": "#2"},
				"west": {"uv": [7.63636, 1.45455, 8, 1.81818], "texture": "#2"},
				"up": {"uv": [12.18182, 4, 11.63636, 3.63636], "texture": "#2"},
				"down": {"uv": [12.18182, 5.45455, 11.63636, 5.81818], "texture": "#2"}
			}
		},
		{
			"from": [7.25, -1.43934, 7.25],
			"to": [8.75, -0.93934, 8.75],
			"rotation": {"angle": -45, "axis": "y", "origin": [8, -1.18934, 8]},
			"faces": {
				"north": {"uv": [0.72727, 13.45455, 1.27273, 13.63636], "texture": "#2"},
				"east": {"uv": [13.45455, 4.36364, 14, 4.54545], "texture": "#2"},
				"south": {"uv": [13.45455, 8.72727, 14, 8.90909], "texture": "#2"},
				"west": {"uv": [13.45455, 9.45455, 14, 9.63636], "texture": "#2"},
				"up": {"uv": [6, 10.72727, 5.45455, 10.18182], "texture": "#2"},
				"down": {"uv": [9.27273, 10.18182, 8.72727, 10.72727], "texture": "#2"}
			}
		},
		{
			"from": [7.25, 0.06066, 7.25],
			"to": [8.75, 0.56066, 8.75],
			"rotation": {"angle": -45, "axis": "y", "origin": [8, 0.31066, 8]},
			"faces": {
				"north": {"uv": [13.45455, 10.18182, 14, 10.36364], "texture": "#2"},
				"east": {"uv": [13.45455, 10.90909, 14, 11.09091], "texture": "#2"},
				"south": {"uv": [13.45455, 11.63636, 14, 11.81818], "texture": "#2"},
				"west": {"uv": [12.36364, 13.45455, 12.90909, 13.63636], "texture": "#2"},
				"up": {"uv": [10.36364, 10.72727, 9.81818, 10.18182], "texture": "#2"},
				"down": {"uv": [0.54545, 10.54545, 0, 11.09091], "texture": "#2"}
			}
		},
		{
			"from": [7.42678, -0.93934, 7.5],
			"to": [8.67678, 0.06066, 8.75],
			"rotation": {"angle": -45, "axis": "y", "origin": [8.17678, -0.68934, 8]},
			"faces": {
				"north": {"uv": [12.36364, 9.81818, 12.81818, 10.18182], "texture": "#2"},
				"east": {"uv": [12.36364, 10.54545, 12.81818, 10.90909], "texture": "#2"},
				"south": {"uv": [12.36364, 11.27273, 12.81818, 11.63636], "texture": "#2"},
				"west": {"uv": [12.36364, 12, 12.81818, 12.36364], "texture": "#2"}
			}
		},
		{
			"from": [7.25, 6.12132, 7],
			"to": [8.75, 6.62132, 9],
			"rotation": {"angle": 45, "axis": "x", "origin": [8, 7.62132, 8]},
			"faces": {
				"east": {"uv": [2.18182, 13.09091, 2.90909, 13.27273], "texture": "#2"},
				"west": {"uv": [3.27273, 13.09091, 4, 13.27273], "texture": "#2"},
				"up": {"uv": [9.27273, 4.36364, 8.72727, 3.63636], "texture": "#2"},
				"down": {"uv": [9.27273, 4.72727, 8.72727, 5.45455], "texture": "#2"}
			}
		},
		{
			"from": [7.25, 8.43198, 6.04289],
			"to": [8.75, 8.93198, 8.04289],
			"rotation": {"angle": -45, "axis": "x", "origin": [8, 8.68198, 7.29289]},
			"faces": {
				"east": {"uv": [4.36364, 13.09091, 5.09091, 13.27273], "texture": "#2"},
				"south": {"uv": [13.45455, 12.36364, 14, 12.54545], "texture": "#2"},
				"west": {"uv": [5.45455, 13.09091, 6.18182, 13.27273], "texture": "#2"},
				"up": {"uv": [9.27273, 7.63636, 8.72727, 6.90909], "texture": "#2"},
				"down": {"uv": [9.27273, 8, 8.72727, 8.72727], "texture": "#2"}
			}
		},
		{
			"from": [7.25, 6.12132, 6.5],
			"to": [8.75, 6.62132, 7],
			"rotation": {"angle": 45, "axis": "x", "origin": [8, 7.62132, 8]},
			"faces": {
				"north": {"uv": [13.45455, 13.09091, 14, 13.27273], "texture": "#2"},
				"east": {"uv": [14.54545, 12.36364, 14.72727, 12.54545], "texture": "#2"},
				"west": {"uv": [13.09091, 14.54545, 13.27273, 14.72727], "texture": "#2"},
				"down": {"uv": [14.36364, 0, 13.81818, 0.18182], "texture": "#2"}
			}
		},
		{
			"from": [7.25, 8.62132, 6.5],
			"to": [8.75, 9.12132, 7],
			"rotation": {"angle": 45, "axis": "x", "origin": [8, 7.62132, 8]},
			"faces": {
				"north": {"uv": [13.81818, 0.72727, 14.36364, 0.90909], "texture": "#2"},
				"east": {"uv": [14.54545, 13.09091, 14.72727, 13.27273], "texture": "#2"},
				"west": {"uv": [14.90909, 0, 15.09091, 0.18182], "texture": "#2"},
				"up": {"uv": [14.36364, 1.63636, 13.81818, 1.45455], "texture": "#2"},
				"down": {"uv": [2.36364, 13.81818, 1.81818, 14], "texture": "#2"}
			}
		},
		{
			"from": [7.25, 5.08579, 6.5],
			"to": [8.75, 5.58579, 7],
			"rotation": {"angle": 45, "axis": "x", "origin": [8, 4.08579, 8]},
			"faces": {
				"east": {"uv": [14.90909, 2.90909, 15.09091, 3.09091], "texture": "#2"},
				"south": {"uv": [0.72727, 14.18182, 1.27273, 14.36364], "texture": "#2"},
				"west": {"uv": [14.90909, 3.63636, 15.09091, 3.81818], "texture": "#2"},
				"down": {"uv": [14.72727, 7.27273, 14.18182, 7.45455], "texture": "#2"}
			}
		},
		{
			"from": [7.25, 8.62132, 7],
			"to": [8.75, 9.12132, 9],
			"rotation": {"angle": 45, "axis": "x", "origin": [8, 7.62132, 8]},
			"faces": {
				"east": {"uv": [6.54545, 13.09091, 7.27273, 13.27273], "texture": "#2"},
				"south": {"uv": [13.81818, 2.18182, 14.36364, 2.36364], "texture": "#2"},
				"west": {"uv": [13.09091, 7.27273, 13.81818, 7.45455], "texture": "#2"},
				"up": {"uv": [9.63636, 0.72727, 9.09091, 0], "texture": "#2"},
				"down": {"uv": [4.90909, 9.09091, 4.36364, 9.81818], "texture": "#2"}
			}
		},
		{
			"from": [7.25, 6.12132, 7],
			"to": [8.75, 6.62132, 9],
			"rotation": {"angle": -45, "axis": "x", "origin": [8, 7.62132, 8]},
			"faces": {
				"east": {"uv": [7.63636, 13.09091, 8.36364, 13.27273], "texture": "#2"},
				"west": {"uv": [13.09091, 8, 13.81818, 8.18182], "texture": "#2"},
				"up": {"uv": [6, 9.81818, 5.45455, 9.09091], "texture": "#2"},
				"down": {"uv": [9.27273, 9.09091, 8.72727, 9.81818], "texture": "#2"}
			}
		},
		{
			"from": [7.25, 6.12132, 9],
			"to": [8.75, 6.62132, 9.5],
			"rotation": {"angle": -45, "axis": "x", "origin": [8, 7.62132, 8]},
			"faces": {
				"east": {"uv": [0.72727, 14.90909, 0.90909, 15.09091], "texture": "#2"},
				"south": {"uv": [2.90909, 13.81818, 3.45455, 14], "texture": "#2"},
				"west": {"uv": [14.90909, 0.72727, 15.09091, 0.90909], "texture": "#2"},
				"down": {"uv": [14.36364, 2.90909, 13.81818, 3.09091], "texture": "#2"}
			}
		},
		{
			"from": [7.5, 6.37132, 6.75],
			"to": [8.5, 8.87132, 9.25],
			"rotation": {"angle": 45, "axis": "x", "origin": [8, 7.62132, 8]},
			"faces": {
				"east": {"uv": [5.81818, 2.90909, 6.72727, 3.81818], "texture": "#2"},
				"west": {"uv": [5.81818, 4.36364, 6.72727, 5.27273], "texture": "#2"}
			}
		},
		{
			"from": [7.25, 5.56066, 7.25],
			"to": [8.75, 6.06066, 8.75],
			"rotation": {"angle": -45, "axis": "y", "origin": [8, 5.81066, 8]},
			"faces": {
				"north": {"uv": [13.81818, 3.63636, 14.36364, 3.81818], "texture": "#2"},
				"east": {"uv": [4, 13.81818, 4.54545, 14], "texture": "#2"},
				"south": {"uv": [5.09091, 13.81818, 5.63636, 14], "texture": "#2"},
				"west": {"uv": [13.81818, 5.09091, 14.36364, 5.27273], "texture": "#2"},
				"up": {"uv": [1.63636, 11.09091, 1.09091, 10.54545], "texture": "#2"},
				"down": {"uv": [11.09091, 1.09091, 10.54545, 1.63636], "texture": "#2"}
			}
		},
		{
			"from": [7.42678, 4.56066, 7.5],
			"to": [8.67678, 5.56066, 8.75],
			"rotation": {"angle": -45, "axis": "y", "origin": [8.17678, 5.31066, 8]},
			"faces": {
				"north": {"uv": [0, 12.72727, 0.45455, 13.09091], "texture": "#2"},
				"east": {"uv": [12.72727, 0, 13.18182, 0.36364], "texture": "#2"},
				"south": {"uv": [12.72727, 0.72727, 13.18182, 1.09091], "texture": "#2"},
				"west": {"uv": [1.09091, 12.72727, 1.54545, 13.09091], "texture": "#2"}
			}
		},
		{
			"from": [7.25, 4.06066, 7.25],
			"to": [8.75, 4.56066, 8.75],
			"rotation": {"angle": -45, "axis": "y", "origin": [8, 4.31066, 8]},
			"faces": {
				"north": {"uv": [13.81818, 5.81818, 14.36364, 6], "texture": "#2"},
				"east": {"uv": [6.18182, 13.81818, 6.72727, 14], "texture": "#2"},
				"south": {"uv": [13.81818, 6.54545, 14.36364, 6.72727], "texture": "#2"},
				"west": {"uv": [7.27273, 13.81818, 7.81818, 14], "texture": "#2"},
				"up": {"uv": [2.72727, 11.09091, 2.18182, 10.54545], "texture": "#2"},
				"down": {"uv": [11.09091, 2.18182, 10.54545, 2.72727], "texture": "#2"}
			}
		},
		{
			"from": [7.67678, 0.56066, 7.57322],
			"to": [8.67678, 4.06066, 8.57322],
			"rotation": {"angle": -45, "axis": "y", "origin": [8.17678, 2.81066, 7.82322]},
			"faces": {
				"north": {"uv": [7.27273, 8, 7.63636, 9.27273], "texture": "#2"},
				"east": {"uv": [2.18182, 8.36364, 2.54545, 9.63636], "texture": "#2"},
				"south": {"uv": [2.90909, 8.72727, 3.27273, 10], "texture": "#2"},
				"west": {"uv": [3.63636, 8.72727, 4, 10], "texture": "#2"}
			}
		},
		{
			"from": [7.42678, 2.06066, 7.5],
			"to": [8.67678, 2.56066, 8.75],
			"rotation": {"angle": -45, "axis": "y", "origin": [8.17678, 2.31066, 8]},
			"faces": {
				"north": {"uv": [14.18182, 8, 14.63636, 8.18182], "texture": "#2"},
				"east": {"uv": [9.81818, 14.18182, 10.27273, 14.36364], "texture": "#2"},
				"south": {"uv": [10.90909, 14.18182, 11.36364, 14.36364], "texture": "#2"},
				"west": {"uv": [12, 14.18182, 12.45455, 14.36364], "texture": "#2"},
				"up": {"uv": [4.81818, 11.72727, 4.36364, 11.27273], "texture": "#2"},
				"down": {"uv": [11.72727, 4.36364, 11.27273, 4.81818], "texture": "#2"}
			}
		},
		{
			"from": [5, 6.25, 7],
			"to": [7, 7.75, 9],
			"rotation": {"angle": 22.5, "axis": "z", "origin": [6, 8, 8.0625]},
			"faces": {
				"north": {"uv": [0, 9.45455, 0.72727, 10], "texture": "#2"},
				"east": {"uv": [1.09091, 9.45455, 1.81818, 10], "texture": "#2"},
				"south": {"uv": [9.45455, 1.09091, 10.18182, 1.63636], "texture": "#2"},
				"west": {"uv": [9.45455, 5.81818, 10.18182, 6.36364], "texture": "#2"},
				"down": {"uv": [0.72727, 8.36364, 0, 9.09091], "texture": "#2"}
			}
		},
		{
			"from": [4.875, 7.75, 6.875],
			"to": [7.125, 8.5, 9.125],
			"rotation": {"angle": 22.5, "axis": "z", "origin": [6, 8, 8.0625]},
			"faces": {
				"north": {"uv": [7.27273, 10.90909, 8.09091, 11.18182], "texture": "#2"},
				"east": {"uv": [10.90909, 10.18182, 11.72727, 10.45455], "texture": "#2"},
				"south": {"uv": [10.90909, 10.90909, 11.72727, 11.18182], "texture": "#2"},
				"west": {"uv": [11.27273, 0, 12.09091, 0.27273], "texture": "#2"},
				"up": {"uv": [8.09091, 5.18182, 7.27273, 4.36364], "texture": "#2"},
				"down": {"uv": [8.45455, 0, 7.63636, 0.81818], "texture": "#2"}
			}
		},
		{
			"from": [5.625, 8.5, 8.125],
			"to": [6.375, 9.25, 8.875],
			"rotation": {"angle": 22.5, "axis": "z", "origin": [6, 8, 8.0625]},
			"faces": {
				"east": {"uv": [3.27273, 14.54545, 3.54545, 14.81818], "texture": "#2"},
				"south": {"uv": [4, 14.54545, 4.27273, 14.81818], "texture": "#2"},
				"west": {"uv": [14.54545, 4.36364, 14.81818, 4.63636], "texture": "#2"},
				"up": {"uv": [5, 14.81818, 4.72727, 14.54545], "texture": "#2"}
			}
		},
		{
			"from": [5.625, 8.5, 7.125],
			"to": [6.375, 9.5, 8.125],
			"rotation": {"angle": 22.5, "axis": "z", "origin": [6, 8, 8.0625]},
			"faces": {
				"north": {"uv": [8.36364, 13.81818, 8.63636, 14.18182], "texture": "#2"},
				"east": {"uv": [8.72727, 13.09091, 9.09091, 13.45455], "texture": "#2"},
				"south": {"uv": [9.09091, 13.81818, 9.36364, 14.18182], "texture": "#2"},
				"west": {"uv": [9.45455, 13.09091, 9.81818, 13.45455], "texture": "#2"},
				"up": {"uv": [13.72727, 14.18182, 13.45455, 13.81818], "texture": "#2"}
			}
		},
		{
			"from": [6.5378, 8.31743, 7.3625],
			"to": [7.7878, 8.34743, 8.6125],
			"rotation": {"angle": 45, "axis": "z", "origin": [6, 8, 8.0625]},
			"faces": {
				"up": {"uv": [5.90909, 11.72727, 5.45455, 11.27273], "texture": "#2"},
				"down": {"uv": [9.18182, 11.27273, 8.72727, 11.72727], "texture": "#2"}
			}
		},
		{
			"from": [4.2122, 8.31743, 7.3625],
			"to": [5.4622, 8.34743, 8.6125],
			"rotation": {"angle": 0, "axis": "z", "origin": [6, 8, 8.0625]},
			"faces": {
				"up": {"uv": [11.72727, 9.54545, 11.27273, 9.09091], "texture": "#2"},
				"down": {"uv": [10.27273, 11.27273, 9.81818, 11.72727], "texture": "#2"}
			}
		},
		{
			"from": [9, 6.25, 7],
			"to": [11, 7.75, 9],
			"rotation": {"angle": -22.5, "axis": "z", "origin": [10, 8, 7.9375]},
			"faces": {
				"north": {"uv": [9.45455, 1.09091, 10.18182, 1.63636], "texture": "#2"},
				"east": {"uv": [9.45455, 5.81818, 10.18182, 6.36364], "texture": "#2"},
				"south": {"uv": [0, 9.45455, 0.72727, 10], "texture": "#2"},
				"west": {"uv": [1.09091, 9.45455, 1.81818, 10], "texture": "#2"},
				"down": {"uv": [0, 9.09091, 0.72727, 8.36364], "texture": "#2"}
			}
		},
		{
			"from": [8.875, 7.75, 6.875],
			"to": [11.125, 8.5, 9.125],
			"rotation": {"angle": -22.5, "axis": "z", "origin": [10, 8, 7.9375]},
			"faces": {
				"north": {"uv": [10.90909, 10.90909, 11.72727, 11.18182], "texture": "#2"},
				"east": {"uv": [11.27273, 0, 12.09091, 0.27273], "texture": "#2"},
				"south": {"uv": [7.27273, 10.90909, 8.09091, 11.18182], "texture": "#2"},
				"west": {"uv": [10.90909, 10.18182, 11.72727, 10.45455], "texture": "#2"},
				"up": {"uv": [7.27273, 4.36364, 8.09091, 5.18182], "texture": "#2"},
				"down": {"uv": [7.63636, 0.81818, 8.45455, 0], "texture": "#2"}
			}
		},
		{
			"from": [9.625, 8.5, 7.125],
			"to": [10.375, 9.25, 7.875],
			"rotation": {"angle": -22.5, "axis": "z", "origin": [10, 8, 7.9375]},
			"faces": {
				"north": {"uv": [4, 14.54545, 4.27273, 14.81818], "texture": "#2"},
				"east": {"uv": [14.54545, 4.36364, 14.81818, 4.63636], "texture": "#2"},
				"west": {"uv": [3.27273, 14.54545, 3.54545, 14.81818], "texture": "#2"},
				"up": {"uv": [4.72727, 14.54545, 5, 14.81818], "texture": "#2"}
			}
		},
		{
			"from": [9.625, 8.5, 7.875],
			"to": [10.375, 9.5, 8.875],
			"rotation": {"angle": -22.5, "axis": "z", "origin": [10, 8, 7.9375]},
			"faces": {
				"north": {"uv": [9.09091, 13.81818, 9.36364, 14.18182], "texture": "#2"},
				"east": {"uv": [9.45455, 13.09091, 9.81818, 13.45455], "texture": "#2"},
				"south": {"uv": [8.36364, 13.81818, 8.63636, 14.18182], "texture": "#2"},
				"west": {"uv": [8.72727, 13.09091, 9.09091, 13.45455], "texture": "#2"},
				"up": {"uv": [13.45455, 13.81818, 13.72727, 14.18182], "texture": "#2"}
			}
		},
		{
			"from": [8.2122, 8.31743, 7.3875],
			"to": [9.4622, 8.34743, 8.6375],
			"rotation": {"angle": -45, "axis": "z", "origin": [10, 8, 7.9375]},
			"faces": {
				"up": {"uv": [5.45455, 11.27273, 5.90909, 11.72727], "texture": "#2"},
				"down": {"uv": [8.72727, 11.72727, 9.18182, 11.27273], "texture": "#2"}
			}
		},
		{
			"from": [10.5378, 8.31743, 7.3875],
			"to": [11.7878, 8.34743, 8.6375],
			"rotation": {"angle": 0, "axis": "z", "origin": [10, 8, 7.9375]},
			"faces": {
				"up": {"uv": [11.27273, 9.09091, 11.72727, 9.54545], "texture": "#2"},
				"down": {"uv": [9.81818, 11.72727, 10.27273, 11.27273], "texture": "#2"}
			}
		},
		{
			"from": [6.75, 6.79656, 4.9125],
			"to": [9.25, 7.79656, 6.4125],
			"rotation": {"angle": -22.5, "axis": "x", "origin": [8.5625, 8.10906, 5.6625]},
			"faces": {
				"north": {"uv": [9.81818, 4.72727, 10.72727, 5.09091], "texture": "#2"},
				"east": {"uv": [11.63636, 6.18182, 12.18182, 6.54545], "texture": "#2"},
				"south": {"uv": [9.81818, 9.45455, 10.72727, 9.81818], "texture": "#2"},
				"west": {"uv": [11.63636, 6.90909, 12.18182, 7.27273], "texture": "#2"},
				"down": {"uv": [9.27273, 2.54545, 8.36364, 3.09091], "texture": "#2"}
			}
		},
		{
			"from": [6.625, 7.79656, 4.7875],
			"to": [9.375, 8.54656, 6.5375],
			"rotation": {"angle": -22.5, "axis": "x", "origin": [8.5625, 8.10906, 5.6625]},
			"faces": {
				"north": {"uv": [10.54545, 7.63636, 11.54545, 7.90909], "texture": "#2"},
				"east": {"uv": [12.36364, 9.09091, 13, 9.36364], "texture": "#2"},
				"south": {"uv": [10.54545, 8.36364, 11.54545, 8.63636], "texture": "#2"},
				"west": {"uv": [9.81818, 12.36364, 10.45455, 12.63636], "texture": "#2"},
				"up": {"uv": [6.09091, 8.63636, 5.09091, 8], "texture": "#2"},
				"down": {"uv": [9, 5.81818, 8, 6.45455], "texture": "#2"}
			}
		},
		{
			"from": [8.125, 8.35522, 5.32556],
			"to": [8.625, 8.85522, 6.07556],
			"rotation": {"angle": -22.5, "axis": "x", "origin": [7.3125, 7.91772, 5.20056]},
			"faces": {
				"north": {"uv": [14.90909, 1.45455, 15.09091, 1.63636], "texture": "#2"},
				"east": {"uv": [14.54545, 10.90909, 14.81818, 11.09091], "texture": "#2"},
				"south": {"uv": [14.90909, 2.18182, 15.09091, 2.36364], "texture": "#2"},
				"up": {"uv": [14.72727, 11.90909, 14.54545, 11.63636], "texture": "#2"}
			}
		},
		{
			"from": [7.375, 8.35522, 5.32556],
			"to": [8.125, 9.10522, 6.07556],
			"rotation": {"angle": -22.5, "axis": "x", "origin": [7.3125, 7.91772, 5.20056]},
			"faces": {
				"north": {"uv": [5.45455, 14.54545, 5.72727, 14.81818], "texture": "#2"},
				"east": {"uv": [6.18182, 14.54545, 6.45455, 14.81818], "texture": "#2"},
				"south": {"uv": [6.90909, 14.54545, 7.18182, 14.81818], "texture": "#2"},
				"west": {"uv": [7.63636, 14.54545, 7.90909, 14.81818], "texture": "#2"},
				"up": {"uv": [8.63636, 14.81818, 8.36364, 14.54545], "texture": "#2"}
			}
		},
		{
			"from": [7.65, 8.36875, 4.39862],
			"to": [8.4, 8.39875, 5.14862],
			"rotation": {"angle": 0, "axis": "x", "origin": [8.1, 8.10906, 5.6625]},
			"faces": {
				"up": {"uv": [14.81818, 9, 14.54545, 8.72727], "texture": "#2"},
				"down": {"uv": [9.36364, 14.54545, 9.09091, 14.81818], "texture": "#2"}
			}
		},
		{
			"from": [7.65, 8.62294, 5.40281],
			"to": [8.4, 9.37294, 5.43281],
			"rotation": {"angle": 45, "axis": "x", "origin": [8.1, 8.10906, 5.6625]},
			"faces": {
				"north": {"uv": [14.54545, 9.45455, 14.81818, 9.72727], "texture": "#2"},
				"south": {"uv": [14.54545, 10.18182, 14.81818, 10.45455], "texture": "#2"}
			}
		},
		{
			"from": [6.75, 6.79656, 9.5875],
			"to": [9.25, 7.79656, 11.0875],
			"rotation": {"angle": 22.5, "axis": "x", "origin": [7.4375, 8.10906, 10.3375]},
			"faces": {
				"north": {"uv": [9.81818, 9.45455, 10.72727, 9.81818], "texture": "#2"},
				"east": {"uv": [11.63636, 6.90909, 12.18182, 7.27273], "texture": "#2"},
				"south": {"uv": [9.81818, 4.72727, 10.72727, 5.09091], "texture": "#2"},
				"west": {"uv": [11.63636, 6.18182, 12.18182, 6.54545], "texture": "#2"},
				"down": {"uv": [8.36364, 3.09091, 9.27273, 2.54545], "texture": "#2"}
			}
		},
		{
			"from": [6.625, 7.79656, 9.4625],
			"to": [9.375, 8.54656, 11.2125],
			"rotation": {"angle": 22.5, "axis": "x", "origin": [7.4375, 8.10906, 10.3375]},
			"faces": {
				"north": {"uv": [10.54545, 8.36364, 11.54545, 8.63636], "texture": "#2"},
				"east": {"uv": [9.81818, 12.36364, 10.45455, 12.63636], "texture": "#2"},
				"south": {"uv": [10.54545, 7.63636, 11.54545, 7.90909], "texture": "#2"},
				"west": {"uv": [12.36364, 9.09091, 13, 9.36364], "texture": "#2"},
				"up": {"uv": [5.09091, 8, 6.09091, 8.63636], "texture": "#2"},
				"down": {"uv": [8, 6.45455, 9, 5.81818], "texture": "#2"}
			}
		},
		{
			"from": [7.375, 8.35522, 9.92444],
			"to": [7.875, 8.85522, 10.67444],
			"rotation": {"angle": 22.5, "axis": "x", "origin": [8.6875, 7.91772, 10.79944]},
			"faces": {
				"north": {"uv": [14.90909, 2.18182, 15.09091, 2.36364], "texture": "#2"},
				"south": {"uv": [14.90909, 1.45455, 15.09091, 1.63636], "texture": "#2"},
				"west": {"uv": [14.54545, 10.90909, 14.81818, 11.09091], "texture": "#2"},
				"up": {"uv": [14.54545, 11.63636, 14.72727, 11.90909], "texture": "#2"}
			}
		},
		{
			"from": [7.875, 8.35522, 9.92444],
			"to": [8.625, 9.10522, 10.67444],
			"rotation": {"angle": 22.5, "axis": "x", "origin": [8.6875, 7.91772, 10.79944]},
			"faces": {
				"north": {"uv": [6.90909, 14.54545, 7.18182, 14.81818], "texture": "#2"},
				"east": {"uv": [7.63636, 14.54545, 7.90909, 14.81818], "texture": "#2"},
				"south": {"uv": [5.45455, 14.54545, 5.72727, 14.81818], "texture": "#2"},
				"west": {"uv": [6.18182, 14.54545, 6.45455, 14.81818], "texture": "#2"},
				"up": {"uv": [8.36364, 14.54545, 8.63636, 14.81818], "texture": "#2"}
			}
		},
		{
			"from": [7.6, 8.36875, 10.85138],
			"to": [8.35, 8.39875, 11.60138],
			"rotation": {"angle": 0, "axis": "x", "origin": [7.9, 8.10906, 10.3375]},
			"faces": {
				"up": {"uv": [14.54545, 8.72727, 14.81818, 9], "texture": "#2"},
				"down": {"uv": [9.09091, 14.81818, 9.36364, 14.54545], "texture": "#2"}
			}
		},
		{
			"from": [7.6, 8.62294, 10.56719],
			"to": [8.35, 9.37294, 10.59719],
			"rotation": {"angle": -45, "axis": "x", "origin": [7.9, 8.10906, 10.3375]},
			"faces": {
				"north": {"uv": [14.54545, 10.18182, 14.81818, 10.45455], "texture": "#2"},
				"south": {"uv": [14.54545, 9.45455, 14.81818, 9.72727], "texture": "#2"}
			}
		},
		{
			"from": [7.75, 8.5, 8],
			"to": [8.25, 11.5, 11],
			"rotation": {"angle": -45, "axis": "x", "origin": [7.75, 8.5, 8]},
			"faces": {
				"north": {"uv": [7.27273, 11.63636, 7.45455, 12.72727], "texture": "#2"},
				"east": {"uv": [5.09091, 0, 6.18182, 1.09091], "texture": "#2"},
				"south": {"uv": [8, 11.63636, 8.18182, 12.72727], "texture": "#2"},
				"west": {"uv": [5.09091, 1.45455, 6.18182, 2.54545], "texture": "#2"},
				"up": {"uv": [11.09091, 12.72727, 10.90909, 11.63636], "texture": "#2"},
				"down": {"uv": [11.81818, 11.63636, 11.63636, 12.72727], "texture": "#2"}
			}
		},
		{
			"from": [7.75, 15.03889, 8.5],
			"to": [8.25, 16.98389, 10.445],
			"rotation": {"angle": -45, "axis": "x", "origin": [7.75, 14.53889, 8]},
			"faces": {
				"north": {"uv": [10.18182, 13.09091, 10.36364, 13.81818], "texture": "#2"},
				"east": {"uv": [1.09091, 8.36364, 1.81818, 9.09091], "texture": "#2"},
				"south": {"uv": [10.90909, 13.09091, 11.09091, 13.81818], "texture": "#2"},
				"west": {"uv": [8.36364, 1.45455, 9.09091, 2.18182], "texture": "#2"},
				"up": {"uv": [11.81818, 13.81818, 11.63636, 13.09091], "texture": "#2"},
				"down": {"uv": [0.18182, 13.45455, 0, 14.18182], "texture": "#2"}
			}
		},
		{
			"from": [7.7535, 10.62132, 6.625],
			"to": [8.2465, 16.62132, 9.375],
			"rotation": {"angle": 0, "axis": "x", "origin": [8.0035, 14.62132, 8.125]},
			"faces": {
				"north": {"uv": [9.81818, 2.18182, 10, 4.36364], "texture": "#2"},
				"east": {"uv": [2.90909, 4, 3.90909, 6.18182], "texture": "#2"},
				"south": {"uv": [9.81818, 6.90909, 10, 9.09091], "texture": "#2"},
				"west": {"uv": [4.36364, 4, 5.36364, 6.18182], "texture": "#2"}
			}
		},
		{
			"from": [7.7535, 16.62132, 7.125],
			"to": [8.2465, 26.12132, 8.875],
			"rotation": {"angle": 0, "axis": "x", "origin": [8.0035, 20.62132, 8.125]},
			"faces": {
				"north": {"uv": [6.54545, 8, 6.72727, 11.45455], "texture": "#2"},
				"east": {"uv": [2.90909, 0, 3.54545, 3.45455], "texture": "#2"},
				"south": {"uv": [8, 6.90909, 8.18182, 10.36364], "texture": "#2"},
				"west": {"uv": [4, 0, 4.63636, 3.45455], "texture": "#2"}
			}
		},
		{
			"from": [7.75, 24.78882, 8.5],
			"to": [8.25, 26.02682, 9.738],
			"rotation": {"angle": -45, "axis": "x", "origin": [7.75, 24.28882, 8]},
			"faces": {
				"north": {"uv": [14.18182, 13.81818, 14.36364, 14.27273], "texture": "#2"},
				"east": {"uv": [0, 11.63636, 0.45455, 12.09091], "texture": "#2"},
				"south": {"uv": [0, 14.54545, 0.18182, 15], "texture": "#2"},
				"west": {"uv": [11.63636, 0.72727, 12.09091, 1.18182], "texture": "#2"},
				"up": {"uv": [2, 15, 1.81818, 14.54545], "texture": "#2"},
				"down": {"uv": [2.72727, 14.54545, 2.54545, 15], "texture": "#2"}
			}
		},
		{
			"from": [7.985, 9.125, 4.625],
			"to": [8.015, 31.125, 11.375],
			"rotation": {"angle": 0, "axis": "y", "origin": [6.985, 9.125, 4.375]},
			"faces": {
				"east": {"uv": [2.45455, 0, 0, 8], "texture": "#2"},
				"west": {"uv": [0, 0, 2.45455, 8], "texture": "#2"}
			}
		},
		{
			"from": [6.36612, 5.77487, 9.70165],
			"to": [6.39612, 10.77487, 10.95165],
			"rotation": {"angle": -22.5, "axis": "y", "origin": [6.36612, 6.77487, 9.70165]},
			"faces": {
				"east": {"uv": [6.27273, 5.81818, 5.81818, 7.63636], "texture": "#2"},
				"west": {"uv": [5.81818, 5.81818, 6.27273, 7.63636], "texture": "#2"}
			}
		},
		{
			"from": [7.25, 5.77487, 8.81777],
			"to": [7.28, 10.77487, 10.06777],
			"rotation": {"angle": -45, "axis": "y", "origin": [7.25, 6.77487, 8.81777]},
			"faces": {
				"east": {"uv": [4.45455, 6.54545, 4, 8.36364], "texture": "#2"},
				"west": {"uv": [4, 6.54545, 4.45455, 8.36364], "texture": "#2"}
			}
		},
		{
			"from": [6.79896, 5.77487, 10.5801],
			"to": [6.82896, 10.77487, 11.8301],
			"rotation": {"angle": 22.5, "axis": "y", "origin": [7.03813, 8.27487, 13.00874]},
			"faces": {
				"east": {"uv": [7, 0, 6.54545, 1.81818], "texture": "#2"},
				"west": {"uv": [6.54545, 0, 7, 1.81818], "texture": "#2"}
			}
		},
		{
			"from": [7.26821, 5.77487, 11.82829],
			"to": [7.29821, 10.77487, 13.07829],
			"rotation": {"angle": 45, "axis": "y", "origin": [7.03813, 8.27487, 13.00874]},
			"faces": {
				"east": {"uv": [3.36364, 6.54545, 2.90909, 8.36364], "texture": "#2"},
				"west": {"uv": [2.90909, 6.54545, 3.36364, 8.36364], "texture": "#2"}
			}
		},
		{
			"from": [7.27081, 5.77487, 12.97522],
			"to": [7.30081, 10.77487, 14.22522],
			"rotation": {"angle": 22.5, "axis": "y", "origin": [7.03163, 8.27487, 12.99901]},
			"faces": {
				"east": {"uv": [7.36364, 5.81818, 6.90909, 7.63636], "texture": "#2"},
				"west": {"uv": [6.90909, 5.81818, 7.36364, 7.63636], "texture": "#2"}
			}
		},
		{
			"from": [7.71957, 5.77487, 14.02887],
			"to": [7.74957, 10.77487, 15.27887],
			"rotation": {"angle": 0, "axis": "y", "origin": [7.02935, 8.27487, 12.98753]},
			"faces": {
				"east": {"uv": [7.72727, 2.18182, 7.27273, 4], "texture": "#2"},
				"west": {"uv": [7.27273, 2.18182, 7.72727, 4], "texture": "#2"}
			}
		},
		{
			"from": [6.36612, 5.77487, 5.04835],
			"to": [6.39612, 10.77487, 6.29835],
			"rotation": {"angle": 22.5, "axis": "y", "origin": [6.36612, 6.77487, 6.29835]},
			"faces": {
				"east": {"uv": [5.81818, 5.81818, 6.27273, 7.63636], "texture": "#2"},
				"west": {"uv": [6.27273, 5.81818, 5.81818, 7.63636], "texture": "#2"}
			}
		},
		{
			"from": [6.79896, 5.77487, 4.1699],
			"to": [6.82896, 10.77487, 5.4199],
			"rotation": {"angle": -22.5, "axis": "y", "origin": [7.03813, 8.27487, 2.99126]},
			"faces": {
				"east": {"uv": [6.54545, 0, 7, 1.81818], "texture": "#2"},
				"west": {"uv": [7, 0, 6.54545, 1.81818], "texture": "#2"}
			}
		},
		{
			"from": [7.26821, 5.77487, 2.92171],
			"to": [7.29821, 10.77487, 4.17171],
			"rotation": {"angle": -45, "axis": "y", "origin": [7.03813, 8.27487, 2.99126]},
			"faces": {
				"east": {"uv": [2.90909, 6.54545, 3.36364, 8.36364], "texture": "#2"},
				"west": {"uv": [3.36364, 6.54545, 2.90909, 8.36364], "texture": "#2"}
			}
		},
		{
			"from": [7.25, 5.77487, 5.93223],
			"to": [7.28, 10.77487, 7.18223],
			"rotation": {"angle": 45, "axis": "y", "origin": [7.25, 6.77487, 7.18223]},
			"faces": {
				"east": {"uv": [4, 6.54545, 4.45455, 8.36364], "texture": "#2"},
				"west": {"uv": [4.45455, 6.54545, 4, 8.36364], "texture": "#2"}
			}
		},
		{
			"from": [7.27081, 5.77487, 1.77478],
			"to": [7.30081, 10.77487, 3.02478],
			"rotation": {"angle": -22.5, "axis": "y", "origin": [7.03163, 8.27487, 3.00099]},
			"faces": {
				"east": {"uv": [6.90909, 5.81818, 7.36364, 7.63636], "texture": "#2"},
				"west": {"uv": [7.36364, 5.81818, 6.90909, 7.63636], "texture": "#2"}
			}
		},
		{
			"from": [7.71957, 5.77487, 0.72113],
			"to": [7.74957, 10.77487, 1.97113],
			"rotation": {"angle": 0, "axis": "y", "origin": [7.02935, 8.27487, 3.01247]},
			"faces": {
				"east": {"uv": [7.27273, 2.18182, 7.72727, 4], "texture": "#2"},
				"west": {"uv": [7.72727, 2.18182, 7.27273, 4], "texture": "#2"}
			}
		},
		{
			"from": [9.60388, 5.77487, 5.04835],
			"to": [9.63388, 10.77487, 6.29835],
			"rotation": {"angle": -22.5, "axis": "y", "origin": [9.63388, 6.77487, 6.29835]},
			"faces": {
				"east": {"uv": [5.81818, 5.81818, 6.27273, 7.63636], "texture": "#2"},
				"west": {"uv": [6.27273, 5.81818, 5.81818, 7.63636], "texture": "#2"}
			}
		},
		{
			"from": [9.17104, 5.77487, 4.1699],
			"to": [9.20104, 10.77487, 5.4199],
			"rotation": {"angle": 22.5, "axis": "y", "origin": [8.96187, 8.27487, 2.99126]},
			"faces": {
				"east": {"uv": [6.54545, 0, 7, 1.81818], "texture": "#2"},
				"west": {"uv": [7, 0, 6.54545, 1.81818], "texture": "#2"}
			}
		},
		{
			"from": [8.70179, 5.77487, 2.92171],
			"to": [8.73179, 10.77487, 4.17171],
			"rotation": {"angle": 45, "axis": "y", "origin": [8.96187, 8.27487, 2.99126]},
			"faces": {
				"east": {"uv": [2.90909, 6.54545, 3.36364, 8.36364], "texture": "#2"},
				"west": {"uv": [3.36364, 6.54545, 2.90909, 8.36364], "texture": "#2"}
			}
		},
		{
			"from": [8.72, 5.77487, 5.93223],
			"to": [8.75, 10.77487, 7.18223],
			"rotation": {"angle": -45, "axis": "y", "origin": [8.75, 6.77487, 7.18223]},
			"faces": {
				"east": {"uv": [4, 6.54545, 4.45455, 8.36364], "texture": "#2"},
				"west": {"uv": [4.45455, 6.54545, 4, 8.36364], "texture": "#2"}
			}
		},
		{
			"from": [8.69919, 5.77487, 1.77478],
			"to": [8.72919, 10.77487, 3.02478],
			"rotation": {"angle": 22.5, "axis": "y", "origin": [8.96837, 8.27487, 3.00099]},
			"faces": {
				"east": {"uv": [6.90909, 5.81818, 7.36364, 7.63636], "texture": "#2"},
				"west": {"uv": [7.36364, 5.81818, 6.90909, 7.63636], "texture": "#2"}
			}
		},
		{
			"from": [8.25043, 5.77487, 0.72113],
			"to": [8.28043, 10.77487, 1.97113],
			"rotation": {"angle": 0, "axis": "y", "origin": [8.97065, 8.27487, 3.01247]},
			"faces": {
				"east": {"uv": [7.27273, 2.18182, 7.72727, 4], "texture": "#2"},
				"west": {"uv": [7.72727, 2.18182, 7.27273, 4], "texture": "#2"}
			}
		},
		{
			"from": [8.72, 5.77487, 8.81777],
			"to": [8.75, 10.77487, 10.06777],
			"rotation": {"angle": 45, "axis": "y", "origin": [8.75, 6.77487, 8.81777]},
			"faces": {
				"east": {"uv": [4.45455, 6.54545, 4, 8.36364], "texture": "#2"},
				"west": {"uv": [4, 6.54545, 4.45455, 8.36364], "texture": "#2"}
			}
		},
		{
			"from": [9.60388, 5.77487, 9.70165],
			"to": [9.63388, 10.77487, 10.95165],
			"rotation": {"angle": 22.5, "axis": "y", "origin": [9.63388, 6.77487, 9.70165]},
			"faces": {
				"east": {"uv": [6.27273, 5.81818, 5.81818, 7.63636], "texture": "#2"},
				"west": {"uv": [5.81818, 5.81818, 6.27273, 7.63636], "texture": "#2"}
			}
		},
		{
			"from": [9.17104, 5.77487, 10.5801],
			"to": [9.20104, 10.77487, 11.8301],
			"rotation": {"angle": -22.5, "axis": "y", "origin": [8.96187, 8.27487, 13.00874]},
			"faces": {
				"east": {"uv": [7, 0, 6.54545, 1.81818], "texture": "#2"},
				"west": {"uv": [6.54545, 0, 7, 1.81818], "texture": "#2"}
			}
		},
		{
			"from": [8.70179, 5.77487, 11.82829],
			"to": [8.73179, 10.77487, 13.07829],
			"rotation": {"angle": -45, "axis": "y", "origin": [8.96187, 8.27487, 13.00874]},
			"faces": {
				"east": {"uv": [3.36364, 6.54545, 2.90909, 8.36364], "texture": "#2"},
				"west": {"uv": [2.90909, 6.54545, 3.36364, 8.36364], "texture": "#2"}
			}
		},
		{
			"from": [8.69919, 5.77487, 12.97522],
			"to": [8.72919, 10.77487, 14.22522],
			"rotation": {"angle": -22.5, "axis": "y", "origin": [8.96837, 8.27487, 12.99901]},
			"faces": {
				"east": {"uv": [7.36364, 5.81818, 6.90909, 7.63636], "texture": "#2"},
				"west": {"uv": [6.90909, 5.81818, 7.36364, 7.63636], "texture": "#2"}
			}
		},
		{
			"from": [8.25043, 5.77487, 14.02887],
			"to": [8.28043, 10.77487, 15.27887],
			"rotation": {"angle": 0, "axis": "y", "origin": [8.97065, 8.27487, 12.98753]},
			"faces": {
				"east": {"uv": [7.72727, 2.18182, 7.27273, 4], "texture": "#2"},
				"west": {"uv": [7.27273, 2.18182, 7.72727, 4], "texture": "#2"}
			}
		},
		{
			"from": [7.25, 5, 5.5],
			"to": [8.75, 6, 7],
			"rotation": {"angle": 22.5, "axis": "x", "origin": [8, 6, 6.25]},
			"faces": {
				"north": {"uv": [12, 7.63636, 12.54545, 8], "texture": "#2"},
				"east": {"uv": [12, 8.36364, 12.54545, 8.72727], "texture": "#2"},
				"south": {"uv": [2.90909, 12.36364, 3.45455, 12.72727], "texture": "#2"},
				"west": {"uv": [4, 12.36364, 4.54545, 12.72727], "texture": "#2"},
				"up": {"uv": [3.81818, 11.09091, 3.27273, 10.54545], "texture": "#2"},
				"down": {"uv": [11.09091, 3.27273, 10.54545, 3.81818], "texture": "#2"}
			}
		},
		{
			"from": [7.375, 6, 5.625],
			"to": [8.625, 7, 6.875],
			"rotation": {"angle": 22.5, "axis": "x", "origin": [8, 6, 6.25]},
			"faces": {
				"north": {"uv": [12.72727, 1.45455, 13.18182, 1.81818], "texture": "#2"},
				"east": {"uv": [12.72727, 2.18182, 13.18182, 2.54545], "texture": "#2"},
				"south": {"uv": [12.72727, 2.90909, 13.18182, 3.27273], "texture": "#2"},
				"west": {"uv": [12.72727, 3.63636, 13.18182, 4], "texture": "#2"},
				"up": {"uv": [1.54545, 12.09091, 1.09091, 11.63636], "texture": "#2"}
			}
		},
		{
			"from": [7.25, 5, 9],
			"to": [8.75, 6, 10.5],
			"rotation": {"angle": -22.5, "axis": "x", "origin": [8, 6, 9.75]},
			"faces": {
				"north": {"uv": [12.36364, 4.36364, 12.90909, 4.72727], "texture": "#2"},
				"east": {"uv": [5.09091, 12.36364, 5.63636, 12.72727], "texture": "#2"},
				"south": {"uv": [6.18182, 12.36364, 6.72727, 12.72727], "texture": "#2"},
				"west": {"uv": [8.72727, 12.36364, 9.27273, 12.72727], "texture": "#2"},
				"up": {"uv": [11.09091, 6, 10.54545, 5.45455], "texture": "#2"},
				"down": {"uv": [11.09091, 6.54545, 10.54545, 7.09091], "texture": "#2"}
			}
		},
		{
			"from": [7.375, 6, 9.125],
			"to": [8.625, 7, 10.375],
			"rotation": {"angle": -22.5, "axis": "x", "origin": [8, 6, 9.75]},
			"faces": {
				"north": {"uv": [12.72727, 5.09091, 13.18182, 5.45455], "texture": "#2"},
				"east": {"uv": [12.72727, 5.81818, 13.18182, 6.18182], "texture": "#2"},
				"south": {"uv": [12.72727, 6.54545, 13.18182, 6.90909], "texture": "#2"},
				"west": {"uv": [12.36364, 12.72727, 12.81818, 13.09091], "texture": "#2"},
				"up": {"uv": [12.09091, 2.27273, 11.63636, 1.81818], "texture": "#2"}
			}
		},
		{
			"from": [7.99953, 10, 5.22836],
			"to": [8.02953, 17, 8.22836],
			"rotation": {"angle": -22.5, "axis": "y", "origin": [7.99953, 10, 5.22836]},
			"faces": {
				"east": {"uv": [2.4, 0, 0, 5.6], "texture": "#3"},
				"west": {"uv": [0, 0, 2.4, 5.6], "texture": "#3"}
			}
		},
		{
			"from": [7.99953, 10, 7.77164],
			"to": [8.02953, 17, 10.77164],
			"rotation": {"angle": 22.5, "axis": "y", "origin": [7.99953, 10, 10.77164]},
			"faces": {
				"east": {"uv": [4.8, 0, 2.4, 5.6], "texture": "#3"},
				"west": {"uv": [2.4, 0, 4.8, 5.6], "texture": "#3"}
			}
		},
		{
			"from": [7.97275, 10, 5.23946],
			"to": [8.00275, 17, 8.23946],
			"rotation": {"angle": 22.5, "axis": "y", "origin": [7.97275, 10, 5.23946]},
			"faces": {
				"east": {"uv": [7.2, 0, 9.6, 5.6], "texture": "#3"},
				"west": {"uv": [9.6, 0, 7.2, 5.6], "texture": "#3"}
			}
		},
		{
			"from": [7.97275, 10, 7.75978],
			"to": [8.00275, 17, 10.75978],
			"rotation": {"angle": -22.5, "axis": "y", "origin": [7.97275, 10, 10.75978]},
			"faces": {
				"east": {"uv": [4.8, 0, 7.2, 5.6], "texture": "#3"},
				"west": {"uv": [7.2, 0, 4.8, 5.6], "texture": "#3"}
			}
		},
		{
			"from": [7.78095, 17, 5.73965],
			"to": [7.81095, 23, 8.23965],
			"rotation": {"angle": 22.5, "axis": "y", "origin": [7.78095, 17, 5.23965]},
			"faces": {
				"east": {"uv": [6, 6, 8, 10.8], "texture": "#3"},
				"west": {"uv": [8, 6, 6, 10.8], "texture": "#3"}
			}
		},
		{
			"from": [7.78095, 17, 7.75997],
			"to": [7.81095, 23, 10.25997],
			"rotation": {"angle": -22.5, "axis": "y", "origin": [7.78095, 17, 10.75997]},
			"faces": {
				"east": {"uv": [4, 6, 6, 10.8], "texture": "#3"},
				"west": {"uv": [6, 6, 4, 10.8], "texture": "#3"}
			}
		},
		{
			"from": [8.19133, 17, 7.77145],
			"to": [8.22133, 23, 10.27145],
			"rotation": {"angle": 22.5, "axis": "y", "origin": [8.19133, 17, 10.77145]},
			"faces": {
				"east": {"uv": [4, 6, 2, 10.8], "texture": "#3"},
				"west": {"uv": [2, 6, 4, 10.8], "texture": "#3"}
			}
		},
		{
			"from": [8.19133, 17, 5.72817],
			"to": [8.22133, 23, 8.22817],
			"rotation": {"angle": -22.5, "axis": "y", "origin": [8.19133, 17, 5.22817]},
			"faces": {
				"east": {"uv": [2, 6, 0, 10.8], "texture": "#3"},
				"west": {"uv": [0, 6, 2, 10.8], "texture": "#3"}
			}
		},
		{
			"from": [8.38268, 23, 6.22817],
			"to": [8.41268, 31, 8.22817],
			"rotation": {"angle": -22.5, "axis": "y", "origin": [8.38268, 23, 5.22817]},
			"faces": {
				"east": {"uv": [10, 6, 8.4, 12.4], "texture": "#3"},
				"west": {"uv": [8.4, 6, 10, 12.4], "texture": "#3"}
			}
		},
		{
			"from": [8.38268, 23, 7.77145],
			"to": [8.41268, 31, 9.77145],
			"rotation": {"angle": 22.5, "axis": "y", "origin": [8.38268, 23, 10.77145]},
			"faces": {
				"east": {"uv": [11.6, 6, 10, 12.4], "texture": "#3"},
				"west": {"uv": [10, 6, 11.6, 12.4], "texture": "#3"}
			}
		},
		{
			"from": [7.5896, 23, 6.23965],
			"to": [7.6196, 31, 8.23965],
			"rotation": {"angle": 22.5, "axis": "y", "origin": [7.5896, 23, 5.23965]},
			"faces": {
				"east": {"uv": [13.2, 6, 14.8, 12.4], "texture": "#3"},
				"west": {"uv": [14.8, 6, 13.2, 12.4], "texture": "#3"}
			}
		},
		{
			"from": [7.5896, 23, 7.75997],
			"to": [7.6196, 31, 9.75997],
			"rotation": {"angle": -22.5, "axis": "y", "origin": [7.5896, 23, 10.75997]},
			"faces": {
				"east": {"uv": [11.6, 6, 13.2, 12.4], "texture": "#3"},
				"west": {"uv": [13.2, 6, 11.6, 12.4], "texture": "#3"}
			}
		}
	],
	"gui_light": "front",
	"display": {
		"thirdperson_righthand": {
			"translation": [0, 3.75, 0.75]
		},
		"thirdperson_lefthand": {
			"translation": [0, 3.75, 0.75]
		},
		"firstperson_righthand": {
			"rotation": [10, 0, 0],
			"translation": [2, 2, 0],
			"scale": [0.7, 0.7, 0.7]
		},
		"firstperson_lefthand": {
			"rotation": [10, 0, 0],
			"translation": [2, 2, 0],
			"scale": [0.7, 0.7, 0.7]
		},
		"ground": {
			"rotation": [45, 0, 0],
			"translation": [0, 3, 0],
			"scale": [0.7, 0.7, 0.7]
		},
		"gui": {
			"rotation": [-90, 45, 90],
			"translation": [3, -3, 0],
			"scale": [0.7, 0.7, 0.7]
		},
		"head": {
			"rotation": [0, -90, 0]
		},
		"fixed": {
			"rotation": [0, -90, 0],
			"translation": [0, 0, -1.75],
			"scale": [2, 2, 2]
		}
	},
	"groups": [
		{
			"name": "sword",
			"origin": [8, 6, 9.75],
			"color": 0,
			"children": [
				0,
				1,
				2,
				3,
				4,
				5,
				6,
				7,
				8,
				9,
				10,
				11,
				12,
				13,
				14,
				15,
				16,
				17,
				18,
				19,
				20,
				21,
				22,
				23,
				24,
				25,
				26,
				27,
				28,
				29,
				30,
				31,
				32,
				33,
				34,
				35,
				36,
				37,
				38,
				39,
				40,
				41,
				42,
				43,
				44,
				45,
				46,
				47,
				48,
				49,
				50,
				51,
				52,
				53,
				54,
				55,
				56,
				57,
				58,
				59,
				60,
				61,
				62,
				63,
				64,
				65,
				66,
				67,
				68,
				69,
				70,
				71,
				72,
				73,
				74,
				75,
				76,
				77,
				78,
				79,
				80,
				81,
				82,
				83,
				84,
				85,
				86,
				87,
				88
			]
		}
	]
}